2026.08.22 23:43:13 INFO  Started: Metals version 1.6.8 in folders 'C:\Users\PC\gest-paiement\gestion-paiements-v2' for client Visual Studio Code 1.134.0.
2026.08.22 23:43:13 INFO  Memory monitor started
2026.08.22 23:43:16 WARN  Using H2 2.4.240 which is newer than the version Flyway has been verified with. The latest verified version of H2 is 2.3.232.
2026.08.22 23:43:55 INFO  no build target found for C:\Users\PC\gest-paiement\gestion-paiements-v2\src\main\java\com\gestionpaiements\app\service\ExcelFileManagerService.java. Using fallback presentation compiler.
2026.08.22 23:43:55 WARN  no build target for: C:\Users\PC\gest-paiement\gestion-paiements-v2\src\main\java\com\gestionpaiements\app\service\ExcelFileManagerService.java
2026.08.22 23:43:55 INFO  no build target found for C:\Users\PC\gest-paiement\gestion-paiements-v2\src\main\java\com\gestionpaiements\app\service\ExcelFileManagerService.java. Using fallback presentation compiler.
2026.08.22 23:43:56 INFO  no build target found for C:\Users\PC\gest-paiement\gestion-paiements-v2\src\main\java\com\gestionpaiements\app\service\ExcelFileManagerService.java. Using fallback presentation compiler.
2026.08.22 23:44:03 INFO  no build target found for C:\Users\PC\gest-paiement\gestion-paiements-v2\src\main\java\com\gestionpaiements\app\service\ExcelFileManagerService.java. Using fallback presentation compiler.
2026.08.22 23:44:03 INFO  no build target found for C:\Users\PC\gest-paiement\gestion-paiements-v2\src\main\java\com\gestionpaiements\app\service\ExcelFileManagerService.java. Using fallback presentation compiler.
2026.08.22 23:44:03 INFO  no build target found for C:\Users\PC\gest-paiement\gestion-paiements-v2\src\main\java\com\gestionpaiements\app\service\ExcelFileManagerService.java. Using fallback presentation compiler.
2026.08.22 23:44:04 INFO  no build target found for C:\Users\PC\gest-paiement\gestion-paiements-v2\src\main\java\com\gestionpaiements\app\service\ExcelFileManagerService.java. Using fallback presentation compiler.
2026.08.22 23:44:05 INFO  no build target found for C:\Users\PC\gest-paiement\gestion-paiements-v2\src\main\java\com\gestionpaiements\app\service\ExcelFileManagerService.java. Using fallback presentation compiler.
2026.08.22 23:44:05 INFO  no build target found for C:\Users\PC\gest-paiement\gestion-paiements-v2\src\main\java\com\gestionpaiements\app\service\ExcelFileManagerService.java. Using fallback presentation compiler.
2026.08.22 23:44:04 INFO  no build target found for C:\Users\PC\gest-paiement\gestion-paiements-v2\src\main\java\com\gestionpaiements\app\service\ExcelFileManagerService.java. Using fallback presentation compiler.
2026.08.22 23:44:08 INFO  no build target found for C:\Users\PC\gest-paiement\gestion-paiements-v2\src\main\java\com\gestionpaiements\app\service\ExcelFileManagerService.java. Using fallback presentation compiler.
2026.08.22 23:44:12 WARN  no build target for: C:\Users\PC\gest-paiement\gestion-paiements-v2\src\main\java\com\gestionpaiements\app\service\ExcelFileManagerService.java
2026.08.22 23:44:12 INFO  no build target found for C:\Users\PC\gest-paiement\gestion-paiements-v2\src\main\java\com\gestionpaiements\app\service\ExcelFileManagerService.java. Using fallback presentation compiler.
2026.08.22 23:44:30 INFO  no build target found for C:\Users\PC\gest-paiement\gestion-paiements-v2\src\main\java\com\gestionpaiements\app\service\ExcelFileManagerService.java. Using fallback presentation compiler.
2026.08.22 23:44:34 INFO  no build target found for C:\Users\PC\gest-paiement\gestion-paiements-v2\src\main\java\com\gestionpaiements\app\service\ExcelFileManagerService.java. Using fallback presentation compiler.
2026.08.22 23:47:22 INFO  no build target found for C:\Users\PC\gest-paiement\gestion-paiements-v2\src\main\java\com\gestionpaiements\app\service\ExcelFileManagerService.java. Using fallback presentation compiler.
2026.08.22 23:47:33 INFO  no build target found for C:\Users\PC\gest-paiement\gestion-paiements-v2\src\main\java\com\gestionpaiements\app\controller\AjouterPaiementController.java. Using fallback presentation compiler.
2026.08.22 23:47:33 INFO  no build target found for C:\Users\PC\gest-paiement\gestion-paiements-v2\src\main\java\com\gestionpaiements\app\controller\AjouterPaiementController.java. Using fallback presentation compiler.
août 22, 2026 11:47:33 PM org.eclipse.lsp4j.jsonrpc.RemoteEndpoint handleCancellation
AVERTISSEMENT: Unmatched cancel notification for request id 79
2026.08.22 23:47:33 INFO  no build target found for C:\Users\PC\gest-paiement\gestion-paiements-v2\src\main\java\com\gestionpaiements\app\controller\AjouterPaiementController.java. Using fallback presentation compiler.
2026.08.22 23:47:34 INFO  no build target found for C:\Users\PC\gest-paiement\gestion-paiements-v2\src\main\java\com\gestionpaiements\app\controller\AjouterPaiementController.java. Using fallback presentation compiler.
2026.08.22 23:48:30 INFO  no build target found for C:\Users\PC\gest-paiement\gestion-paiements-v2\src\main\java\com\gestionpaiements\app\controller\AjouterPaiementController.java. Using fallback presentation compiler.
2026.08.22 23:48:55 INFO  no build target found for C:\Users\PC\gest-paiement\gestion-paiements-v2\src\main\java\com\gestionpaiements\app\controller\AjouterPaiementController.java. Using fallback presentation compiler.
2026.08.22 23:48:55 INFO  no build target found for C:\Users\PC\gest-paiement\gestion-paiements-v2\src\main\java\com\gestionpaiements\app\controller\AjouterPaiementController.java. Using fallback presentation compiler.
2026.08.22 23:48:55 INFO  no build target found for C:\Users\PC\gest-paiement\gestion-paiements-v2\src\main\java\com\gestionpaiements\app\controller\AjouterPaiementController.java. Using fallback presentation compiler.
2026.08.22 23:49:37 INFO  no build target found for C:\Users\PC\gest-paiement\gestion-paiements-v2\src\main\java\com\gestionpaiements\app\controller\AjouterPaiementController.java. Using fallback presentation compiler.
2026.08.22 23:51:38 INFO  Shutting down server
2026.08.22 23:51:38 INFO  Memory monitor stopped
2026.08.22 23:51:38 INFO  shutting down Metals
2026.08.23 22:40:05 INFO  Started: Metals version 1.6.8 in folders 'C:\Users\PC\gest-paiement\gestion-paiements-v2' for client Visual Studio Code 1.134.0.
2026.08.23 22:40:05 INFO  Memory monitor started
2026.08.23 22:40:11 WARN  Using H2 2.4.240 which is newer than the version Flyway has been verified with. The latest verified version of H2 is 2.3.232.
2026.08.23 22:40:11 INFO  no build target found for C:\Users\PC\gest-paiement\gestion-paiements-v2\src\main\java\com\gestionpaiements\app\controller\MainViewController.java. Using fallback presentation compiler.
2026.08.23 22:40:12 INFO  no build target found for C:\Users\PC\gest-paiement\gestion-paiements-v2\src\main\java\com\gestionpaiements\app\controller\MainViewController.java. Using fallback presentation compiler.
2026.08.23 22:40:12 INFO  no build target found for C:\Users\PC\gest-paiement\gestion-paiements-v2\src\main\java\com\gestionpaiements\app\controller\MainViewController.java. Using fallback presentation compiler.
2026.08.23 22:40:16 INFO  no build target found for C:\Users\PC\gest-paiement\gestion-paiements-v2\src\main\java\com\gestionpaiements\app\controller\MainViewController.java. Using fallback presentation compiler.
août 23, 2026 10:40:16 PM org.eclipse.lsp4j.jsonrpc.RemoteEndpoint handleCancellation
AVERTISSEMENT: Unmatched cancel notification for request id 10
août 23, 2026 10:40:17 PM org.eclipse.lsp4j.jsonrpc.RemoteEndpoint handleCancellation
AVERTISSEMENT: Unmatched cancel notification for request id 11
2026.08.23 22:40:16 INFO  no build target found for C:\Users\PC\gest-paiement\gestion-paiements-v2\src\main\java\com\gestionpaiements\app\controller\MainViewController.java. Using fallback presentation compiler.
août 23, 2026 10:40:17 PM org.eclipse.lsp4j.jsonrpc.RemoteEndpoint handleCancellation
AVERTISSEMENT: Unmatched cancel notification for request id 2
2026.08.23 22:40:16 INFO  no build target found for C:\Users\PC\gest-paiement\gestion-paiements-v2\src\main\java\com\gestionpaiements\app\controller\MainViewController.java. Using fallback presentation compiler.
août 23, 2026 10:40:17 PM org.eclipse.lsp4j.jsonrpc.RemoteEndpoint handleCancellation
AVERTISSEMENT: Unmatched cancel notification for request id 12
2026.08.23 22:40:16 INFO  no build target found for C:\Users\PC\gest-paiement\gestion-paiements-v2\src\main\java\com\gestionpaiements\app\controller\MainViewController.java. Using fallback presentation compiler.
août 23, 2026 10:40:17 PM org.eclipse.lsp4j.jsonrpc.RemoteEndpoint handleCancellation
AVERTISSEMENT: Unmatched cancel notification for request id 13
2026.08.23 22:40:16 INFO  no build target found for C:\Users\PC\gest-paiement\gestion-paiements-v2\src\main\java\com\gestionpaiements\app\controller\MainViewController.java. Using fallback presentation compiler.
2026.08.23 22:40:16 INFO  no build target found for C:\Users\PC\gest-paiement\gestion-paiements-v2\src\main\java\com\gestionpaiements\app\controller\MainViewController.java. Using fallback presentation compiler.
2026.08.23 22:40:18 WARN  no build target for: C:\Users\PC\gest-paiement\gestion-paiements-v2\src\main\java\com\gestionpaiements\app\controller\MainViewController.java
2026.08.23 22:40:18 INFO  no build target found for C:\Users\PC\gest-paiement\gestion-paiements-v2\src\main\java\com\gestionpaiements\app\controller\MainViewController.java. Using fallback presentation compiler.
2026.08.23 22:40:18 INFO  time: code lens generation in 1.05s
2026.08.23 22:40:23 INFO  no build target found for C:\Users\PC\gest-paiement\gestion-paiements-v2\src\main\java\com\gestionpaiements\app\controller\MainViewController.java. Using fallback presentation compiler.
2026.08.23 22:40:23 INFO  no build target found for C:\Users\PC\gest-paiement\gestion-paiements-v2\src\main\java\com\gestionpaiements\app\controller\MainViewController.java. Using fallback presentation compiler.
2026.08.23 22:40:23 INFO  no build target found for C:\Users\PC\gest-paiement\gestion-paiements-v2\src\main\java\com\gestionpaiements\app\controller\MainViewController.java. Using fallback presentation compiler.
2026.08.23 22:40:25 INFO  no build target found for C:\Users\PC\gest-paiement\gestion-paiements-v2\src\main\java\com\gestionpaiements\app\controller\MainViewController.java. Using fallback presentation compiler.
2026.08.23 22:40:25 INFO  no build target found for C:\Users\PC\gest-paiement\gestion-paiements-v2\src\main\java\com\gestionpaiements\app\controller\MainViewController.java. Using fallback presentation compiler.
2026.08.23 22:40:27 INFO  no build target found for C:\Users\PC\gest-paiement\gestion-paiements-v2\src\main\java\com\gestionpaiements\app\controller\MainViewController.java. Using fallback presentation compiler.
2026.08.23 22:40:27 INFO  no build target found for C:\Users\PC\gest-paiement\gestion-paiements-v2\src\main\java\com\gestionpaiements\app\controller\MainViewController.java. Using fallback presentation compiler.
2026.08.23 22:40:28 INFO  no build target found for C:\Users\PC\gest-paiement\gestion-paiements-v2\src\main\java\com\gestionpaiements\app\controller\MainViewController.java. Using fallback presentation compiler.
2026.08.23 22:40:28 INFO  no build target found for C:\Users\PC\gest-paiement\gestion-paiements-v2\src\main\java\com\gestionpaiements\app\controller\MainViewController.java. Using fallback presentation compiler.
2026.08.23 22:40:28 INFO  no build target found for C:\Users\PC\gest-paiement\gestion-paiements-v2\src\main\java\com\gestionpaiements\app\controller\MainViewController.java. Using fallback presentation compiler.
2026.08.23 22:40:29 INFO  no build target found for C:\Users\PC\gest-paiement\gestion-paiements-v2\src\main\java\com\gestionpaiements\app\controller\MainViewController.java. Using fallback presentation compiler.
2026.08.23 22:40:29 INFO  no build target found for C:\Users\PC\gest-paiement\gestion-paiements-v2\src\main\java\com\gestionpaiements\app\controller\MainViewController.java. Using fallback presentation compiler.
2026.08.23 22:40:29 INFO  no build target found for C:\Users\PC\gest-paiement\gestion-paiements-v2\src\main\java\com\gestionpaiements\app\controller\MainViewController.java. Using fallback presentation compiler.
2026.08.23 22:40:29 INFO  no build target found for C:\Users\PC\gest-paiement\gestion-paiements-v2\src\main\java\com\gestionpaiements\app\controller\MainViewController.java. Using fallback presentation compiler.
août 23, 2026 10:40:30 PM org.eclipse.lsp4j.jsonrpc.RemoteEndpoint handleCancellation
AVERTISSEMENT: Unmatched cancel notification for request id 36
2026.08.23 22:40:29 INFO  no build target found for C:\Users\PC\gest-paiement\gestion-paiements-v2\src\main\java\com\gestionpaiements\app\controller\MainViewController.java. Using fallback presentation compiler.
2026.08.23 22:40:29 INFO  no build target found for C:\Users\PC\gest-paiement\gestion-paiements-v2\src\main\java\com\gestionpaiements\app\controller\MainViewController.java. Using fallback presentation compiler.
2026.08.23 22:40:30 INFO  no build target found for C:\Users\PC\gest-paiement\gestion-paiements-v2\src\main\java\com\gestionpaiements\app\controller\MainViewController.java. Using fallback presentation compiler.
2026.08.23 22:40:30 INFO  no build target found for C:\Users\PC\gest-paiement\gestion-paiements-v2\src\main\java\com\gestionpaiements\app\controller\MainViewController.java. Using fallback presentation compiler.
2026.08.23 22:40:32 INFO  no build target found for C:\Users\PC\gest-paiement\gestion-paiements-v2\src\main\java\com\gestionpaiements\app\controller\MainViewController.java. Using fallback presentation compiler.
2026.08.23 22:40:32 INFO  no build target found for C:\Users\PC\gest-paiement\gestion-paiements-v2\src\main\java\com\gestionpaiements\app\controller\MainViewController.java. Using fallback presentation compiler.
2026.08.23 22:40:37 INFO  no build target found for C:\Users\PC\gest-paiement\gestion-paiements-v2\src\main\java\com\gestionpaiements\app\controller\MainViewController.java. Using fallback presentation compiler.
2026.08.23 22:40:45 INFO  no build target found for C:\Users\PC\gest-paiement\gestion-paiements-v2\src\main\java\com\gestionpaiements\app\controller\MainViewController.java. Using fallback presentation compiler.
2026.08.23 22:40:47 INFO  no build target found for C:\Users\PC\gest-paiement\gestion-paiements-v2\src\main\java\com\gestionpaiements\app\controller\MainViewController.java. Using fallback presentation compiler.
2026.08.23 22:40:47 INFO  no build target found for C:\Users\PC\gest-paiement\gestion-paiements-v2\src\main\java\com\gestionpaiements\app\controller\MainViewController.java. Using fallback presentation compiler.
2026.08.23 22:40:47 INFO  no build target found for C:\Users\PC\gest-paiement\gestion-paiements-v2\src\main\java\com\gestionpaiements\app\controller\MainViewController.java. Using fallback presentation compiler.
2026.08.23 22:40:47 INFO  no build target found for C:\Users\PC\gest-paiement\gestion-paiements-v2\src\main\java\com\gestionpaiements\app\controller\MainViewController.java. Using fallback presentation compiler.
2026.08.23 22:40:48 INFO  no build target found for C:\Users\PC\gest-paiement\gestion-paiements-v2\src\main\java\com\gestionpaiements\app\controller\MainViewController.java. Using fallback presentation compiler.
2026.08.23 22:40:49 INFO  no build target found for C:\Users\PC\gest-paiement\gestion-paiements-v2\src\main\java\com\gestionpaiements\app\controller\MainViewController.java. Using fallback presentation compiler.
2026.08.23 22:40:50 INFO  no build target found for C:\Users\PC\gest-paiement\gestion-paiements-v2\src\main\java\com\gestionpaiements\app\controller\MainViewController.java. Using fallback presentation compiler.
2026.08.23 22:40:53 INFO  no build target found for C:\Users\PC\gest-paiement\gestion-paiements-v2\src\main\java\com\gestionpaiements\app\controller\MainViewController.java. Using fallback presentation compiler.
2026.08.23 22:40:53 INFO  no build target found for C:\Users\PC\gest-paiement\gestion-paiements-v2\src\main\java\com\gestionpaiements\app\controller\MainViewController.java. Using fallback presentation compiler.
2026.08.23 22:40:55 INFO  no build target found for C:\Users\PC\gest-paiement\gestion-paiements-v2\src\main\java\com\gestionpaiements\app\controller\MainViewController.java. Using fallback presentation compiler.
2026.08.23 22:40:56 INFO  no build target found for C:\Users\PC\gest-paiement\gestion-paiements-v2\src\main\java\com\gestionpaiements\app\controller\MainViewController.java. Using fallback presentation compiler.
2026.08.23 22:40:57 INFO  no build target found for C:\Users\PC\gest-paiement\gestion-paiements-v2\src\main\java\com\gestionpaiements\app\controller\MainViewController.java. Using fallback presentation compiler.
2026.08.23 22:41:17 WARN  no build target for: C:\Users\PC\gest-paiement\gestion-paiements-v2\src\main\java\com\gestionpaiements\app\controller\AjouterPaiementController.java
2026.08.23 22:41:17 INFO  no build target found for C:\Users\PC\gest-paiement\gestion-paiements-v2\src\main\java\com\gestionpaiements\app\controller\AjouterPaiementController.java. Using fallback presentation compiler.
août 23, 2026 10:41:17 PM org.eclipse.lsp4j.jsonrpc.RemoteEndpoint handleCancellation
AVERTISSEMENT: Unmatched cancel notification for request id 76
2026.08.23 22:41:17 INFO  no build target found for C:\Users\PC\gest-paiement\gestion-paiements-v2\src\main\java\com\gestionpaiements\app\controller\AjouterPaiementController.java. Using fallback presentation compiler.
2026.08.23 22:41:17 INFO  no build target found for C:\Users\PC\gest-paiement\gestion-paiements-v2\src\main\java\com\gestionpaiements\app\controller\AjouterPaiementController.java. Using fallback presentation compiler.
août 23, 2026 10:41:17 PM org.eclipse.lsp4j.jsonrpc.RemoteEndpoint handleCancellation
AVERTISSEMENT: Unmatched cancel notification for request id 79
2026.08.23 22:41:17 INFO  no build target found for C:\Users\PC\gest-paiement\gestion-paiements-v2\src\main\java\com\gestionpaiements\app\controller\AjouterPaiementController.java. Using fallback presentation compiler.
2026.08.23 22:41:18 INFO  no build target found for C:\Users\PC\gest-paiement\gestion-paiements-v2\src\main\java\com\gestionpaiements\app\controller\AjouterPaiementController.java. Using fallback presentation compiler.
2026.08.23 22:41:18 INFO  no build target found for C:\Users\PC\gest-paiement\gestion-paiements-v2\src\main\java\com\gestionpaiements\app\controller\AjouterPaiementController.java. Using fallback presentation compiler.
2026.08.23 22:41:18 INFO  no build target found for C:\Users\PC\gest-paiement\gestion-paiements-v2\src\main\java\com\gestionpaiements\app\controller\AjouterPaiementController.java. Using fallback presentation compiler.
2026.08.23 22:41:19 INFO  no build target found for C:\Users\PC\gest-paiement\gestion-paiements-v2\src\main\java\com\gestionpaiements\app\controller\AjouterPaiementController.java. Using fallback presentation compiler.
2026.08.23 22:41:37 INFO  no build target found for C:\Users\PC\gest-paiement\gestion-paiements-v2\src\main\java\com\gestionpaiements\app\controller\AjouterPaiementController.java. Using fallback presentation compiler.
2026.08.23 22:41:37 INFO  no build target found for C:\Users\PC\gest-paiement\gestion-paiements-v2\src\main\java\com\gestionpaiements\app\controller\AjouterPaiementController.java. Using fallback presentation compiler.
2026.08.23 22:41:37 INFO  no build target found for C:\Users\PC\gest-paiement\gestion-paiements-v2\src\main\java\com\gestionpaiements\app\controller\AjouterPaiementController.java. Using fallback presentation compiler.
2026.08.23 22:41:37 INFO  no build target found for C:\Users\PC\gest-paiement\gestion-paiements-v2\src\main\java\com\gestionpaiements\app\controller\AjouterPaiementController.java. Using fallback presentation compiler.
2026.08.23 22:41:38 INFO  no build target found for C:\Users\PC\gest-paiement\gestion-paiements-v2\src\main\java\com\gestionpaiements\app\controller\AjouterPaiementController.java. Using fallback presentation compiler.
2026.08.23 22:41:38 INFO  no build target found for C:\Users\PC\gest-paiement\gestion-paiements-v2\src\main\java\com\gestionpaiements\app\controller\AjouterPaiementController.java. Using fallback presentation compiler.
2026.08.23 22:41:38 INFO  no build target found for C:\Users\PC\gest-paiement\gestion-paiements-v2\src\main\java\com\gestionpaiements\app\controller\AjouterPaiementController.java. Using fallback presentation compiler.
2026.08.23 22:41:39 INFO  no build target found for C:\Users\PC\gest-paiement\gestion-paiements-v2\src\main\java\com\gestionpaiements\app\controller\AjouterPaiementController.java. Using fallback presentation compiler.
2026.08.23 22:41:39 INFO  no build target found for C:\Users\PC\gest-paiement\gestion-paiements-v2\src\main\java\com\gestionpaiements\app\controller\AjouterPaiementController.java. Using fallback presentation compiler.
2026.08.23 22:41:39 INFO  no build target found for C:\Users\PC\gest-paiement\gestion-paiements-v2\src\main\java\com\gestionpaiements\app\controller\AjouterPaiementController.java. Using fallback presentation compiler.
2026.08.23 22:41:42 INFO  no build target found for C:\Users\PC\gest-paiement\gestion-paiements-v2\src\main\java\com\gestionpaiements\app\controller\AjouterPaiementController.java. Using fallback presentation compiler.
2026.08.23 22:41:42 INFO  no build target found for C:\Users\PC\gest-paiement\gestion-paiements-v2\src\main\java\com\gestionpaiements\app\controller\AjouterPaiementController.java. Using fallback presentation compiler.
2026.08.23 22:41:52 INFO  no build target found for C:\Users\PC\gest-paiement\gestion-paiements-v2\src\main\java\com\gestionpaiements\app\controller\AjouterPaiementController.java. Using fallback presentation compiler.
2026.08.23 22:41:52 INFO  no build target found for C:\Users\PC\gest-paiement\gestion-paiements-v2\src\main\java\com\gestionpaiements\app\controller\AjouterPaiementController.java. Using fallback presentation compiler.
2026.08.23 22:41:53 INFO  no build target found for C:\Users\PC\gest-paiement\gestion-paiements-v2\src\main\java\com\gestionpaiements\app\controller\AjouterPaiementController.java. Using fallback presentation compiler.
2026.08.23 22:41:57 INFO  no build target found for C:\Users\PC\gest-paiement\gestion-paiements-v2\src\main\java\com\gestionpaiements\app\controller\AjouterPaiementController.java. Using fallback presentation compiler.
2026.08.23 22:41:57 INFO  no build target found for C:\Users\PC\gest-paiement\gestion-paiements-v2\src\main\java\com\gestionpaiements\app\controller\AjouterPaiementController.java. Using fallback presentation compiler.
2026.08.23 22:41:57 INFO  no build target found for C:\Users\PC\gest-paiement\gestion-paiements-v2\src\main\java\com\gestionpaiements\app\controller\AjouterPaiementController.java. Using fallback presentation compiler.
2026.08.23 22:42:00 INFO  no build target found for C:\Users\PC\gest-paiement\gestion-paiements-v2\src\main\java\com\gestionpaiements\app\controller\AjouterPaiementController.java. Using fallback presentation compiler.
2026.08.23 22:42:00 INFO  no build target found for C:\Users\PC\gest-paiement\gestion-paiements-v2\src\main\java\com\gestionpaiements\app\controller\AjouterPaiementController.java. Using fallback presentation compiler.
2026.08.23 22:42:00 INFO  no build target found for C:\Users\PC\gest-paiement\gestion-paiements-v2\src\main\java\com\gestionpaiements\app\controller\AjouterPaiementController.java. Using fallback presentation compiler.
2026.08.23 22:42:01 INFO  no build target found for C:\Users\PC\gest-paiement\gestion-paiements-v2\src\main\java\com\gestionpaiements\app\controller\AjouterPaiementController.java. Using fallback presentation compiler.
2026.08.23 22:42:01 INFO  no build target found for C:\Users\PC\gest-paiement\gestion-paiements-v2\src\main\java\com\gestionpaiements\app\controller\AjouterPaiementController.java. Using fallback presentation compiler.
2026.08.23 22:42:01 INFO  no build target found for C:\Users\PC\gest-paiement\gestion-paiements-v2\src\main\java\com\gestionpaiements\app\controller\AjouterPaiementController.java. Using fallback presentation compiler.
2026.08.23 22:42:02 INFO  no build target found for C:\Users\PC\gest-paiement\gestion-paiements-v2\src\main\java\com\gestionpaiements\app\controller\AjouterPaiementController.java. Using fallback presentation compiler.
2026.08.23 22:42:09 INFO  no build target found for C:\Users\PC\gest-paiement\gestion-paiements-v2\src\main\java\com\gestionpaiements\app\controller\AjouterPaiementController.java. Using fallback presentation compiler.
2026.08.23 22:42:09 INFO  no build target found for C:\Users\PC\gest-paiement\gestion-paiements-v2\src\main\java\com\gestionpaiements\app\controller\AjouterPaiementController.java. Using fallback presentation compiler.
2026.08.23 22:42:10 INFO  no build target found for C:\Users\PC\gest-paiement\gestion-paiements-v2\src\main\java\com\gestionpaiements\app\controller\AjouterPaiementController.java. Using fallback presentation compiler.
2026.08.23 22:42:10 INFO  no build target found for C:\Users\PC\gest-paiement\gestion-paiements-v2\src\main\java\com\gestionpaiements\app\controller\AjouterPaiementController.java. Using fallback presentation compiler.
2026.08.23 22:42:10 INFO  no build target found for C:\Users\PC\gest-paiement\gestion-paiements-v2\src\main\java\com\gestionpaiements\app\controller\AjouterPaiementController.java. Using fallback presentation compiler.
2026.08.23 22:42:11 INFO  no build target found for C:\Users\PC\gest-paiement\gestion-paiements-v2\src\main\java\com\gestionpaiements\app\controller\AjouterPaiementController.java. Using fallback presentation compiler.
2026.08.23 22:42:11 INFO  no build target found for C:\Users\PC\gest-paiement\gestion-paiements-v2\src\main\java\com\gestionpaiements\app\controller\AjouterPaiementController.java. Using fallback presentation compiler.
2026.08.23 22:42:11 INFO  no build target found for C:\Users\PC\gest-paiement\gestion-paiements-v2\src\main\java\com\gestionpaiements\app\controller\AjouterPaiementController.java. Using fallback presentation compiler.
2026.08.23 22:42:11 INFO  no build target found for C:\Users\PC\gest-paiement\gestion-paiements-v2\src\main\java\com\gestionpaiements\app\controller\AjouterPaiementController.java. Using fallback presentation compiler.
2026.08.23 22:42:11 INFO  no build target found for C:\Users\PC\gest-paiement\gestion-paiements-v2\src\main\java\com\gestionpaiements\app\controller\AjouterPaiementController.java. Using fallback presentation compiler.
2026.08.23 22:42:11 INFO  no build target found for C:\Users\PC\gest-paiement\gestion-paiements-v2\src\main\java\com\gestionpaiements\app\controller\AjouterPaiementController.java. Using fallback presentation compiler.
2026.08.23 22:42:11 INFO  no build target found for C:\Users\PC\gest-paiement\gestion-paiements-v2\src\main\java\com\gestionpaiements\app\controller\AjouterPaiementController.java. Using fallback presentation compiler.
2026.08.23 22:42:11 INFO  no build target found for C:\Users\PC\gest-paiement\gestion-paiements-v2\src\main\java\com\gestionpaiements\app\controller\AjouterPaiementController.java. Using fallback presentation compiler.
2026.08.23 22:42:12 INFO  no build target found for C:\Users\PC\gest-paiement\gestion-paiements-v2\src\main\java\com\gestionpaiements\app\controller\AjouterPaiementController.java. Using fallback presentation compiler.
2026.08.23 22:42:12 INFO  no build target found for C:\Users\PC\gest-paiement\gestion-paiements-v2\src\main\java\com\gestionpaiements\app\controller\AjouterPaiementController.java. Using fallback presentation compiler.
2026.08.23 22:42:12 INFO  no build target found for C:\Users\PC\gest-paiement\gestion-paiements-v2\src\main\java\com\gestionpaiements\app\controller\AjouterPaiementController.java. Using fallback presentation compiler.
2026.08.23 22:42:12 INFO  no build target found for C:\Users\PC\gest-paiement\gestion-paiements-v2\src\main\java\com\gestionpaiements\app\controller\AjouterPaiementController.java. Using fallback presentation compiler.
2026.08.23 22:42:13 INFO  time: code lens generation in 1.85s
2026.08.23 22:42:13 INFO  no build target found for C:\Users\PC\gest-paiement\gestion-paiements-v2\src\main\java\com\gestionpaiements\app\controller\AjouterPaiementController.java. Using fallback presentation compiler.
2026.08.23 22:42:21 INFO  no build target found for C:\Users\PC\gest-paiement\gestion-paiements-v2\src\main\java\com\gestionpaiements\app\controller\AjouterPaiementController.java. Using fallback presentation compiler.
2026.08.23 22:42:23 INFO  no build target found for C:\Users\PC\gest-paiement\gestion-paiements-v2\src\main\java\com\gestionpaiements\app\controller\AjouterPaiementController.java. Using fallback presentation compiler.
2026.08.23 22:42:23 INFO  no build target found for C:\Users\PC\gest-paiement\gestion-paiements-v2\src\main\java\com\gestionpaiements\app\controller\AjouterPaiementController.java. Using fallback presentation compiler.
2026.08.23 22:43:09 INFO  no build target found for C:\Users\PC\gest-paiement\gestion-paiements-v2\src\main\java\com\gestionpaiements\app\controller\AjouterPaiementController.java. Using fallback presentation compiler.
2026.08.23 22:43:32 INFO  no build target found for C:\Users\PC\gest-paiement\gestion-paiements-v2\src\main\java\com\gestionpaiements\app\controller\AjouterPaiementController.java. Using fallback presentation compiler.
2026.08.23 22:43:32 INFO  no build target found for C:\Users\PC\gest-paiement\gestion-paiements-v2\src\main\java\com\gestionpaiements\app\controller\AjouterPaiementController.java. Using fallback presentation compiler.
2026.08.23 22:43:32 INFO  no build target found for C:\Users\PC\gest-paiement\gestion-paiements-v2\src\main\java\com\gestionpaiements\app\controller\AjouterPaiementController.java. Using fallback presentation compiler.
2026.08.23 22:43:32 INFO  no build target found for C:\Users\PC\gest-paiement\gestion-paiements-v2\src\main\java\com\gestionpaiements\app\controller\AjouterPaiementController.java. Using fallback presentation compiler.
2026.08.23 22:43:33 INFO  no build target found for C:\Users\PC\gest-paiement\gestion-paiements-v2\src\main\java\com\gestionpaiements\app\controller\AjouterPaiementController.java. Using fallback presentation compiler.
2026.08.23 22:43:33 INFO  no build target found for C:\Users\PC\gest-paiement\gestion-paiements-v2\src\main\java\com\gestionpaiements\app\controller\AjouterPaiementController.java. Using fallback presentation compiler.
2026.08.23 22:43:33 INFO  no build target found for C:\Users\PC\gest-paiement\gestion-paiements-v2\src\main\java\com\gestionpaiements\app\controller\AjouterPaiementController.java. Using fallback presentation compiler.
2026.08.23 22:43:33 INFO  no build target found for C:\Users\PC\gest-paiement\gestion-paiements-v2\src\main\java\com\gestionpaiements\app\controller\AjouterPaiementController.java. Using fallback presentation compiler.
2026.08.23 22:43:33 INFO  no build target found for C:\Users\PC\gest-paiement\gestion-paiements-v2\src\main\java\com\gestionpaiements\app\controller\AjouterPaiementController.java. Using fallback presentation compiler.
2026.08.23 22:43:34 INFO  no build target found for C:\Users\PC\gest-paiement\gestion-paiements-v2\src\main\java\com\gestionpaiements\app\controller\AjouterPaiementController.java. Using fallback presentation compiler.
2026.08.23 22:43:34 INFO  no build target found for C:\Users\PC\gest-paiement\gestion-paiements-v2\src\main\java\com\gestionpaiements\app\controller\AjouterPaiementController.java. Using fallback presentation compiler.
2026.08.23 22:43:35 INFO  no build target found for C:\Users\PC\gest-paiement\gestion-paiements-v2\src\main\java\com\gestionpaiements\app\controller\AjouterPaiementController.java. Using fallback presentation compiler.
2026.08.23 22:43:35 INFO  no build target found for C:\Users\PC\gest-paiement\gestion-paiements-v2\src\main\java\com\gestionpaiements\app\controller\AjouterPaiementController.java. Using fallback presentation compiler.
2026.08.23 22:43:36 INFO  no build target found for C:\Users\PC\gest-paiement\gestion-paiements-v2\src\main\java\com\gestionpaiements\app\controller\AjouterPaiementController.java. Using fallback presentation compiler.
2026.08.23 22:43:36 INFO  no build target found for C:\Users\PC\gest-paiement\gestion-paiements-v2\src\main\java\com\gestionpaiements\app\controller\AjouterPaiementController.java. Using fallback presentation compiler.
2026.08.23 22:43:36 INFO  no build target found for C:\Users\PC\gest-paiement\gestion-paiements-v2\src\main\java\com\gestionpaiements\app\controller\AjouterPaiementController.java. Using fallback presentation compiler.
2026.08.23 22:43:36 INFO  no build target found for C:\Users\PC\gest-paiement\gestion-paiements-v2\src\main\java\com\gestionpaiements\app\controller\AjouterPaiementController.java. Using fallback presentation compiler.
2026.08.23 22:43:37 INFO  no build target found for C:\Users\PC\gest-paiement\gestion-paiements-v2\src\main\java\com\gestionpaiements\app\controller\AjouterPaiementController.java. Using fallback presentation compiler.
2026.08.23 22:43:38 INFO  no build target found for C:\Users\PC\gest-paiement\gestion-paiements-v2\src\main\java\com\gestionpaiements\app\controller\AjouterPaiementController.java. Using fallback presentation compiler.
2026.08.23 22:43:38 INFO  no build target found for C:\Users\PC\gest-paiement\gestion-paiements-v2\src\main\java\com\gestionpaiements\app\controller\AjouterPaiementController.java. Using fallback presentation compiler.
2026.08.23 22:43:38 INFO  no build target found for C:\Users\PC\gest-paiement\gestion-paiements-v2\src\main\java\com\gestionpaiements\app\controller\AjouterPaiementController.java. Using fallback presentation compiler.
2026.08.23 22:43:39 INFO  no build target found for C:\Users\PC\gest-paiement\gestion-paiements-v2\src\main\java\com\gestionpaiements\app\controller\AjouterPaiementController.java. Using fallback presentation compiler.
2026.08.23 22:43:56 INFO  no build target found for C:\Users\PC\gest-paiement\gestion-paiements-v2\src\main\java\com\gestionpaiements\app\controller\AjouterPaiementController.java. Using fallback presentation compiler.
2026.08.23 22:43:56 INFO  no build target found for C:\Users\PC\gest-paiement\gestion-paiements-v2\src\main\java\com\gestionpaiements\app\controller\AjouterPaiementController.java. Using fallback presentation compiler.
2026.08.23 22:43:56 INFO  no build target found for C:\Users\PC\gest-paiement\gestion-paiements-v2\src\main\java\com\gestionpaiements\app\controller\AjouterPaiementController.java. Using fallback presentation compiler.
2026.08.23 22:44:31 INFO  no build target found for C:\Users\PC\gest-paiement\gestion-paiements-v2\src\main\java\com\gestionpaiements\app\controller\AjouterPaiementController.java. Using fallback presentation compiler.
2026.08.23 22:44:45 INFO  no build target found for C:\Users\PC\gest-paiement\gestion-paiements-v2\src\main\java\com\gestionpaiements\app\controller\AjouterPaiementController.java. Using fallback presentation compiler.
2026.08.23 22:44:47 INFO  no build target found for C:\Users\PC\gest-paiement\gestion-paiements-v2\src\main\java\com\gestionpaiements\app\controller\AjouterPaiementController.java. Using fallback presentation compiler.
2026.08.23 22:44:47 INFO  no build target found for C:\Users\PC\gest-paiement\gestion-paiements-v2\src\main\java\com\gestionpaiements\app\controller\AjouterPaiementController.java. Using fallback presentation compiler.
2026.08.23 22:44:49 INFO  no build target found for C:\Users\PC\gest-paiement\gestion-paiements-v2\src\main\java\com\gestionpaiements\app\controller\AjouterPaiementController.java. Using fallback presentation compiler.
2026.08.23 22:44:49 INFO  no build target found for C:\Users\PC\gest-paiement\gestion-paiements-v2\src\main\java\com\gestionpaiements\app\controller\AjouterPaiementController.java. Using fallback presentation compiler.
2026.08.23 22:44:49 INFO  no build target found for C:\Users\PC\gest-paiement\gestion-paiements-v2\src\main\java\com\gestionpaiements\app\controller\AjouterPaiementController.java. Using fallback presentation compiler.
2026.08.23 22:44:50 INFO  no build target found for C:\Users\PC\gest-paiement\gestion-paiements-v2\src\main\java\com\gestionpaiements\app\controller\AjouterPaiementController.java. Using fallback presentation compiler.
2026.08.23 22:44:50 INFO  no build target found for C:\Users\PC\gest-paiement\gestion-paiements-v2\src\main\java\com\gestionpaiements\app\controller\AjouterPaiementController.java. Using fallback presentation compiler.
2026.08.23 22:44:50 INFO  no build target found for C:\Users\PC\gest-paiement\gestion-paiements-v2\src\main\java\com\gestionpaiements\app\controller\AjouterPaiementController.java. Using fallback presentation compiler.
2026.08.23 22:44:51 INFO  no build target found for C:\Users\PC\gest-paiement\gestion-paiements-v2\src\main\java\com\gestionpaiements\app\controller\AjouterPaiementController.java. Using fallback presentation compiler.
2026.08.23 22:44:52 INFO  no build target found for C:\Users\PC\gest-paiement\gestion-paiements-v2\src\main\java\com\gestionpaiements\app\controller\AjouterPaiementController.java. Using fallback presentation compiler.
2026.08.23 22:44:52 INFO  no build target found for C:\Users\PC\gest-paiement\gestion-paiements-v2\src\main\java\com\gestionpaiements\app\controller\AjouterPaiementController.java. Using fallback presentation compiler.
2026.08.23 22:44:53 INFO  no build target found for C:\Users\PC\gest-paiement\gestion-paiements-v2\src\main\java\com\gestionpaiements\app\controller\AjouterPaiementController.java. Using fallback presentation compiler.
2026.08.23 22:44:54 INFO  no build target found for C:\Users\PC\gest-paiement\gestion-paiements-v2\src\main\java\com\gestionpaiements\app\controller\AjouterPaiementController.java. Using fallback presentation compiler.
2026.08.23 22:44:54 INFO  no build target found for C:\Users\PC\gest-paiement\gestion-paiements-v2\src\main\java\com\gestionpaiements\app\controller\AjouterPaiementController.java. Using fallback presentation compiler.
2026.08.23 22:44:54 INFO  no build target found for C:\Users\PC\gest-paiement\gestion-paiements-v2\src\main\java\com\gestionpaiements\app\controller\AjouterPaiementController.java. Using fallback presentation compiler.
août 23, 2026 10:44:54 PM org.eclipse.lsp4j.jsonrpc.RemoteEndpoint handleCancellation
AVERTISSEMENT: Unmatched cancel notification for request id 427
août 23, 2026 10:44:54 PM org.eclipse.lsp4j.jsonrpc.RemoteEndpoint handleCancellation
AVERTISSEMENT: Unmatched cancel notification for request id 430
2026.08.23 22:44:54 INFO  no build target found for C:\Users\PC\gest-paiement\gestion-paiements-v2\src\main\java\com\gestionpaiements\app\controller\AjouterPaiementController.java. Using fallback presentation compiler.
2026.08.23 22:44:54 INFO  no build target found for C:\Users\PC\gest-paiement\gestion-paiements-v2\src\main\java\com\gestionpaiements\app\controller\AjouterPaiementController.java. Using fallback presentation compiler.
2026.08.23 22:44:55 INFO  no build target found for C:\Users\PC\gest-paiement\gestion-paiements-v2\src\main\java\com\gestionpaiements\app\controller\AjouterPaiementController.java. Using fallback presentation compiler.
août 23, 2026 10:44:55 PM org.eclipse.lsp4j.jsonrpc.RemoteEndpoint handleCancellation
AVERTISSEMENT: Unmatched cancel notification for request id 433
août 23, 2026 10:44:55 PM org.eclipse.lsp4j.jsonrpc.RemoteEndpoint handleCancellation
AVERTISSEMENT: Unmatched cancel notification for request id 436
2026.08.23 22:44:54 INFO  no build target found for C:\Users\PC\gest-paiement\gestion-paiements-v2\src\main\java\com\gestionpaiements\app\controller\AjouterPaiementController.java. Using fallback presentation compiler.
2026.08.23 22:44:54 INFO  no build target found for C:\Users\PC\gest-paiement\gestion-paiements-v2\src\main\java\com\gestionpaiements\app\controller\AjouterPaiementController.java. Using fallback presentation compiler.
2026.08.23 22:44:55 INFO  no build target found for C:\Users\PC\gest-paiement\gestion-paiements-v2\src\main\java\com\gestionpaiements\app\controller\AjouterPaiementController.java. Using fallback presentation compiler.
2026.08.23 22:44:56 INFO  no build target found for C:\Users\PC\gest-paiement\gestion-paiements-v2\src\main\java\com\gestionpaiements\app\controller\AjouterPaiementController.java. Using fallback presentation compiler.
2026.08.23 22:44:56 INFO  no build target found for C:\Users\PC\gest-paiement\gestion-paiements-v2\src\main\java\com\gestionpaiements\app\controller\AjouterPaiementController.java. Using fallback presentation compiler.
2026.08.23 22:44:56 INFO  no build target found for C:\Users\PC\gest-paiement\gestion-paiements-v2\src\main\java\com\gestionpaiements\app\controller\AjouterPaiementController.java. Using fallback presentation compiler.
2026.08.23 22:46:22 INFO  no build target found for C:\Users\PC\gest-paiement\gestion-paiements-v2\src\main\java\com\gestionpaiements\app\controller\AjouterPaiementController.java. Using fallback presentation compiler.
2026.08.23 22:46:22 INFO  no build target found for C:\Users\PC\gest-paiement\gestion-paiements-v2\src\main\java\com\gestionpaiements\app\controller\AjouterPaiementController.java. Using fallback presentation compiler.
2026.08.23 22:46:48 INFO  no build target found for C:\Users\PC\gest-paiement\gestion-paiements-v2\src\main\java\com\gestionpaiements\app\controller\AjouterPaiementController.java. Using fallback presentation compiler.
2026.08.23 22:46:51 INFO  no build target found for C:\Users\PC\gest-paiement\gestion-paiements-v2\src\main\java\com\gestionpaiements\app\controller\AjouterPaiementController.java. Using fallback presentation compiler.
2026.08.23 22:46:52 WARN  no build target for: C:\Users\PC\gest-paiement\gestion-paiements-v2\src\main\java\com\gestionpaiements\app\controller\AjouterPaiementController.java
2026.08.23 22:46:52 INFO  no build target found for C:\Users\PC\gest-paiement\gestion-paiements-v2\src\main\java\com\gestionpaiements\app\controller\AjouterPaiementController.java. Using fallback presentation compiler.
2026.08.23 22:46:54 INFO  no build target found for C:\Users\PC\gest-paiement\gestion-paiements-v2\src\main\java\com\gestionpaiements\app\controller\MainViewController.java. Using fallback presentation compiler.
2026.08.23 22:46:54 WARN  no build target for: C:\Users\PC\gest-paiement\gestion-paiements-v2\src\main\java\com\gestionpaiements\app\controller\MainViewController.java
2026.08.23 22:46:54 INFO  no build target found for C:\Users\PC\gest-paiement\gestion-paiements-v2\src\main\java\com\gestionpaiements\app\controller\MainViewController.java. Using fallback presentation compiler.
2026.08.23 22:47:06 WARN  no build target for: C:\Users\PC\gest-paiement\gestion-paiements-v2\src\main\java\com\gestionpaiements\app\service\ExcelFileManagerService.java
2026.08.23 22:47:06 INFO  no build target found for C:\Users\PC\gest-paiement\gestion-paiements-v2\src\main\java\com\gestionpaiements\app\service\ExcelFileManagerService.java. Using fallback presentation compiler.
2026.08.23 22:47:06 INFO  no build target found for C:\Users\PC\gest-paiement\gestion-paiements-v2\src\main\java\com\gestionpaiements\app\service\ExcelFileManagerService.java. Using fallback presentation compiler.
2026.08.23 22:47:06 INFO  no build target found for C:\Users\PC\gest-paiement\gestion-paiements-v2\src\main\java\com\gestionpaiements\app\service\ExcelFileManagerService.java. Using fallback presentation compiler.
2026.08.23 22:47:06 INFO  no build target found for C:\Users\PC\gest-paiement\gestion-paiements-v2\src\main\java\com\gestionpaiements\app\service\ExcelFileManagerService.java. Using fallback presentation compiler.
2026.08.23 22:47:07 INFO  no build target found for C:\Users\PC\gest-paiement\gestion-paiements-v2\src\main\java\com\gestionpaiements\app\service\ExcelFileManagerService.java. Using fallback presentation compiler.
2026.08.23 22:47:10 INFO  no build target found for C:\Users\PC\gest-paiement\gestion-paiements-v2\src\main\java\com\gestionpaiements\app\service\ExcelFileManagerService.java. Using fallback presentation compiler.
2026.08.23 22:47:12 INFO  no build target found for C:\Users\PC\gest-paiement\gestion-paiements-v2\src\main\java\com\gestionpaiements\app\service\ExcelFileManagerService.java. Using fallback presentation compiler.
2026.08.23 22:47:12 INFO  no build target found for C:\Users\PC\gest-paiement\gestion-paiements-v2\src\main\java\com\gestionpaiements\app\service\ExcelFileManagerService.java. Using fallback presentation compiler.
2026.08.23 22:47:15 INFO  no build target found for C:\Users\PC\gest-paiement\gestion-paiements-v2\src\main\java\com\gestionpaiements\app\service\ExcelFileManagerService.java. Using fallback presentation compiler.
2026.08.23 22:47:20 INFO  no build target found for C:\Users\PC\gest-paiement\gestion-paiements-v2\src\main\java\com\gestionpaiements\app\service\ExcelFileManagerService.java. Using fallback presentation compiler.
2026.08.23 22:47:20 INFO  no build target found for C:\Users\PC\gest-paiement\gestion-paiements-v2\src\main\java\com\gestionpaiements\app\service\ExcelFileManagerService.java. Using fallback presentation compiler.
2026.08.23 22:47:20 INFO  no build target found for C:\Users\PC\gest-paiement\gestion-paiements-v2\src\main\java\com\gestionpaiements\app\service\ExcelFileManagerService.java. Using fallback presentation compiler.
2026.08.23 22:47:21 INFO  no build target found for C:\Users\PC\gest-paiement\gestion-paiements-v2\src\main\java\com\gestionpaiements\app\service\ExcelFileManagerService.java. Using fallback presentation compiler.
2026.08.23 22:47:21 INFO  no build target found for C:\Users\PC\gest-paiement\gestion-paiements-v2\src\main\java\com\gestionpaiements\app\service\ExcelFileManagerService.java. Using fallback presentation compiler.
2026.08.23 22:47:21 INFO  no build target found for C:\Users\PC\gest-paiement\gestion-paiements-v2\src\main\java\com\gestionpaiements\app\service\ExcelFileManagerService.java. Using fallback presentation compiler.
2026.08.23 22:47:21 INFO  no build target found for C:\Users\PC\gest-paiement\gestion-paiements-v2\src\main\java\com\gestionpaiements\app\service\ExcelFileManagerService.java. Using fallback presentation compiler.
2026.08.23 22:47:23 INFO  no build target found for C:\Users\PC\gest-paiement\gestion-paiements-v2\src\main\java\com\gestionpaiements\app\service\ExcelFileManagerService.java. Using fallback presentation compiler.
2026.08.23 22:47:23 INFO  no build target found for C:\Users\PC\gest-paiement\gestion-paiements-v2\src\main\java\com\gestionpaiements\app\service\ExcelFileManagerService.java. Using fallback presentation compiler.
2026.08.23 22:47:23 INFO  no build target found for C:\Users\PC\gest-paiement\gestion-paiements-v2\src\main\java\com\gestionpaiements\app\service\ExcelFileManagerService.java. Using fallback presentation compiler.
2026.08.23 22:47:24 INFO  no build target found for C:\Users\PC\gest-paiement\gestion-paiements-v2\src\main\java\com\gestionpaiements\app\service\ExcelFileManagerService.java. Using fallback presentation compiler.
2026.08.23 22:47:24 INFO  no build target found for C:\Users\PC\gest-paiement\gestion-paiements-v2\src\main\java\com\gestionpaiements\app\service\ExcelFileManagerService.java. Using fallback presentation compiler.
2026.08.23 22:47:26 INFO  no build target found for C:\Users\PC\gest-paiement\gestion-paiements-v2\src\main\java\com\gestionpaiements\app\service\ExcelFileManagerService.java. Using fallback presentation compiler.
2026.08.23 22:47:26 INFO  no build target found for C:\Users\PC\gest-paiement\gestion-paiements-v2\src\main\java\com\gestionpaiements\app\service\ExcelFileManagerService.java. Using fallback presentation compiler.
2026.08.23 22:47:26 INFO  no build target found for C:\Users\PC\gest-paiement\gestion-paiements-v2\src\main\java\com\gestionpaiements\app\service\ExcelFileManagerService.java. Using fallback presentation compiler.
2026.08.23 22:47:26 INFO  no build target found for C:\Users\PC\gest-paiement\gestion-paiements-v2\src\main\java\com\gestionpaiements\app\service\ExcelFileManagerService.java. Using fallback presentation compiler.
2026.08.23 22:47:27 INFO  no build target found for C:\Users\PC\gest-paiement\gestion-paiements-v2\src\main\java\com\gestionpaiements\app\service\ExcelFileManagerService.java. Using fallback presentation compiler.
2026.08.23 22:47:27 INFO  no build target found for C:\Users\PC\gest-paiement\gestion-paiements-v2\src\main\java\com\gestionpaiements\app\service\ExcelFileManagerService.java. Using fallback presentation compiler.
2026.08.23 22:47:28 INFO  no build target found for C:\Users\PC\gest-paiement\gestion-paiements-v2\src\main\java\com\gestionpaiements\app\service\ExcelFileManagerService.java. Using fallback presentation compiler.
2026.08.23 22:47:28 INFO  no build target found for C:\Users\PC\gest-paiement\gestion-paiements-v2\src\main\java\com\gestionpaiements\app\service\ExcelFileManagerService.java. Using fallback presentation compiler.
2026.08.23 22:47:29 INFO  no build target found for C:\Users\PC\gest-paiement\gestion-paiements-v2\src\main\java\com\gestionpaiements\app\service\ExcelFileManagerService.java. Using fallback presentation compiler.
2026.08.23 22:47:29 INFO  no build target found for C:\Users\PC\gest-paiement\gestion-paiements-v2\src\main\java\com\gestionpaiements\app\service\ExcelFileManagerService.java. Using fallback presentation compiler.
2026.08.23 22:47:29 INFO  no build target found for C:\Users\PC\gest-paiement\gestion-paiements-v2\src\main\java\com\gestionpaiements\app\service\ExcelFileManagerService.java. Using fallback presentation compiler.
2026.08.23 22:47:31 INFO  no build target found for C:\Users\PC\gest-paiement\gestion-paiements-v2\src\main\java\com\gestionpaiements\app\service\ExcelFileManagerService.java. Using fallback presentation compiler.
2026.08.23 22:47:31 INFO  no build target found for C:\Users\PC\gest-paiement\gestion-paiements-v2\src\main\java\com\gestionpaiements\app\service\ExcelFileManagerService.java. Using fallback presentation compiler.
2026.08.23 22:47:31 INFO  no build target found for C:\Users\PC\gest-paiement\gestion-paiements-v2\src\main\java\com\gestionpaiements\app\service\ExcelFileManagerService.java. Using fallback presentation compiler.
2026.08.23 22:47:31 INFO  no build target found for C:\Users\PC\gest-paiement\gestion-paiements-v2\src\main\java\com\gestionpaiements\app\service\ExcelFileManagerService.java. Using fallback presentation compiler.
2026.08.23 22:47:32 INFO  no build target found for C:\Users\PC\gest-paiement\gestion-paiements-v2\src\main\java\com\gestionpaiements\app\service\ExcelFileManagerService.java. Using fallback presentation compiler.
2026.08.23 22:47:32 INFO  no build target found for C:\Users\PC\gest-paiement\gestion-paiements-v2\src\main\java\com\gestionpaiements\app\service\ExcelFileManagerService.java. Using fallback presentation compiler.
2026.08.23 22:47:35 INFO  no build target found for C:\Users\PC\gest-paiement\gestion-paiements-v2\src\main\java\com\gestionpaiements\app\service\ExcelFileManagerService.java. Using fallback presentation compiler.
2026.08.23 22:47:35 INFO  no build target found for C:\Users\PC\gest-paiement\gestion-paiements-v2\src\main\java\com\gestionpaiements\app\service\ExcelFileManagerService.java. Using fallback presentation compiler.
2026.08.23 22:47:36 INFO  no build target found for C:\Users\PC\gest-paiement\gestion-paiements-v2\src\main\java\com\gestionpaiements\app\service\ExcelFileManagerService.java. Using fallback presentation compiler.
2026.08.23 22:50:39 INFO  no build target found for C:\Users\PC\gest-paiement\gestion-paiements-v2\src\main\java\com\gestionpaiements\app\service\ExcelFileManagerService.java. Using fallback presentation compiler.
2026.08.23 22:50:39 INFO  no build target found for C:\Users\PC\gest-paiement\gestion-paiements-v2\src\main\java\com\gestionpaiements\app\service\ExcelFileManagerService.java. Using fallback presentation compiler.
2026.08.23 22:50:40 WARN  no build target for: C:\Users\PC\gest-paiement\gestion-paiements-v2\src\main\java\com\gestionpaiements\app\service\ExcelFileManagerService.java
2026.08.23 22:50:40 INFO  no build target found for C:\Users\PC\gest-paiement\gestion-paiements-v2\src\main\java\com\gestionpaiements\app\service\ExcelFileManagerService.java. Using fallback presentation compiler.
2026.08.23 22:50:41 INFO  no build target found for C:\Users\PC\gest-paiement\gestion-paiements-v2\src\main\java\com\gestionpaiements\app\controller\MainViewController.java. Using fallback presentation compiler.
2026.08.23 22:50:41 WARN  no build target for: C:\Users\PC\gest-paiement\gestion-paiements-v2\src\main\java\com\gestionpaiements\app\controller\MainViewController.java
2026.08.23 22:50:41 INFO  no build target found for C:\Users\PC\gest-paiement\gestion-paiements-v2\src\main\java\com\gestionpaiements\app\controller\MainViewController.java. Using fallback presentation compiler.
2026.08.23 22:50:43 INFO  no build target found for C:\Users\PC\gest-paiement\gestion-paiements-v2\src\main\java\com\gestionpaiements\app\controller\MainViewController.java. Using fallback presentation compiler.
2026.08.23 22:50:46 INFO  no build target found for C:\Users\PC\gest-paiement\gestion-paiements-v2\src\main\java\com\gestionpaiements\app\controller\MainViewController.java. Using fallback presentation compiler.
2026.08.23 22:50:46 INFO  no build target found for C:\Users\PC\gest-paiement\gestion-paiements-v2\src\main\java\com\gestionpaiements\app\controller\MainViewController.java. Using fallback presentation compiler.
2026.08.23 22:50:46 INFO  no build target found for C:\Users\PC\gest-paiement\gestion-paiements-v2\src\main\java\com\gestionpaiements\app\controller\MainViewController.java. Using fallback presentation compiler.
2026.08.23 22:50:46 INFO  no build target found for C:\Users\PC\gest-paiement\gestion-paiements-v2\src\main\java\com\gestionpaiements\app\controller\MainViewController.java. Using fallback presentation compiler.
2026.08.23 22:50:46 INFO  no build target found for C:\Users\PC\gest-paiement\gestion-paiements-v2\src\main\java\com\gestionpaiements\app\controller\MainViewController.java. Using fallback presentation compiler.
2026.08.23 22:50:46 INFO  no build target found for C:\Users\PC\gest-paiement\gestion-paiements-v2\src\main\java\com\gestionpaiements\app\controller\MainViewController.java. Using fallback presentation compiler.
2026.08.23 22:50:47 INFO  no build target found for C:\Users\PC\gest-paiement\gestion-paiements-v2\src\main\java\com\gestionpaiements\app\controller\MainViewController.java. Using fallback presentation compiler.
2026.08.23 22:50:47 INFO  no build target found for C:\Users\PC\gest-paiement\gestion-paiements-v2\src\main\java\com\gestionpaiements\app\controller\MainViewController.java. Using fallback presentation compiler.
2026.08.23 22:50:47 INFO  no build target found for C:\Users\PC\gest-paiement\gestion-paiements-v2\src\main\java\com\gestionpaiements\app\controller\MainViewController.java. Using fallback presentation compiler.
2026.08.23 22:50:56 INFO  no build target found for C:\Users\PC\gest-paiement\gestion-paiements-v2\src\main\java\com\gestionpaiements\app\controller\MainViewController.java. Using fallback presentation compiler.
2026.08.23 22:50:56 WARN  no build target for: C:\Users\PC\gest-paiement\gestion-paiements-v2\src\main\java\com\gestionpaiements\app\controller\MainViewController.java
2026.08.23 22:50:56 INFO  no build target found for C:\Users\PC\gest-paiement\gestion-paiements-v2\src\main\java\com\gestionpaiements\app\controller\MainViewController.java. Using fallback presentation compiler.
2026.08.23 22:50:56 INFO  no build target found for C:\Users\PC\gest-paiement\gestion-paiements-v2\src\main\java\com\gestionpaiements\app\controller\MainViewController.java. Using fallback presentation compiler.
2026.08.23 22:50:56 INFO  no build target found for C:\Users\PC\gest-paiement\gestion-paiements-v2\src\main\java\com\gestionpaiements\app\controller\MainViewController.java. Using fallback presentation compiler.
2026.08.23 22:50:56 INFO  no build target found for C:\Users\PC\gest-paiement\gestion-paiements-v2\src\main\java\com\gestionpaiements\app\controller\MainViewController.java. Using fallback presentation compiler.
2026.08.23 22:50:58 INFO  no build target found for C:\Users\PC\gest-paiement\gestion-paiements-v2\src\main\java\com\gestionpaiements\app\controller\MainViewController.java. Using fallback presentation compiler.
2026.08.23 22:50:58 INFO  no build target found for C:\Users\PC\gest-paiement\gestion-paiements-v2\src\main\java\com\gestionpaiements\app\controller\MainViewController.java. Using fallback presentation compiler.
2026.08.23 22:50:58 INFO  no build target found for C:\Users\PC\gest-paiement\gestion-paiements-v2\src\main\java\com\gestionpaiements\app\controller\MainViewController.java. Using fallback presentation compiler.
2026.08.23 22:50:58 INFO  no build target found for C:\Users\PC\gest-paiement\gestion-paiements-v2\src\main\java\com\gestionpaiements\app\controller\MainViewController.java. Using fallback presentation compiler.
2026.08.23 22:50:58 INFO  no build target found for C:\Users\PC\gest-paiement\gestion-paiements-v2\src\main\java\com\gestionpaiements\app\controller\MainViewController.java. Using fallback presentation compiler.
2026.08.23 22:56:08 INFO  no build target found for C:\Users\PC\gest-paiement\gestion-paiements-v2\src\main\java\com\gestionpaiements\app\controller\MainViewController.java. Using fallback presentation compiler.
2026.08.23 22:56:08 WARN  no build target for: C:\Users\PC\gest-paiement\gestion-paiements-v2\src\main\java\com\gestionpaiements\app\controller\MainViewController.java
2026.08.23 22:56:08 INFO  no build target found for C:\Users\PC\gest-paiement\gestion-paiements-v2\src\main\java\com\gestionpaiements\app\controller\MainViewController.java. Using fallback presentation compiler.
2026.08.23 22:56:08 INFO  no build target found for C:\Users\PC\gest-paiement\gestion-paiements-v2\src\main\java\com\gestionpaiements\app\controller\MainViewController.java. Using fallback presentation compiler.
2026.08.23 22:56:08 INFO  no build target found for C:\Users\PC\gest-paiement\gestion-paiements-v2\src\main\java\com\gestionpaiements\app\controller\MainViewController.java. Using fallback presentation compiler.
2026.08.23 22:56:08 INFO  no build target found for C:\Users\PC\gest-paiement\gestion-paiements-v2\src\main\java\com\gestionpaiements\app\controller\MainViewController.java. Using fallback presentation compiler.
2026.08.23 22:56:08 INFO  no build target found for C:\Users\PC\gest-paiement\gestion-paiements-v2\src\main\java\com\gestionpaiements\app\controller\MainViewController.java. Using fallback presentation compiler.
2026.08.23 22:56:08 INFO  no build target found for C:\Users\PC\gest-paiement\gestion-paiements-v2\src\main\java\com\gestionpaiements\app\controller\MainViewController.java. Using fallback presentation compiler.
2026.08.23 22:56:09 INFO  no build target found for C:\Users\PC\gest-paiement\gestion-paiements-v2\src\main\java\com\gestionpaiements\app\controller\MainViewController.java. Using fallback presentation compiler.
2026.08.23 22:56:11 INFO  no build target found for C:\Users\PC\gest-paiement\gestion-paiements-v2\src\main\java\com\gestionpaiements\app\controller\MainViewController.java. Using fallback presentation compiler.
2026.08.23 22:56:11 INFO  no build target found for C:\Users\PC\gest-paiement\gestion-paiements-v2\src\main\java\com\gestionpaiements\app\controller\MainViewController.java. Using fallback presentation compiler.
2026.08.23 22:56:13 INFO  no build target found for C:\Users\PC\gest-paiement\gestion-paiements-v2\src\main\java\com\gestionpaiements\app\controller\MainViewController.java. Using fallback presentation compiler.
2026.08.23 22:56:13 INFO  no build target found for C:\Users\PC\gest-paiement\gestion-paiements-v2\src\main\java\com\gestionpaiements\app\controller\MainViewController.java. Using fallback presentation compiler.
2026.08.23 22:56:14 WARN  no build target for: C:\Users\PC\gest-paiement\gestion-paiements-v2\src\main\java\com\gestionpaiements\app\controller\MainViewController.java
2026.08.23 22:56:14 INFO  no build target found for C:\Users\PC\gest-paiement\gestion-paiements-v2\src\main\java\com\gestionpaiements\app\controller\MainViewController.java. Using fallback presentation compiler.
2026.08.23 22:56:15 INFO  no build target found for C:\Users\PC\gest-paiement\gestion-paiements-v2\src\main\java\com\gestionpaiements\app\controller\MainViewController.java. Using fallback presentation compiler.
2026.08.23 22:56:15 INFO  no build target found for C:\Users\PC\gest-paiement\gestion-paiements-v2\src\main\java\com\gestionpaiements\app\controller\MainViewController.java. Using fallback presentation compiler.
2026.08.23 22:56:17 INFO  no build target found for C:\Users\PC\gest-paiement\gestion-paiements-v2\src\main\java\com\gestionpaiements\app\service\ExcelFileManagerService.java. Using fallback presentation compiler.
2026.08.23 22:56:17 INFO  no build target found for C:\Users\PC\gest-paiement\gestion-paiements-v2\src\main\java\com\gestionpaiements\app\controller\AjouterPaiementController.java. Using fallback presentation compiler.
2026.08.23 22:56:18 WARN  no build target for: C:\Users\PC\gest-paiement\gestion-paiements-v2\src\main\java\com\gestionpaiements\app\controller\AjouterPaiementController.java
2026.08.23 22:56:18 INFO  no build target found for C:\Users\PC\gest-paiement\gestion-paiements-v2\src\main\java\com\gestionpaiements\app\controller\AjouterPaiementController.java. Using fallback presentation compiler.
2026.08.23 22:56:20 INFO  no build target found for C:\Users\PC\gest-paiement\gestion-paiements-v2\src\main\java\com\gestionpaiements\app\controller\AjouterPaiementController.java. Using fallback presentation compiler.
2026.08.23 22:56:24 WARN  no build target for: C:\Users\PC\gest-paiement\gestion-paiements-v2\src\main\java\com\gestionpaiements\app\controller\MainViewController.java
2026.08.23 22:56:24 INFO  no build target found for C:\Users\PC\gest-paiement\gestion-paiements-v2\src\main\java\com\gestionpaiements\app\controller\MainViewController.java. Using fallback presentation compiler.
2026.08.23 22:56:24 INFO  no build target found for C:\Users\PC\gest-paiement\gestion-paiements-v2\src\main\java\com\gestionpaiements\app\controller\MainViewController.java. Using fallback presentation compiler.
2026.08.23 22:56:24 INFO  no build target found for C:\Users\PC\gest-paiement\gestion-paiements-v2\src\main\java\com\gestionpaiements\app\controller\MainViewController.java. Using fallback presentation compiler.
2026.08.23 22:56:24 INFO  no build target found for C:\Users\PC\gest-paiement\gestion-paiements-v2\src\main\java\com\gestionpaiements\app\controller\MainViewController.java. Using fallback presentation compiler.
2026.08.23 22:56:25 INFO  no build target found for C:\Users\PC\gest-paiement\gestion-paiements-v2\src\main\java\com\gestionpaiements\app\controller\MainViewController.java. Using fallback presentation compiler.
2026.08.23 22:56:24 INFO  no build target found for C:\Users\PC\gest-paiement\gestion-paiements-v2\src\main\java\com\gestionpaiements\app\controller\MainViewController.java. Using fallback presentation compiler.
2026.08.23 22:56:49 INFO  no build target found for C:\Users\PC\gest-paiement\gestion-paiements-v2\src\main\java\com\gestionpaiements\app\controller\MainViewController.java. Using fallback presentation compiler.
2026.08.23 22:56:52 INFO  no build target found for C:\Users\PC\gest-paiement\gestion-paiements-v2\src\main\java\com\gestionpaiements\app\controller\MainViewController.java. Using fallback presentation compiler.
2026.08.23 22:56:52 INFO  no build target found for C:\Users\PC\gest-paiement\gestion-paiements-v2\src\main\java\com\gestionpaiements\app\controller\MainViewController.java. Using fallback presentation compiler.
2026.08.23 22:56:52 INFO  no build target found for C:\Users\PC\gest-paiement\gestion-paiements-v2\src\main\java\com\gestionpaiements\app\controller\MainViewController.java. Using fallback presentation compiler.
2026.08.23 22:56:52 INFO  no build target found for C:\Users\PC\gest-paiement\gestion-paiements-v2\src\main\java\com\gestionpaiements\app\controller\MainViewController.java. Using fallback presentation compiler.
2026.08.23 22:56:54 INFO  no build target found for C:\Users\PC\gest-paiement\gestion-paiements-v2\src\main\java\com\gestionpaiements\app\controller\MainViewController.java. Using fallback presentation compiler.
2026.08.23 22:56:54 INFO  no build target found for C:\Users\PC\gest-paiement\gestion-paiements-v2\src\main\java\com\gestionpaiements\app\controller\MainViewController.java. Using fallback presentation compiler.
2026.08.23 22:56:54 INFO  no build target found for C:\Users\PC\gest-paiement\gestion-paiements-v2\src\main\java\com\gestionpaiements\app\controller\MainViewController.java. Using fallback presentation compiler.
2026.08.23 22:56:55 INFO  no build target found for C:\Users\PC\gest-paiement\gestion-paiements-v2\src\main\java\com\gestionpaiements\app\controller\MainViewController.java. Using fallback presentation compiler.
2026.08.23 22:56:55 INFO  no build target found for C:\Users\PC\gest-paiement\gestion-paiements-v2\src\main\java\com\gestionpaiements\app\controller\MainViewController.java. Using fallback presentation compiler.
2026.08.23 22:56:55 INFO  no build target found for C:\Users\PC\gest-paiement\gestion-paiements-v2\src\main\java\com\gestionpaiements\app\controller\MainViewController.java. Using fallback presentation compiler.
2026.08.23 22:56:57 INFO  no build target found for C:\Users\PC\gest-paiement\gestion-paiements-v2\src\main\java\com\gestionpaiements\app\controller\MainViewController.java. Using fallback presentation compiler.
2026.08.23 22:56:58 INFO  no build target found for C:\Users\PC\gest-paiement\gestion-paiements-v2\src\main\java\com\gestionpaiements\app\controller\MainViewController.java. Using fallback presentation compiler.
2026.08.23 22:56:58 INFO  no build target found for C:\Users\PC\gest-paiement\gestion-paiements-v2\src\main\java\com\gestionpaiements\app\controller\MainViewController.java. Using fallback presentation compiler.
2026.08.23 22:57:10 INFO  no build target found for C:\Users\PC\gest-paiement\gestion-paiements-v2\src\main\java\com\gestionpaiements\app\controller\MainViewController.java. Using fallback presentation compiler.
2026.08.23 22:57:12 WARN  no build target for: C:\Users\PC\gest-paiement\gestion-paiements-v2\src\main\java\com\gestionpaiements\app\controller\AjouterPaiementController.java
2026.08.23 22:57:12 INFO  no build target found for C:\Users\PC\gest-paiement\gestion-paiements-v2\src\main\java\com\gestionpaiements\app\controller\AjouterPaiementController.java. Using fallback presentation compiler.
2026.08.23 22:57:12 INFO  no build target found for C:\Users\PC\gest-paiement\gestion-paiements-v2\src\main\java\com\gestionpaiements\app\controller\AjouterPaiementController.java. Using fallback presentation compiler.
2026.08.23 22:57:13 INFO  no build target found for C:\Users\PC\gest-paiement\gestion-paiements-v2\src\main\java\com\gestionpaiements\app\controller\AjouterPaiementController.java. Using fallback presentation compiler.
2026.08.23 22:57:56 INFO  no build target found for C:\Users\PC\gest-paiement\gestion-paiements-v2\src\main\java\com\gestionpaiements\app\controller\AjouterPaiementController.java. Using fallback presentation compiler.
2026.08.23 22:57:56 INFO  no build target found for C:\Users\PC\gest-paiement\gestion-paiements-v2\src\main\java\com\gestionpaiements\app\controller\MainViewController.java. Using fallback presentation compiler.
2026.08.23 22:57:57 WARN  no build target for: C:\Users\PC\gest-paiement\gestion-paiements-v2\src\main\java\com\gestionpaiements\app\controller\MainViewController.java
2026.08.23 22:57:57 INFO  no build target found for C:\Users\PC\gest-paiement\gestion-paiements-v2\src\main\java\com\gestionpaiements\app\controller\MainViewController.java. Using fallback presentation compiler.
2026.08.23 22:57:58 INFO  no build target found for C:\Users\PC\gest-paiement\gestion-paiements-v2\src\main\java\com\gestionpaiements\app\controller\MainViewController.java. Using fallback presentation compiler.
2026.08.23 22:57:58 INFO  no build target found for C:\Users\PC\gest-paiement\gestion-paiements-v2\src\main\java\com\gestionpaiements\app\controller\MainViewController.java. Using fallback presentation compiler.
2026.08.23 22:57:59 INFO  no build target found for C:\Users\PC\gest-paiement\gestion-paiements-v2\src\main\java\com\gestionpaiements\app\controller\MainViewController.java. Using fallback presentation compiler.
2026.08.23 22:57:59 INFO  no build target found for C:\Users\PC\gest-paiement\gestion-paiements-v2\src\main\java\com\gestionpaiements\app\controller\MainViewController.java. Using fallback presentation compiler.
2026.08.23 22:58:13 INFO  no build target found for C:\Users\PC\gest-paiement\gestion-paiements-v2\src\main\java\com\gestionpaiements\app\controller\MainViewController.java. Using fallback presentation compiler.
2026.08.23 22:58:18 INFO  no build target found for C:\Users\PC\gest-paiement\gestion-paiements-v2\src\main\java\com\gestionpaiements\app\controller\MainViewController.java. Using fallback presentation compiler.
2026.08.23 22:58:18 INFO  no build target found for C:\Users\PC\gest-paiement\gestion-paiements-v2\src\main\java\com\gestionpaiements\app\controller\MainViewController.java. Using fallback presentation compiler.
2026.08.23 22:58:18 INFO  no build target found for C:\Users\PC\gest-paiement\gestion-paiements-v2\src\main\java\com\gestionpaiements\app\controller\MainViewController.java. Using fallback presentation compiler.
2026.08.23 22:58:19 INFO  no build target found for C:\Users\PC\gest-paiement\gestion-paiements-v2\src\main\java\com\gestionpaiements\app\controller\MainViewController.java. Using fallback presentation compiler.
2026.08.23 22:58:19 INFO  no build target found for C:\Users\PC\gest-paiement\gestion-paiements-v2\src\main\java\com\gestionpaiements\app\controller\MainViewController.java. Using fallback presentation compiler.
2026.08.23 22:58:19 INFO  no build target found for C:\Users\PC\gest-paiement\gestion-paiements-v2\src\main\java\com\gestionpaiements\app\controller\MainViewController.java. Using fallback presentation compiler.
2026.08.23 22:58:19 INFO  no build target found for C:\Users\PC\gest-paiement\gestion-paiements-v2\src\main\java\com\gestionpaiements\app\controller\MainViewController.java. Using fallback presentation compiler.
2026.08.23 22:58:20 INFO  no build target found for C:\Users\PC\gest-paiement\gestion-paiements-v2\src\main\java\com\gestionpaiements\app\controller\MainViewController.java. Using fallback presentation compiler.
2026.08.23 22:58:21 INFO  no build target found for C:\Users\PC\gest-paiement\gestion-paiements-v2\src\main\java\com\gestionpaiements\app\controller\MainViewController.java. Using fallback presentation compiler.
2026.08.23 22:58:34 INFO  no build target found for C:\Users\PC\gest-paiement\gestion-paiements-v2\src\main\java\com\gestionpaiements\app\controller\MainViewController.java. Using fallback presentation compiler.
2026.08.23 22:58:34 INFO  no build target found for C:\Users\PC\gest-paiement\gestion-paiements-v2\src\main\java\com\gestionpaiements\app\controller\MainViewController.java. Using fallback presentation compiler.
2026.08.23 22:58:34 INFO  no build target found for C:\Users\PC\gest-paiement\gestion-paiements-v2\src\main\java\com\gestionpaiements\app\controller\MainViewController.java. Using fallback presentation compiler.
2026.08.23 22:58:34 INFO  no build target found for C:\Users\PC\gest-paiement\gestion-paiements-v2\src\main\java\com\gestionpaiements\app\controller\MainViewController.java. Using fallback presentation compiler.
2026.08.23 22:58:35 INFO  no build target found for C:\Users\PC\gest-paiement\gestion-paiements-v2\src\main\java\com\gestionpaiements\app\controller\MainViewController.java. Using fallback presentation compiler.
2026.08.23 22:58:34 INFO  no build target found for C:\Users\PC\gest-paiement\gestion-paiements-v2\src\main\java\com\gestionpaiements\app\controller\MainViewController.java. Using fallback presentation compiler.
2026.08.23 22:58:35 INFO  no build target found for C:\Users\PC\gest-paiement\gestion-paiements-v2\src\main\java\com\gestionpaiements\app\controller\MainViewController.java. Using fallback presentation compiler.
2026.08.23 22:58:35 INFO  no build target found for C:\Users\PC\gest-paiement\gestion-paiements-v2\src\main\java\com\gestionpaiements\app\controller\MainViewController.java. Using fallback presentation compiler.
2026.08.23 22:58:35 INFO  no build target found for C:\Users\PC\gest-paiement\gestion-paiements-v2\src\main\java\com\gestionpaiements\app\controller\MainViewController.java. Using fallback presentation compiler.
2026.08.23 22:58:38 INFO  no build target found for C:\Users\PC\gest-paiement\gestion-paiements-v2\src\main\java\com\gestionpaiements\app\controller\MainViewController.java. Using fallback presentation compiler.
2026.08.23 22:58:38 INFO  no build target found for C:\Users\PC\gest-paiement\gestion-paiements-v2\src\main\java\com\gestionpaiements\app\controller\MainViewController.java. Using fallback presentation compiler.
2026.08.23 22:58:38 INFO  no build target found for C:\Users\PC\gest-paiement\gestion-paiements-v2\src\main\java\com\gestionpaiements\app\controller\MainViewController.java. Using fallback presentation compiler.
2026.08.23 22:58:39 INFO  no build target found for C:\Users\PC\gest-paiement\gestion-paiements-v2\src\main\java\com\gestionpaiements\app\controller\MainViewController.java. Using fallback presentation compiler.
2026.08.23 22:58:41 INFO  no build target found for C:\Users\PC\gest-paiement\gestion-paiements-v2\src\main\java\com\gestionpaiements\app\controller\MainViewController.java. Using fallback presentation compiler.
2026.08.23 22:58:41 INFO  no build target found for C:\Users\PC\gest-paiement\gestion-paiements-v2\src\main\java\com\gestionpaiements\app\controller\MainViewController.java. Using fallback presentation compiler.
2026.08.23 22:58:41 INFO  no build target found for C:\Users\PC\gest-paiement\gestion-paiements-v2\src\main\java\com\gestionpaiements\app\controller\MainViewController.java. Using fallback presentation compiler.
2026.08.23 22:58:42 INFO  no build target found for C:\Users\PC\gest-paiement\gestion-paiements-v2\src\main\java\com\gestionpaiements\app\controller\MainViewController.java. Using fallback presentation compiler.
2026.08.23 22:58:42 INFO  no build target found for C:\Users\PC\gest-paiement\gestion-paiements-v2\src\main\java\com\gestionpaiements\app\controller\MainViewController.java. Using fallback presentation compiler.
2026.08.23 22:58:42 INFO  no build target found for C:\Users\PC\gest-paiement\gestion-paiements-v2\src\main\java\com\gestionpaiements\app\controller\MainViewController.java. Using fallback presentation compiler.
2026.08.23 22:58:44 INFO  no build target found for C:\Users\PC\gest-paiement\gestion-paiements-v2\src\main\java\com\gestionpaiements\app\controller\MainViewController.java. Using fallback presentation compiler.
2026.08.23 22:58:44 INFO  no build target found for C:\Users\PC\gest-paiement\gestion-paiements-v2\src\main\java\com\gestionpaiements\app\controller\MainViewController.java. Using fallback presentation compiler.
2026.08.23 22:58:45 WARN  no build target for: C:\Users\PC\gest-paiement\gestion-paiements-v2\src\main\java\com\gestionpaiements\app\controller\MainViewController.java
2026.08.23 22:58:45 INFO  no build target found for C:\Users\PC\gest-paiement\gestion-paiements-v2\src\main\java\com\gestionpaiements\app\controller\MainViewController.java. Using fallback presentation compiler.
2026.08.23 23:02:43 INFO  no build target found for C:\Users\PC\gest-paiement\gestion-paiements-v2\src\main\java\com\gestionpaiements\app\controller\MainViewController.java. Using fallback presentation compiler.
2026.08.23 23:02:45 INFO  no build target found for C:\Users\PC\gest-paiement\gestion-paiements-v2\src\main\java\com\gestionpaiements\app\controller\AjouterPaiementController.java. Using fallback presentation compiler.
2026.08.23 23:02:45 WARN  no build target for: C:\Users\PC\gest-paiement\gestion-paiements-v2\src\main\java\com\gestionpaiements\app\controller\LoginController.java
2026.08.23 23:02:45 INFO  no build target found for C:\Users\PC\gest-paiement\gestion-paiements-v2\src\main\java\com\gestionpaiements\app\controller\LoginController.java. Using fallback presentation compiler.
août 23, 2026 11:02:45 PM org.eclipse.lsp4j.jsonrpc.RemoteEndpoint handleCancellation
AVERTISSEMENT: Unmatched cancel notification for request id 757
2026.08.23 23:02:45 INFO  no build target found for C:\Users\PC\gest-paiement\gestion-paiements-v2\src\main\java\com\gestionpaiements\app\controller\LoginController.java. Using fallback presentation compiler.
2026.08.23 23:02:45 INFO  no build target found for C:\Users\PC\gest-paiement\gestion-paiements-v2\src\main\java\com\gestionpaiements\app\controller\LoginController.java. Using fallback presentation compiler.
2026.08.23 23:02:45 INFO  no build target found for C:\Users\PC\gest-paiement\gestion-paiements-v2\src\main\java\com\gestionpaiements\app\controller\LoginController.java. Using fallback presentation compiler.
2026.08.23 23:02:45 INFO  no build target found for C:\Users\PC\gest-paiement\gestion-paiements-v2\src\main\java\com\gestionpaiements\app\controller\LoginController.java. Using fallback presentation compiler.
2026.08.23 23:02:46 INFO  no build target found for C:\Users\PC\gest-paiement\gestion-paiements-v2\src\main\java\com\gestionpaiements\app\controller\LoginController.java. Using fallback presentation compiler.
2026.08.23 23:02:46 INFO  no build target found for C:\Users\PC\gest-paiement\gestion-paiements-v2\src\main\java\com\gestionpaiements\app\controller\LoginController.java. Using fallback presentation compiler.
2026.08.23 23:03:10 INFO  no build target found for C:\Users\PC\gest-paiement\gestion-paiements-v2\src\main\java\com\gestionpaiements\app\controller\LoginController.java. Using fallback presentation compiler.
2026.08.23 23:03:13 INFO  no build target found for C:\Users\PC\gest-paiement\gestion-paiements-v2\src\main\java\com\gestionpaiements\app\controller\LoginController.java. Using fallback presentation compiler.
2026.08.23 23:03:13 INFO  no build target found for C:\Users\PC\gest-paiement\gestion-paiements-v2\src\main\java\com\gestionpaiements\app\controller\LoginController.java. Using fallback presentation compiler.
2026.08.23 23:03:13 INFO  no build target found for C:\Users\PC\gest-paiement\gestion-paiements-v2\src\main\java\com\gestionpaiements\app\controller\LoginController.java. Using fallback presentation compiler.
2026.08.23 23:03:14 INFO  no build target found for C:\Users\PC\gest-paiement\gestion-paiements-v2\src\main\java\com\gestionpaiements\app\controller\LoginController.java. Using fallback presentation compiler.
2026.08.23 23:03:14 INFO  no build target found for C:\Users\PC\gest-paiement\gestion-paiements-v2\src\main\java\com\gestionpaiements\app\controller\LoginController.java. Using fallback presentation compiler.
2026.08.23 23:03:14 INFO  no build target found for C:\Users\PC\gest-paiement\gestion-paiements-v2\src\main\java\com\gestionpaiements\app\controller\LoginController.java. Using fallback presentation compiler.
2026.08.23 23:03:14 INFO  no build target found for C:\Users\PC\gest-paiement\gestion-paiements-v2\src\main\java\com\gestionpaiements\app\controller\LoginController.java. Using fallback presentation compiler.
2026.08.23 23:03:15 INFO  no build target found for C:\Users\PC\gest-paiement\gestion-paiements-v2\src\main\java\com\gestionpaiements\app\controller\LoginController.java. Using fallback presentation compiler.
2026.08.23 23:03:15 INFO  no build target found for C:\Users\PC\gest-paiement\gestion-paiements-v2\src\main\java\com\gestionpaiements\app\controller\LoginController.java. Using fallback presentation compiler.
2026.08.23 23:03:17 INFO  no build target found for C:\Users\PC\gest-paiement\gestion-paiements-v2\src\main\java\com\gestionpaiements\app\controller\LoginController.java. Using fallback presentation compiler.
2026.08.23 23:03:17 INFO  no build target found for C:\Users\PC\gest-paiement\gestion-paiements-v2\src\main\java\com\gestionpaiements\app\controller\LoginController.java. Using fallback presentation compiler.
2026.08.23 23:03:17 INFO  no build target found for C:\Users\PC\gest-paiement\gestion-paiements-v2\src\main\java\com\gestionpaiements\app\controller\LoginController.java. Using fallback presentation compiler.
2026.08.23 23:03:17 INFO  no build target found for C:\Users\PC\gest-paiement\gestion-paiements-v2\src\main\java\com\gestionpaiements\app\controller\LoginController.java. Using fallback presentation compiler.
2026.08.23 23:03:17 INFO  no build target found for C:\Users\PC\gest-paiement\gestion-paiements-v2\src\main\java\com\gestionpaiements\app\controller\LoginController.java. Using fallback presentation compiler.
2026.08.23 23:03:34 INFO  no build target found for C:\Users\PC\gest-paiement\gestion-paiements-v2\src\main\java\com\gestionpaiements\app\controller\LoginController.java. Using fallback presentation compiler.
2026.08.23 23:03:34 INFO  no build target found for C:\Users\PC\gest-paiement\gestion-paiements-v2\src\main\java\com\gestionpaiements\app\controller\LoginController.java. Using fallback presentation compiler.
2026.08.23 23:03:34 INFO  no build target found for C:\Users\PC\gest-paiement\gestion-paiements-v2\src\main\java\com\gestionpaiements\app\controller\LoginController.java. Using fallback presentation compiler.
2026.08.23 23:03:34 INFO  no build target found for C:\Users\PC\gest-paiement\gestion-paiements-v2\src\main\java\com\gestionpaiements\app\controller\LoginController.java. Using fallback presentation compiler.
2026.08.23 23:03:34 INFO  no build target found for C:\Users\PC\gest-paiement\gestion-paiements-v2\src\main\java\com\gestionpaiements\app\controller\LoginController.java. Using fallback presentation compiler.
2026.08.23 23:03:35 INFO  no build target found for C:\Users\PC\gest-paiement\gestion-paiements-v2\src\main\java\com\gestionpaiements\app\controller\LoginController.java. Using fallback presentation compiler.
2026.08.23 23:03:35 INFO  no build target found for C:\Users\PC\gest-paiement\gestion-paiements-v2\src\main\java\com\gestionpaiements\app\controller\LoginController.java. Using fallback presentation compiler.
2026.08.23 23:03:35 INFO  no build target found for C:\Users\PC\gest-paiement\gestion-paiements-v2\src\main\java\com\gestionpaiements\app\controller\LoginController.java. Using fallback presentation compiler.
2026.08.23 23:03:35 INFO  no build target found for C:\Users\PC\gest-paiement\gestion-paiements-v2\src\main\java\com\gestionpaiements\app\controller\LoginController.java. Using fallback presentation compiler.
2026.08.23 23:03:39 INFO  no build target found for C:\Users\PC\gest-paiement\gestion-paiements-v2\src\main\java\com\gestionpaiements\app\controller\LoginController.java. Using fallback presentation compiler.
2026.08.23 23:03:39 INFO  no build target found for C:\Users\PC\gest-paiement\gestion-paiements-v2\src\main\java\com\gestionpaiements\app\controller\LoginController.java. Using fallback presentation compiler.
2026.08.23 23:03:39 INFO  no build target found for C:\Users\PC\gest-paiement\gestion-paiements-v2\src\main\java\com\gestionpaiements\app\controller\LoginController.java. Using fallback presentation compiler.
2026.08.23 23:03:43 INFO  no build target found for C:\Users\PC\gest-paiement\gestion-paiements-v2\src\main\java\com\gestionpaiements\app\controller\LoginController.java. Using fallback presentation compiler.
2026.08.23 23:03:43 INFO  no build target found for C:\Users\PC\gest-paiement\gestion-paiements-v2\src\main\java\com\gestionpaiements\app\controller\LoginController.java. Using fallback presentation compiler.
2026.08.23 23:03:44 INFO  no build target found for C:\Users\PC\gest-paiement\gestion-paiements-v2\src\main\java\com\gestionpaiements\app\controller\LoginController.java. Using fallback presentation compiler.
2026.08.23 23:03:44 INFO  no build target found for C:\Users\PC\gest-paiement\gestion-paiements-v2\src\main\java\com\gestionpaiements\app\controller\LoginController.java. Using fallback presentation compiler.
2026.08.23 23:03:45 INFO  no build target found for C:\Users\PC\gest-paiement\gestion-paiements-v2\src\main\java\com\gestionpaiements\app\controller\LoginController.java. Using fallback presentation compiler.
2026.08.23 23:03:45 INFO  no build target found for C:\Users\PC\gest-paiement\gestion-paiements-v2\src\main\java\com\gestionpaiements\app\controller\LoginController.java. Using fallback presentation compiler.
2026.08.23 23:03:45 INFO  no build target found for C:\Users\PC\gest-paiement\gestion-paiements-v2\src\main\java\com\gestionpaiements\app\controller\LoginController.java. Using fallback presentation compiler.
2026.08.23 23:03:45 INFO  no build target found for C:\Users\PC\gest-paiement\gestion-paiements-v2\src\main\java\com\gestionpaiements\app\controller\LoginController.java. Using fallback presentation compiler.
2026.08.23 23:03:45 INFO  no build target found for C:\Users\PC\gest-paiement\gestion-paiements-v2\src\main\java\com\gestionpaiements\app\controller\LoginController.java. Using fallback presentation compiler.
2026.08.23 23:03:47 INFO  no build target found for C:\Users\PC\gest-paiement\gestion-paiements-v2\src\main\java\com\gestionpaiements\app\controller\LoginController.java. Using fallback presentation compiler.
2026.08.23 23:03:49 INFO  no build target found for C:\Users\PC\gest-paiement\gestion-paiements-v2\src\main\java\com\gestionpaiements\app\controller\LoginController.java. Using fallback presentation compiler.
2026.08.23 23:03:49 INFO  no build target found for C:\Users\PC\gest-paiement\gestion-paiements-v2\src\main\java\com\gestionpaiements\app\controller\LoginController.java. Using fallback presentation compiler.
2026.08.23 23:04:05 INFO  no build target found for C:\Users\PC\gest-paiement\gestion-paiements-v2\src\main\java\com\gestionpaiements\app\controller\LoginController.java. Using fallback presentation compiler.
2026.08.23 23:04:05 INFO  no build target found for C:\Users\PC\gest-paiement\gestion-paiements-v2\src\main\java\com\gestionpaiements\app\controller\LoginController.java. Using fallback presentation compiler.
2026.08.23 23:04:07 INFO  no build target found for C:\Users\PC\gest-paiement\gestion-paiements-v2\src\main\java\com\gestionpaiements\app\controller\LoginController.java. Using fallback presentation compiler.
2026.08.23 23:04:07 INFO  no build target found for C:\Users\PC\gest-paiement\gestion-paiements-v2\src\main\java\com\gestionpaiements\app\controller\LoginController.java. Using fallback presentation compiler.
2026.08.23 23:04:08 INFO  no build target found for C:\Users\PC\gest-paiement\gestion-paiements-v2\src\main\java\com\gestionpaiements\app\controller\LoginController.java. Using fallback presentation compiler.
2026.08.23 23:04:08 INFO  Created report: Optional[file:///C:/Users/PC/gest-paiement/gestion-paiements-v2/src/main/java/com/gestionpaiements/app/controller/LoginController.java]
2026.08.23 23:04:08 INFO  empty definition using pc, found symbol in pc: _empty_/FXMLLoader# (full report at: "C:\Users\PC\gest-paiement\gestion-paiements-v2\.metals\.reports\metals-full\2026-08-23\r_empty-definition_23-04-08-434.md")
2026.08.23 23:04:07 INFO  no build target found for C:\Users\PC\gest-paiement\gestion-paiements-v2\src\main\java\com\gestionpaiements\app\controller\LoginController.java. Using fallback presentation compiler.
2026.08.23 23:04:07 INFO  no build target found for C:\Users\PC\gest-paiement\gestion-paiements-v2\src\main\java\com\gestionpaiements\app\controller\LoginController.java. Using fallback presentation compiler.
2026.08.23 23:04:08 INFO  no build target found for C:\Users\PC\gest-paiement\gestion-paiements-v2\src\main\java\com\gestionpaiements\app\controller\LoginController.java. Using fallback presentation compiler.
2026.08.23 23:04:09 INFO  no build target found for C:\Users\PC\gest-paiement\gestion-paiements-v2\src\main\java\com\gestionpaiements\app\controller\LoginController.java. Using fallback presentation compiler.
2026.08.23 23:04:08 INFO  no build target found for C:\Users\PC\gest-paiement\gestion-paiements-v2\src\main\java\com\gestionpaiements\app\controller\LoginController.java. Using fallback presentation compiler.
2026.08.23 23:04:08 INFO  no build target found for C:\Users\PC\gest-paiement\gestion-paiements-v2\src\main\java\com\gestionpaiements\app\controller\LoginController.java. Using fallback presentation compiler.
août 23, 2026 11:04:09 PM org.eclipse.lsp4j.jsonrpc.RemoteEndpoint handleCancellation
AVERTISSEMENT: Unmatched cancel notification for request id 1026
2026.08.23 23:04:10 INFO  no build target found for C:\Users\PC\gest-paiement\gestion-paiements-v2\src\main\java\com\gestionpaiements\app\controller\LoginController.java. Using fallback presentation compiler.
2026.08.23 23:04:11 INFO  no build target found for C:\Users\PC\gest-paiement\gestion-paiements-v2\src\main\java\com\gestionpaiements\app\controller\LoginController.java. Using fallback presentation compiler.
2026.08.23 23:04:11 INFO  no build target found for C:\Users\PC\gest-paiement\gestion-paiements-v2\src\main\java\com\gestionpaiements\app\controller\LoginController.java. Using fallback presentation compiler.
2026.08.23 23:04:12 INFO  no build target found for C:\Users\PC\gest-paiement\gestion-paiements-v2\src\main\java\com\gestionpaiements\app\controller\LoginController.java. Using fallback presentation compiler.
2026.08.23 23:04:13 INFO  no build target found for C:\Users\PC\gest-paiement\gestion-paiements-v2\src\main\java\com\gestionpaiements\app\controller\LoginController.java. Using fallback presentation compiler.
2026.08.23 23:04:13 INFO  no build target found for C:\Users\PC\gest-paiement\gestion-paiements-v2\src\main\java\com\gestionpaiements\app\controller\LoginController.java. Using fallback presentation compiler.
2026.08.23 23:04:14 INFO  no build target found for C:\Users\PC\gest-paiement\gestion-paiements-v2\src\main\java\com\gestionpaiements\app\controller\LoginController.java. Using fallback presentation compiler.
2026.08.23 23:04:13 INFO  no build target found for C:\Users\PC\gest-paiement\gestion-paiements-v2\src\main\java\com\gestionpaiements\app\controller\LoginController.java. Using fallback presentation compiler.
2026.08.23 23:04:14 INFO  no build target found for C:\Users\PC\gest-paiement\gestion-paiements-v2\src\main\java\com\gestionpaiements\app\controller\LoginController.java. Using fallback presentation compiler.
2026.08.23 23:04:15 INFO  no build target found for C:\Users\PC\gest-paiement\gestion-paiements-v2\src\main\java\com\gestionpaiements\app\controller\LoginController.java. Using fallback presentation compiler.
2026.08.23 23:04:14 INFO  no build target found for C:\Users\PC\gest-paiement\gestion-paiements-v2\src\main\java\com\gestionpaiements\app\controller\LoginController.java. Using fallback presentation compiler.
2026.08.23 23:04:14 INFO  no build target found for C:\Users\PC\gest-paiement\gestion-paiements-v2\src\main\java\com\gestionpaiements\app\controller\LoginController.java. Using fallback presentation compiler.
2026.08.23 23:04:14 INFO  no build target found for C:\Users\PC\gest-paiement\gestion-paiements-v2\src\main\java\com\gestionpaiements\app\controller\LoginController.java. Using fallback presentation compiler.
2026.08.23 23:04:15 INFO  no build target found for C:\Users\PC\gest-paiement\gestion-paiements-v2\src\main\java\com\gestionpaiements\app\controller\LoginController.java. Using fallback presentation compiler.
2026.08.23 23:04:16 INFO  no build target found for C:\Users\PC\gest-paiement\gestion-paiements-v2\src\main\java\com\gestionpaiements\app\controller\LoginController.java. Using fallback presentation compiler.
2026.08.23 23:04:16 INFO  no build target found for C:\Users\PC\gest-paiement\gestion-paiements-v2\src\main\java\com\gestionpaiements\app\controller\LoginController.java. Using fallback presentation compiler.
2026.08.23 23:04:16 INFO  no build target found for C:\Users\PC\gest-paiement\gestion-paiements-v2\src\main\java\com\gestionpaiements\app\controller\LoginController.java. Using fallback presentation compiler.
2026.08.23 23:04:16 INFO  no build target found for C:\Users\PC\gest-paiement\gestion-paiements-v2\src\main\java\com\gestionpaiements\app\controller\LoginController.java. Using fallback presentation compiler.
2026.08.23 23:04:16 INFO  no build target found for C:\Users\PC\gest-paiement\gestion-paiements-v2\src\main\java\com\gestionpaiements\app\controller\LoginController.java. Using fallback presentation compiler.
2026.08.23 23:04:16 INFO  no build target found for C:\Users\PC\gest-paiement\gestion-paiements-v2\src\main\java\com\gestionpaiements\app\controller\LoginController.java. Using fallback presentation compiler.
2026.08.23 23:04:16 INFO  no build target found for C:\Users\PC\gest-paiement\gestion-paiements-v2\src\main\java\com\gestionpaiements\app\controller\LoginController.java. Using fallback presentation compiler.
2026.08.23 23:04:17 INFO  no build target found for C:\Users\PC\gest-paiement\gestion-paiements-v2\src\main\java\com\gestionpaiements\app\controller\LoginController.java. Using fallback presentation compiler.
2026.08.23 23:04:17 INFO  no build target found for C:\Users\PC\gest-paiement\gestion-paiements-v2\src\main\java\com\gestionpaiements\app\controller\LoginController.java. Using fallback presentation compiler.
2026.08.23 23:04:17 INFO  no build target found for C:\Users\PC\gest-paiement\gestion-paiements-v2\src\main\java\com\gestionpaiements\app\controller\LoginController.java. Using fallback presentation compiler.
2026.08.23 23:04:17 INFO  no build target found for C:\Users\PC\gest-paiement\gestion-paiements-v2\src\main\java\com\gestionpaiements\app\controller\LoginController.java. Using fallback presentation compiler.
2026.08.23 23:04:17 INFO  no build target found for C:\Users\PC\gest-paiement\gestion-paiements-v2\src\main\java\com\gestionpaiements\app\controller\LoginController.java. Using fallback presentation compiler.
2026.08.23 23:04:18 INFO  no build target found for C:\Users\PC\gest-paiement\gestion-paiements-v2\src\main\java\com\gestionpaiements\app\controller\LoginController.java. Using fallback presentation compiler.
2026.08.23 23:04:18 INFO  no build target found for C:\Users\PC\gest-paiement\gestion-paiements-v2\src\main\java\com\gestionpaiements\app\controller\LoginController.java. Using fallback presentation compiler.
2026.08.23 23:04:18 INFO  no build target found for C:\Users\PC\gest-paiement\gestion-paiements-v2\src\main\java\com\gestionpaiements\app\controller\LoginController.java. Using fallback presentation compiler.
2026.08.23 23:04:18 INFO  no build target found for C:\Users\PC\gest-paiement\gestion-paiements-v2\src\main\java\com\gestionpaiements\app\controller\LoginController.java. Using fallback presentation compiler.
2026.08.23 23:04:18 INFO  no build target found for C:\Users\PC\gest-paiement\gestion-paiements-v2\src\main\java\com\gestionpaiements\app\controller\LoginController.java. Using fallback presentation compiler.
2026.08.23 23:04:18 INFO  no build target found for C:\Users\PC\gest-paiement\gestion-paiements-v2\src\main\java\com\gestionpaiements\app\controller\LoginController.java. Using fallback presentation compiler.
2026.08.23 23:04:19 INFO  no build target found for C:\Users\PC\gest-paiement\gestion-paiements-v2\src\main\java\com\gestionpaiements\app\controller\LoginController.java. Using fallback presentation compiler.
2026.08.23 23:04:19 INFO  no build target found for C:\Users\PC\gest-paiement\gestion-paiements-v2\src\main\java\com\gestionpaiements\app\controller\LoginController.java. Using fallback presentation compiler.
2026.08.23 23:04:19 INFO  no build target found for C:\Users\PC\gest-paiement\gestion-paiements-v2\src\main\java\com\gestionpaiements\app\controller\LoginController.java. Using fallback presentation compiler.
2026.08.23 23:04:20 INFO  no build target found for C:\Users\PC\gest-paiement\gestion-paiements-v2\src\main\java\com\gestionpaiements\app\controller\LoginController.java. Using fallback presentation compiler.
2026.08.23 23:04:20 INFO  no build target found for C:\Users\PC\gest-paiement\gestion-paiements-v2\src\main\java\com\gestionpaiements\app\controller\LoginController.java. Using fallback presentation compiler.
2026.08.23 23:04:20 INFO  no build target found for C:\Users\PC\gest-paiement\gestion-paiements-v2\src\main\java\com\gestionpaiements\app\controller\LoginController.java. Using fallback presentation compiler.
2026.08.23 23:04:20 INFO  no build target found for C:\Users\PC\gest-paiement\gestion-paiements-v2\src\main\java\com\gestionpaiements\app\controller\LoginController.java. Using fallback presentation compiler.
2026.08.23 23:04:20 INFO  no build target found for C:\Users\PC\gest-paiement\gestion-paiements-v2\src\main\java\com\gestionpaiements\app\controller\LoginController.java. Using fallback presentation compiler.
2026.08.23 23:04:21 INFO  no build target found for C:\Users\PC\gest-paiement\gestion-paiements-v2\src\main\java\com\gestionpaiements\app\controller\LoginController.java. Using fallback presentation compiler.
2026.08.23 23:04:20 INFO  no build target found for C:\Users\PC\gest-paiement\gestion-paiements-v2\src\main\java\com\gestionpaiements\app\controller\LoginController.java. Using fallback presentation compiler.
2026.08.23 23:04:20 INFO  no build target found for C:\Users\PC\gest-paiement\gestion-paiements-v2\src\main\java\com\gestionpaiements\app\controller\LoginController.java. Using fallback presentation compiler.
2026.08.23 23:04:21 INFO  no build target found for C:\Users\PC\gest-paiement\gestion-paiements-v2\src\main\java\com\gestionpaiements\app\controller\LoginController.java. Using fallback presentation compiler.
2026.08.23 23:04:20 INFO  no build target found for C:\Users\PC\gest-paiement\gestion-paiements-v2\src\main\java\com\gestionpaiements\app\controller\LoginController.java. Using fallback presentation compiler.
2026.08.23 23:04:21 INFO  no build target found for C:\Users\PC\gest-paiement\gestion-paiements-v2\src\main\java\com\gestionpaiements\app\controller\LoginController.java. Using fallback presentation compiler.
2026.08.23 23:04:21 INFO  no build target found for C:\Users\PC\gest-paiement\gestion-paiements-v2\src\main\java\com\gestionpaiements\app\controller\LoginController.java. Using fallback presentation compiler.
2026.08.23 23:04:22 INFO  no build target found for C:\Users\PC\gest-paiement\gestion-paiements-v2\src\main\java\com\gestionpaiements\app\controller\LoginController.java. Using fallback presentation compiler.
2026.08.23 23:04:21 INFO  no build target found for C:\Users\PC\gest-paiement\gestion-paiements-v2\src\main\java\com\gestionpaiements\app\controller\LoginController.java. Using fallback presentation compiler.
2026.08.23 23:04:27 INFO  no build target found for C:\Users\PC\gest-paiement\gestion-paiements-v2\src\main\java\com\gestionpaiements\app\controller\LoginController.java. Using fallback presentation compiler.
2026.08.23 23:04:28 WARN  no build target for: C:\Users\PC\gest-paiement\gestion-paiements-v2\src\main\java\com\gestionpaiements\app\controller\LoginController.java
2026.08.23 23:04:28 INFO  no build target found for C:\Users\PC\gest-paiement\gestion-paiements-v2\src\main\java\com\gestionpaiements\app\controller\LoginController.java. Using fallback presentation compiler.
2026.08.23 23:11:28 INFO  no build target found for C:\Users\PC\gest-paiement\gestion-paiements-v2\src\main\java\com\gestionpaiements\app\controller\LoginController.java. Using fallback presentation compiler.
2026.08.23 23:11:35 WARN  no build target for: C:\Users\PC\gest-paiement\gestion-paiements-v2\src\main\java\com\gestionpaiements\app\service\ExcelFileManagerService.java
2026.08.23 23:11:35 INFO  no build target found for C:\Users\PC\gest-paiement\gestion-paiements-v2\src\main\java\com\gestionpaiements\app\service\ExcelFileManagerService.java. Using fallback presentation compiler.
2026.08.23 23:11:35 INFO  no build target found for C:\Users\PC\gest-paiement\gestion-paiements-v2\src\main\java\com\gestionpaiements\app\service\ExcelFileManagerService.java. Using fallback presentation compiler.
août 23, 2026 11:11:35 PM org.eclipse.lsp4j.jsonrpc.RemoteEndpoint handleCancellation
AVERTISSEMENT: Unmatched cancel notification for request id 1109
2026.08.23 23:11:35 INFO  no build target found for C:\Users\PC\gest-paiement\gestion-paiements-v2\src\main\java\com\gestionpaiements\app\service\ExcelFileManagerService.java. Using fallback presentation compiler.
2026.08.23 23:11:35 INFO  no build target found for C:\Users\PC\gest-paiement\gestion-paiements-v2\src\main\java\com\gestionpaiements\app\service\ExcelFileManagerService.java. Using fallback presentation compiler.
2026.08.23 23:11:36 INFO  no build target found for C:\Users\PC\gest-paiement\gestion-paiements-v2\src\main\java\com\gestionpaiements\app\service\ExcelFileManagerService.java. Using fallback presentation compiler.
2026.08.23 23:11:41 INFO  no build target found for C:\Users\PC\gest-paiement\gestion-paiements-v2\src\main\java\com\gestionpaiements\app\service\ExcelFileManagerService.java. Using fallback presentation compiler.
2026.08.23 23:11:41 INFO  no build target found for C:\Users\PC\gest-paiement\gestion-paiements-v2\src\main\java\com\gestionpaiements\app\service\ExcelFileManagerService.java. Using fallback presentation compiler.
2026.08.23 23:11:53 INFO  no build target found for C:\Users\PC\gest-paiement\gestion-paiements-v2\src\main\java\com\gestionpaiements\app\service\ExcelFileManagerService.java. Using fallback presentation compiler.
2026.08.23 23:11:53 INFO  no build target found for C:\Users\PC\gest-paiement\gestion-paiements-v2\src\main\java\com\gestionpaiements\app\service\ExcelFileManagerService.java. Using fallback presentation compiler.
2026.08.23 23:11:53 INFO  no build target found for C:\Users\PC\gest-paiement\gestion-paiements-v2\src\main\java\com\gestionpaiements\app\service\ExcelFileManagerService.java. Using fallback presentation compiler.
2026.08.23 23:11:54 INFO  no build target found for C:\Users\PC\gest-paiement\gestion-paiements-v2\src\main\java\com\gestionpaiements\app\service\ExcelFileManagerService.java. Using fallback presentation compiler.
2026.08.23 23:11:57 INFO  no build target found for C:\Users\PC\gest-paiement\gestion-paiements-v2\src\main\java\com\gestionpaiements\app\service\ExcelFileManagerService.java. Using fallback presentation compiler.
2026.08.23 23:11:57 INFO  no build target found for C:\Users\PC\gest-paiement\gestion-paiements-v2\src\main\java\com\gestionpaiements\app\service\ExcelFileManagerService.java. Using fallback presentation compiler.
2026.08.23 23:11:57 INFO  no build target found for C:\Users\PC\gest-paiement\gestion-paiements-v2\src\main\java\com\gestionpaiements\app\service\ExcelFileManagerService.java. Using fallback presentation compiler.
2026.08.23 23:12:09 INFO  no build target found for C:\Users\PC\gest-paiement\gestion-paiements-v2\src\main\java\com\gestionpaiements\app\service\ExcelFileManagerService.java. Using fallback presentation compiler.
2026.08.23 23:12:09 INFO  no build target found for C:\Users\PC\gest-paiement\gestion-paiements-v2\src\main\java\com\gestionpaiements\app\service\ExcelFileManagerService.java. Using fallback presentation compiler.
2026.08.23 23:12:09 INFO  no build target found for C:\Users\PC\gest-paiement\gestion-paiements-v2\src\main\java\com\gestionpaiements\app\service\ExcelFileManagerService.java. Using fallback presentation compiler.
2026.08.23 23:12:09 INFO  no build target found for C:\Users\PC\gest-paiement\gestion-paiements-v2\src\main\java\com\gestionpaiements\app\service\ExcelFileManagerService.java. Using fallback presentation compiler.
2026.08.23 23:12:11 INFO  no build target found for C:\Users\PC\gest-paiement\gestion-paiements-v2\src\main\java\com\gestionpaiements\app\service\ExcelFileManagerService.java. Using fallback presentation compiler.
2026.08.23 23:12:11 INFO  no build target found for C:\Users\PC\gest-paiement\gestion-paiements-v2\src\main\java\com\gestionpaiements\app\service\ExcelFileManagerService.java. Using fallback presentation compiler.
2026.08.23 23:12:17 INFO  no build target found for C:\Users\PC\gest-paiement\gestion-paiements-v2\src\main\java\com\gestionpaiements\app\service\ExcelFileManagerService.java. Using fallback presentation compiler.
2026.08.23 23:12:19 INFO  no build target found for C:\Users\PC\gest-paiement\gestion-paiements-v2\src\main\java\com\gestionpaiements\app\service\ExcelFileManagerService.java. Using fallback presentation compiler.
2026.08.23 23:12:19 INFO  no build target found for C:\Users\PC\gest-paiement\gestion-paiements-v2\src\main\java\com\gestionpaiements\app\service\ExcelFileManagerService.java. Using fallback presentation compiler.
2026.08.23 23:12:20 INFO  no build target found for C:\Users\PC\gest-paiement\gestion-paiements-v2\src\main\java\com\gestionpaiements\app\service\ExcelFileManagerService.java. Using fallback presentation compiler.
2026.08.23 23:12:33 INFO  no build target found for C:\Users\PC\gest-paiement\gestion-paiements-v2\src\main\java\com\gestionpaiements\app\service\ExcelFileManagerService.java. Using fallback presentation compiler.
2026.08.23 23:12:33 INFO  no build target found for C:\Users\PC\gest-paiement\gestion-paiements-v2\src\main\java\com\gestionpaiements\app\service\ExcelFileManagerService.java. Using fallback presentation compiler.
2026.08.23 23:13:11 INFO  no build target found for C:\Users\PC\gest-paiement\gestion-paiements-v2\src\main\java\com\gestionpaiements\app\service\ExcelFileManagerService.java. Using fallback presentation compiler.
2026.08.23 23:13:17 INFO  no build target found for C:\Users\PC\gest-paiement\gestion-paiements-v2\src\main\java\com\gestionpaiements\app\service\ExcelFileManagerService.java. Using fallback presentation compiler.
2026.08.23 23:13:17 INFO  no build target found for C:\Users\PC\gest-paiement\gestion-paiements-v2\src\main\java\com\gestionpaiements\app\service\ExcelFileManagerService.java. Using fallback presentation compiler.
2026.08.23 23:13:19 INFO  no build target found for C:\Users\PC\gest-paiement\gestion-paiements-v2\src\main\java\com\gestionpaiements\app\service\ExcelFileManagerService.java. Using fallback presentation compiler.
2026.08.23 23:13:21 INFO  no build target found for C:\Users\PC\gest-paiement\gestion-paiements-v2\src\main\java\com\gestionpaiements\app\service\ExcelFileManagerService.java. Using fallback presentation compiler.
2026.08.23 23:13:22 INFO  no build target found for C:\Users\PC\gest-paiement\gestion-paiements-v2\src\main\java\com\gestionpaiements\app\service\ExcelFileManagerService.java. Using fallback presentation compiler.
2026.08.23 23:13:27 INFO  no build target found for C:\Users\PC\gest-paiement\gestion-paiements-v2\src\main\java\com\gestionpaiements\app\service\ExcelFileManagerService.java. Using fallback presentation compiler.
2026.08.23 23:13:28 INFO  no build target found for C:\Users\PC\gest-paiement\gestion-paiements-v2\src\main\java\com\gestionpaiements\app\service\ExcelFileManagerService.java. Using fallback presentation compiler.
2026.08.23 23:13:29 INFO  no build target found for C:\Users\PC\gest-paiement\gestion-paiements-v2\src\main\java\com\gestionpaiements\app\service\ExcelFileManagerService.java. Using fallback presentation compiler.
2026.08.23 23:13:34 INFO  no build target found for C:\Users\PC\gest-paiement\gestion-paiements-v2\src\main\java\com\gestionpaiements\app\service\ExcelFileManagerService.java. Using fallback presentation compiler.
2026.08.23 23:13:34 INFO  no build target found for C:\Users\PC\gest-paiement\gestion-paiements-v2\src\main\java\com\gestionpaiements\app\service\ExcelFileManagerService.java. Using fallback presentation compiler.
2026.08.23 23:13:35 INFO  no build target found for C:\Users\PC\gest-paiement\gestion-paiements-v2\src\main\java\com\gestionpaiements\app\service\ExcelFileManagerService.java. Using fallback presentation compiler.
2026.08.23 23:13:46 INFO  no build target found for C:\Users\PC\gest-paiement\gestion-paiements-v2\src\main\java\com\gestionpaiements\app\service\ExcelFileManagerService.java. Using fallback presentation compiler.
2026.08.23 23:13:46 INFO  no build target found for C:\Users\PC\gest-paiement\gestion-paiements-v2\src\main\java\com\gestionpaiements\app\service\ExcelFileManagerService.java. Using fallback presentation compiler.
2026.08.23 23:13:46 INFO  no build target found for C:\Users\PC\gest-paiement\gestion-paiements-v2\src\main\java\com\gestionpaiements\app\service\ExcelFileManagerService.java. Using fallback presentation compiler.
2026.08.23 23:13:46 INFO  no build target found for C:\Users\PC\gest-paiement\gestion-paiements-v2\src\main\java\com\gestionpaiements\app\service\ExcelFileManagerService.java. Using fallback presentation compiler.
2026.08.23 23:13:48 INFO  no build target found for C:\Users\PC\gest-paiement\gestion-paiements-v2\src\main\java\com\gestionpaiements\app\service\ExcelFileManagerService.java. Using fallback presentation compiler.
2026.08.23 23:13:48 INFO  no build target found for C:\Users\PC\gest-paiement\gestion-paiements-v2\src\main\java\com\gestionpaiements\app\service\ExcelFileManagerService.java. Using fallback presentation compiler.
2026.08.23 23:13:50 INFO  no build target found for C:\Users\PC\gest-paiement\gestion-paiements-v2\src\main\java\com\gestionpaiements\app\service\ExcelFileManagerService.java. Using fallback presentation compiler.
2026.08.23 23:13:50 INFO  no build target found for C:\Users\PC\gest-paiement\gestion-paiements-v2\src\main\java\com\gestionpaiements\app\service\ExcelFileManagerService.java. Using fallback presentation compiler.
2026.08.23 23:13:52 INFO  no build target found for C:\Users\PC\gest-paiement\gestion-paiements-v2\src\main\java\com\gestionpaiements\app\service\ExcelFileManagerService.java. Using fallback presentation compiler.
2026.08.23 23:13:52 INFO  no build target found for C:\Users\PC\gest-paiement\gestion-paiements-v2\src\main\java\com\gestionpaiements\app\service\ExcelFileManagerService.java. Using fallback presentation compiler.
2026.08.23 23:13:53 INFO  no build target found for C:\Users\PC\gest-paiement\gestion-paiements-v2\src\main\java\com\gestionpaiements\app\service\ExcelFileManagerService.java. Using fallback presentation compiler.
2026.08.23 23:13:55 INFO  no build target found for C:\Users\PC\gest-paiement\gestion-paiements-v2\src\main\java\com\gestionpaiements\app\service\ExcelFileManagerService.java. Using fallback presentation compiler.
2026.08.23 23:14:01 INFO  no build target found for C:\Users\PC\gest-paiement\gestion-paiements-v2\src\main\java\com\gestionpaiements\app\service\ExcelFileManagerService.java. Using fallback presentation compiler.
2026.08.23 23:14:01 INFO  no build target found for C:\Users\PC\gest-paiement\gestion-paiements-v2\src\main\java\com\gestionpaiements\app\service\ExcelFileManagerService.java. Using fallback presentation compiler.
2026.08.23 23:14:01 INFO  no build target found for C:\Users\PC\gest-paiement\gestion-paiements-v2\src\main\java\com\gestionpaiements\app\service\ExcelFileManagerService.java. Using fallback presentation compiler.
2026.08.23 23:14:01 INFO  no build target found for C:\Users\PC\gest-paiement\gestion-paiements-v2\src\main\java\com\gestionpaiements\app\service\ExcelFileManagerService.java. Using fallback presentation compiler.
2026.08.23 23:14:13 INFO  no build target found for C:\Users\PC\gest-paiement\gestion-paiements-v2\src\main\java\com\gestionpaiements\app\service\ExcelFileManagerService.java. Using fallback presentation compiler.
2026.08.23 23:14:13 INFO  no build target found for C:\Users\PC\gest-paiement\gestion-paiements-v2\src\main\java\com\gestionpaiements\app\service\ExcelFileManagerService.java. Using fallback presentation compiler.
2026.08.23 23:14:15 INFO  no build target found for C:\Users\PC\gest-paiement\gestion-paiements-v2\src\main\java\com\gestionpaiements\app\service\ExcelFileManagerService.java. Using fallback presentation compiler.
2026.08.23 23:14:15 INFO  no build target found for C:\Users\PC\gest-paiement\gestion-paiements-v2\src\main\java\com\gestionpaiements\app\service\ExcelFileManagerService.java. Using fallback presentation compiler.
2026.08.23 23:14:18 INFO  no build target found for C:\Users\PC\gest-paiement\gestion-paiements-v2\src\main\java\com\gestionpaiements\app\service\ExcelFileManagerService.java. Using fallback presentation compiler.
2026.08.23 23:14:19 INFO  no build target found for C:\Users\PC\gest-paiement\gestion-paiements-v2\src\main\java\com\gestionpaiements\app\service\ExcelFileManagerService.java. Using fallback presentation compiler.
2026.08.23 23:14:19 INFO  no build target found for C:\Users\PC\gest-paiement\gestion-paiements-v2\src\main\java\com\gestionpaiements\app\service\ExcelFileManagerService.java. Using fallback presentation compiler.
2026.08.23 23:14:19 INFO  no build target found for C:\Users\PC\gest-paiement\gestion-paiements-v2\src\main\java\com\gestionpaiements\app\service\ExcelFileManagerService.java. Using fallback presentation compiler.
2026.08.23 23:14:20 INFO  no build target found for C:\Users\PC\gest-paiement\gestion-paiements-v2\src\main\java\com\gestionpaiements\app\service\ExcelFileManagerService.java. Using fallback presentation compiler.
2026.08.23 23:14:21 INFO  no build target found for C:\Users\PC\gest-paiement\gestion-paiements-v2\src\main\java\com\gestionpaiements\app\service\ExcelFileManagerService.java. Using fallback presentation compiler.
2026.08.23 23:14:21 INFO  no build target found for C:\Users\PC\gest-paiement\gestion-paiements-v2\src\main\java\com\gestionpaiements\app\service\ExcelFileManagerService.java. Using fallback presentation compiler.
2026.08.23 23:14:21 INFO  no build target found for C:\Users\PC\gest-paiement\gestion-paiements-v2\src\main\java\com\gestionpaiements\app\service\ExcelFileManagerService.java. Using fallback presentation compiler.
2026.08.23 23:14:23 WARN  no build target for: C:\Users\PC\gest-paiement\gestion-paiements-v2\src\main\java\com\gestionpaiements\app\service\ExcelFileManagerService.java
2026.08.23 23:14:23 INFO  no build target found for C:\Users\PC\gest-paiement\gestion-paiements-v2\src\main\java\com\gestionpaiements\app\service\ExcelFileManagerService.java. Using fallback presentation compiler.
2026.08.23 23:14:24 INFO  no build target found for C:\Users\PC\gest-paiement\gestion-paiements-v2\src\main\java\com\gestionpaiements\app\service\ExcelFileManagerService.java. Using fallback presentation compiler.
2026.08.23 23:14:34 INFO  no build target found for C:\Users\PC\gest-paiement\gestion-paiements-v2\src\main\java\com\gestionpaiements\app\service\ExcelFileManagerService.java. Using fallback presentation compiler.
2026.08.23 23:14:34 INFO  no build target found for C:\Users\PC\gest-paiement\gestion-paiements-v2\src\main\java\com\gestionpaiements\app\service\ExcelFileManagerService.java. Using fallback presentation compiler.
2026.08.23 23:14:34 INFO  no build target found for C:\Users\PC\gest-paiement\gestion-paiements-v2\src\main\java\com\gestionpaiements\app\service\ExcelFileManagerService.java. Using fallback presentation compiler.
2026.08.23 23:14:36 INFO  no build target found for C:\Users\PC\gest-paiement\gestion-paiements-v2\src\main\java\com\gestionpaiements\app\service\ExcelFileManagerService.java. Using fallback presentation compiler.
2026.08.23 23:14:36 INFO  no build target found for C:\Users\PC\gest-paiement\gestion-paiements-v2\src\main\java\com\gestionpaiements\app\service\ExcelFileManagerService.java. Using fallback presentation compiler.
2026.08.23 23:14:44 INFO  no build target found for C:\Users\PC\gest-paiement\gestion-paiements-v2\src\main\java\com\gestionpaiements\app\service\ExcelFileManagerService.java. Using fallback presentation compiler.
2026.08.23 23:14:44 INFO  no build target found for C:\Users\PC\gest-paiement\gestion-paiements-v2\src\main\java\com\gestionpaiements\app\service\ExcelFileManagerService.java. Using fallback presentation compiler.
2026.08.23 23:14:48 INFO  no build target found for C:\Users\PC\gest-paiement\gestion-paiements-v2\src\main\java\com\gestionpaiements\app\service\ExcelFileManagerService.java. Using fallback presentation compiler.
2026.08.23 23:14:48 INFO  no build target found for C:\Users\PC\gest-paiement\gestion-paiements-v2\src\main\java\com\gestionpaiements\app\service\ExcelFileManagerService.java. Using fallback presentation compiler.
2026.08.23 23:14:48 INFO  no build target found for C:\Users\PC\gest-paiement\gestion-paiements-v2\src\main\java\com\gestionpaiements\app\service\ExcelFileManagerService.java. Using fallback presentation compiler.
2026.08.23 23:14:48 INFO  no build target found for C:\Users\PC\gest-paiement\gestion-paiements-v2\src\main\java\com\gestionpaiements\app\service\ExcelFileManagerService.java. Using fallback presentation compiler.
2026.08.23 23:14:48 INFO  no build target found for C:\Users\PC\gest-paiement\gestion-paiements-v2\src\main\java\com\gestionpaiements\app\service\ExcelFileManagerService.java. Using fallback presentation compiler.
2026.08.23 23:14:50 INFO  no build target found for C:\Users\PC\gest-paiement\gestion-paiements-v2\src\main\java\com\gestionpaiements\app\service\ExcelFileManagerService.java. Using fallback presentation compiler.
2026.08.23 23:14:50 INFO  no build target found for C:\Users\PC\gest-paiement\gestion-paiements-v2\src\main\java\com\gestionpaiements\app\service\ExcelFileManagerService.java. Using fallback presentation compiler.
2026.08.23 23:14:55 INFO  no build target found for C:\Users\PC\gest-paiement\gestion-paiements-v2\src\main\java\com\gestionpaiements\app\service\ExcelFileManagerService.java. Using fallback presentation compiler.
2026.08.23 23:14:55 INFO  no build target found for C:\Users\PC\gest-paiement\gestion-paiements-v2\src\main\java\com\gestionpaiements\app\service\ExcelFileManagerService.java. Using fallback presentation compiler.
2026.08.23 23:14:55 INFO  no build target found for C:\Users\PC\gest-paiement\gestion-paiements-v2\src\main\java\com\gestionpaiements\app\service\ExcelFileManagerService.java. Using fallback presentation compiler.
2026.08.23 23:14:55 INFO  no build target found for C:\Users\PC\gest-paiement\gestion-paiements-v2\src\main\java\com\gestionpaiements\app\service\ExcelFileManagerService.java. Using fallback presentation compiler.
2026.08.23 23:14:55 INFO  no build target found for C:\Users\PC\gest-paiement\gestion-paiements-v2\src\main\java\com\gestionpaiements\app\service\ExcelFileManagerService.java. Using fallback presentation compiler.
2026.08.23 23:14:58 INFO  no build target found for C:\Users\PC\gest-paiement\gestion-paiements-v2\src\main\java\com\gestionpaiements\app\service\ExcelFileManagerService.java. Using fallback presentation compiler.
2026.08.23 23:14:58 INFO  no build target found for C:\Users\PC\gest-paiement\gestion-paiements-v2\src\main\java\com\gestionpaiements\app\service\ExcelFileManagerService.java. Using fallback presentation compiler.
2026.08.23 23:14:58 INFO  no build target found for C:\Users\PC\gest-paiement\gestion-paiements-v2\src\main\java\com\gestionpaiements\app\service\ExcelFileManagerService.java. Using fallback presentation compiler.
2026.08.23 23:14:58 INFO  no build target found for C:\Users\PC\gest-paiement\gestion-paiements-v2\src\main\java\com\gestionpaiements\app\service\ExcelFileManagerService.java. Using fallback presentation compiler.
2026.08.23 23:14:58 INFO  no build target found for C:\Users\PC\gest-paiement\gestion-paiements-v2\src\main\java\com\gestionpaiements\app\service\ExcelFileManagerService.java. Using fallback presentation compiler.
2026.08.23 23:14:59 INFO  no build target found for C:\Users\PC\gest-paiement\gestion-paiements-v2\src\main\java\com\gestionpaiements\app\service\ExcelFileManagerService.java. Using fallback presentation compiler.
2026.08.23 23:14:59 INFO  no build target found for C:\Users\PC\gest-paiement\gestion-paiements-v2\src\main\java\com\gestionpaiements\app\service\ExcelFileManagerService.java. Using fallback presentation compiler.
2026.08.23 23:15:03 INFO  no build target found for C:\Users\PC\gest-paiement\gestion-paiements-v2\src\main\java\com\gestionpaiements\app\service\ExcelFileManagerService.java. Using fallback presentation compiler.
2026.08.23 23:15:05 INFO  no build target found for C:\Users\PC\gest-paiement\gestion-paiements-v2\src\main\java\com\gestionpaiements\app\service\ExcelFileManagerService.java. Using fallback presentation compiler.
2026.08.23 23:15:05 INFO  no build target found for C:\Users\PC\gest-paiement\gestion-paiements-v2\src\main\java\com\gestionpaiements\app\service\ExcelFileManagerService.java. Using fallback presentation compiler.
2026.08.23 23:15:08 INFO  no build target found for C:\Users\PC\gest-paiement\gestion-paiements-v2\src\main\java\com\gestionpaiements\app\service\ExcelFileManagerService.java. Using fallback presentation compiler.
2026.08.23 23:15:12 INFO  no build target found for C:\Users\PC\gest-paiement\gestion-paiements-v2\src\main\java\com\gestionpaiements\app\service\ExcelFileManagerService.java. Using fallback presentation compiler.
2026.08.23 23:15:12 INFO  no build target found for C:\Users\PC\gest-paiement\gestion-paiements-v2\src\main\java\com\gestionpaiements\app\service\ExcelFileManagerService.java. Using fallback presentation compiler.
2026.08.23 23:15:17 INFO  no build target found for C:\Users\PC\gest-paiement\gestion-paiements-v2\src\main\java\com\gestionpaiements\app\service\ExcelFileManagerService.java. Using fallback presentation compiler.
2026.08.23 23:15:17 INFO  no build target found for C:\Users\PC\gest-paiement\gestion-paiements-v2\src\main\java\com\gestionpaiements\app\service\ExcelFileManagerService.java. Using fallback presentation compiler.
2026.08.23 23:15:17 INFO  no build target found for C:\Users\PC\gest-paiement\gestion-paiements-v2\src\main\java\com\gestionpaiements\app\service\ExcelFileManagerService.java. Using fallback presentation compiler.
2026.08.23 23:15:18 INFO  no build target found for C:\Users\PC\gest-paiement\gestion-paiements-v2\src\main\java\com\gestionpaiements\app\service\ExcelFileManagerService.java. Using fallback presentation compiler.
2026.08.23 23:15:19 INFO  no build target found for C:\Users\PC\gest-paiement\gestion-paiements-v2\src\main\java\com\gestionpaiements\app\service\ExcelFileManagerService.java. Using fallback presentation compiler.
2026.08.23 23:15:19 INFO  no build target found for C:\Users\PC\gest-paiement\gestion-paiements-v2\src\main\java\com\gestionpaiements\app\service\ExcelFileManagerService.java. Using fallback presentation compiler.
2026.08.23 23:15:20 INFO  no build target found for C:\Users\PC\gest-paiement\gestion-paiements-v2\src\main\java\com\gestionpaiements\app\service\ExcelFileManagerService.java. Using fallback presentation compiler.
2026.08.23 23:15:20 INFO  no build target found for C:\Users\PC\gest-paiement\gestion-paiements-v2\src\main\java\com\gestionpaiements\app\service\ExcelFileManagerService.java. Using fallback presentation compiler.
2026.08.23 23:15:20 INFO  no build target found for C:\Users\PC\gest-paiement\gestion-paiements-v2\src\main\java\com\gestionpaiements\app\service\ExcelFileManagerService.java. Using fallback presentation compiler.
2026.08.23 23:15:21 INFO  no build target found for C:\Users\PC\gest-paiement\gestion-paiements-v2\src\main\java\com\gestionpaiements\app\service\ExcelFileManagerService.java. Using fallback presentation compiler.
2026.08.23 23:15:20 INFO  no build target found for C:\Users\PC\gest-paiement\gestion-paiements-v2\src\main\java\com\gestionpaiements\app\service\ExcelFileManagerService.java. Using fallback presentation compiler.
2026.08.23 23:15:32 INFO  no build target found for C:\Users\PC\gest-paiement\gestion-paiements-v2\src\main\java\com\gestionpaiements\app\service\ExcelFileManagerService.java. Using fallback presentation compiler.
2026.08.23 23:15:34 INFO  no build target found for C:\Users\PC\gest-paiement\gestion-paiements-v2\src\main\java\com\gestionpaiements\app\service\ExcelFileManagerService.java. Using fallback presentation compiler.
2026.08.23 23:15:34 INFO  no build target found for C:\Users\PC\gest-paiement\gestion-paiements-v2\src\main\java\com\gestionpaiements\app\service\ExcelFileManagerService.java. Using fallback presentation compiler.
2026.08.23 23:15:40 INFO  no build target found for C:\Users\PC\gest-paiement\gestion-paiements-v2\src\main\java\com\gestionpaiements\app\service\ExcelFileManagerService.java. Using fallback presentation compiler.
2026.08.23 23:15:49 INFO  no build target found for C:\Users\PC\gest-paiement\gestion-paiements-v2\src\main\java\com\gestionpaiements\app\service\ExcelFileManagerService.java. Using fallback presentation compiler.
2026.08.23 23:15:49 INFO  no build target found for C:\Users\PC\gest-paiement\gestion-paiements-v2\src\main\java\com\gestionpaiements\app\service\ExcelFileManagerService.java. Using fallback presentation compiler.
2026.08.23 23:15:55 INFO  no build target found for C:\Users\PC\gest-paiement\gestion-paiements-v2\src\main\java\com\gestionpaiements\app\service\ExcelFileManagerService.java. Using fallback presentation compiler.
2026.08.23 23:15:55 INFO  no build target found for C:\Users\PC\gest-paiement\gestion-paiements-v2\src\main\java\com\gestionpaiements\app\service\ExcelFileManagerService.java. Using fallback presentation compiler.
2026.08.23 23:15:55 INFO  no build target found for C:\Users\PC\gest-paiement\gestion-paiements-v2\src\main\java\com\gestionpaiements\app\service\ExcelFileManagerService.java. Using fallback presentation compiler.
2026.08.23 23:15:55 INFO  no build target found for C:\Users\PC\gest-paiement\gestion-paiements-v2\src\main\java\com\gestionpaiements\app\service\ExcelFileManagerService.java. Using fallback presentation compiler.
2026.08.23 23:16:02 INFO  no build target found for C:\Users\PC\gest-paiement\gestion-paiements-v2\src\main\java\com\gestionpaiements\app\service\ExcelFileManagerService.java. Using fallback presentation compiler.
2026.08.23 23:16:02 INFO  no build target found for C:\Users\PC\gest-paiement\gestion-paiements-v2\src\main\java\com\gestionpaiements\app\service\ExcelFileManagerService.java. Using fallback presentation compiler.
2026.08.23 23:16:03 INFO  no build target found for C:\Users\PC\gest-paiement\gestion-paiements-v2\src\main\java\com\gestionpaiements\app\service\ExcelFileManagerService.java. Using fallback presentation compiler.
2026.08.23 23:16:03 INFO  no build target found for C:\Users\PC\gest-paiement\gestion-paiements-v2\src\main\java\com\gestionpaiements\app\service\ExcelFileManagerService.java. Using fallback presentation compiler.
2026.08.23 23:16:03 INFO  no build target found for C:\Users\PC\gest-paiement\gestion-paiements-v2\src\main\java\com\gestionpaiements\app\service\ExcelFileManagerService.java. Using fallback presentation compiler.
2026.08.23 23:16:03 INFO  no build target found for C:\Users\PC\gest-paiement\gestion-paiements-v2\src\main\java\com\gestionpaiements\app\service\ExcelFileManagerService.java. Using fallback presentation compiler.
2026.08.23 23:16:05 WARN  no build target for: C:\Users\PC\gest-paiement\gestion-paiements-v2\src\main\java\com\gestionpaiements\app\service\ExcelFileManagerService.java
2026.08.23 23:16:05 INFO  no build target found for C:\Users\PC\gest-paiement\gestion-paiements-v2\src\main\java\com\gestionpaiements\app\service\ExcelFileManagerService.java. Using fallback presentation compiler.
2026.08.23 23:16:13 INFO  no build target found for C:\Users\PC\gest-paiement\gestion-paiements-v2\src\main\java\com\gestionpaiements\app\service\ExcelFileManagerService.java. Using fallback presentation compiler.
2026.08.23 23:16:14 WARN  no build target for: C:\Users\PC\gest-paiement\gestion-paiements-v2\src\main\java\com\gestionpaiements\app\service\ExcelFileManagerService.java
2026.08.23 23:16:14 INFO  no build target found for C:\Users\PC\gest-paiement\gestion-paiements-v2\src\main\java\com\gestionpaiements\app\service\ExcelFileManagerService.java. Using fallback presentation compiler.
2026.08.24 00:00:51 INFO  no build target found for C:\Users\PC\gest-paiement\gestion-paiements-v2\src\main\java\com\gestionpaiements\app\controller\DashboardController.java. Using fallback presentation compiler.
2026.08.24 00:00:51 WARN  no build target for: C:\Users\PC\gest-paiement\gestion-paiements-v2\src\main\java\com\gestionpaiements\app\controller\DashboardController.java
2026.08.24 00:00:51 WARN  no build target for: C:\Users\PC\gest-paiement\gestion-paiements-v2\src\main\java\com\gestionpaiements\app\controller\DashboardController.java
2026.08.24 00:00:51 INFO  no build target found for C:\Users\PC\gest-paiement\gestion-paiements-v2\src\main\java\com\gestionpaiements\app\controller\DashboardController.java. Using fallback presentation compiler.
2026.08.24 00:00:51 INFO  no build target found for C:\Users\PC\gest-paiement\gestion-paiements-v2\src\main\java\com\gestionpaiements\app\controller\DashboardController.java. Using fallback presentation compiler.
2026.08.24 00:01:05 INFO  no build target found for C:\Users\PC\gest-paiement\gestion-paiements-v2\src\main\java\com\gestionpaiements\app\controller\DashboardController.java. Using fallback presentation compiler.
2026.08.24 00:01:05 INFO  no build target found for C:\Users\PC\gest-paiement\gestion-paiements-v2\src\main\java\com\gestionpaiements\app\controller\DashboardController.java. Using fallback presentation compiler.
2026.08.24 00:01:05 INFO  no build target found for C:\Users\PC\gest-paiement\gestion-paiements-v2\src\main\java\com\gestionpaiements\app\controller\DashboardController.java. Using fallback presentation compiler.
2026.08.24 00:01:06 INFO  no build target found for C:\Users\PC\gest-paiement\gestion-paiements-v2\src\main\java\com\gestionpaiements\app\controller\DashboardController.java. Using fallback presentation compiler.
2026.08.24 00:01:06 INFO  no build target found for C:\Users\PC\gest-paiement\gestion-paiements-v2\src\main\java\com\gestionpaiements\app\controller\DashboardController.java. Using fallback presentation compiler.
2026.08.24 00:01:06 INFO  no build target found for C:\Users\PC\gest-paiement\gestion-paiements-v2\src\main\java\com\gestionpaiements\app\controller\DashboardController.java. Using fallback presentation compiler.
2026.08.24 00:01:06 INFO  no build target found for C:\Users\PC\gest-paiement\gestion-paiements-v2\src\main\java\com\gestionpaiements\app\controller\DashboardController.java. Using fallback presentation compiler.
2026.08.24 00:01:06 INFO  no build target found for C:\Users\PC\gest-paiement\gestion-paiements-v2\src\main\java\com\gestionpaiements\app\controller\DashboardController.java. Using fallback presentation compiler.
2026.08.24 00:01:08 INFO  no build target found for C:\Users\PC\gest-paiement\gestion-paiements-v2\src\main\java\com\gestionpaiements\app\controller\DashboardController.java. Using fallback presentation compiler.
2026.08.24 00:01:08 INFO  no build target found for C:\Users\PC\gest-paiement\gestion-paiements-v2\src\main\java\com\gestionpaiements\app\controller\DashboardController.java. Using fallback presentation compiler.
2026.08.24 00:01:09 WARN  no build target for: C:\Users\PC\gest-paiement\gestion-paiements-v2\src\main\java\com\gestionpaiements\app\controller\DashboardController.java
2026.08.24 00:01:09 INFO  no build target found for C:\Users\PC\gest-paiement\gestion-paiements-v2\src\main\java\com\gestionpaiements\app\controller\DashboardController.java. Using fallback presentation compiler.
2026.08.24 00:01:10 INFO  no build target found for C:\Users\PC\gest-paiement\gestion-paiements-v2\src\main\java\com\gestionpaiements\app\controller\DashboardController.java. Using fallback presentation compiler.
2026.08.24 00:01:23 INFO  no build target found for C:\Users\PC\gest-paiement\gestion-paiements-v2\src\main\java\com\gestionpaiements\app\controller\DashboardController.java. Using fallback presentation compiler.
2026.08.24 00:01:26 WARN  no build target for: C:\Users\PC\gest-paiement\gestion-paiements-v2\src\main\java\com\gestionpaiements\app\service\PaiementService.java
2026.08.24 00:01:26 INFO  no build target found for C:\Users\PC\gest-paiement\gestion-paiements-v2\src\main\java\com\gestionpaiements\app\service\PaiementService.java. Using fallback presentation compiler.
2026.08.24 00:01:26 INFO  no build target found for C:\Users\PC\gest-paiement\gestion-paiements-v2\src\main\java\com\gestionpaiements\app\service\PaiementService.java. Using fallback presentation compiler.
2026.08.24 00:01:26 INFO  no build target found for C:\Users\PC\gest-paiement\gestion-paiements-v2\src\main\java\com\gestionpaiements\app\service\PaiementService.java. Using fallback presentation compiler.
2026.08.24 00:01:26 INFO  no build target found for C:\Users\PC\gest-paiement\gestion-paiements-v2\src\main\java\com\gestionpaiements\app\service\PaiementService.java. Using fallback presentation compiler.
2026.08.24 00:01:26 INFO  no build target found for C:\Users\PC\gest-paiement\gestion-paiements-v2\src\main\java\com\gestionpaiements\app\service\PaiementService.java. Using fallback presentation compiler.
2026.08.24 00:01:26 INFO  no build target found for C:\Users\PC\gest-paiement\gestion-paiements-v2\src\main\java\com\gestionpaiements\app\service\PaiementService.java. Using fallback presentation compiler.
2026.08.24 00:01:27 INFO  no build target found for C:\Users\PC\gest-paiement\gestion-paiements-v2\src\main\java\com\gestionpaiements\app\service\PaiementService.java. Using fallback presentation compiler.
2026.08.24 00:01:27 INFO  no build target found for C:\Users\PC\gest-paiement\gestion-paiements-v2\src\main\java\com\gestionpaiements\app\service\PaiementService.java. Using fallback presentation compiler.
2026.08.24 00:01:27 INFO  no build target found for C:\Users\PC\gest-paiement\gestion-paiements-v2\src\main\java\com\gestionpaiements\app\service\PaiementService.java. Using fallback presentation compiler.
2026.08.24 00:02:01 INFO  no build target found for C:\Users\PC\gest-paiement\gestion-paiements-v2\src\main\java\com\gestionpaiements\app\controller\MainViewController.java. Using fallback presentation compiler.
2026.08.24 00:02:01 WARN  no build target for: C:\Users\PC\gest-paiement\gestion-paiements-v2\src\main\java\com\gestionpaiements\app\controller\MainViewController.java
2026.08.24 00:02:01 INFO  no build target found for C:\Users\PC\gest-paiement\gestion-paiements-v2\src\main\java\com\gestionpaiements\app\controller\MainViewController.java. Using fallback presentation compiler.
2026.08.24 00:02:02 INFO  no build target found for C:\Users\PC\gest-paiement\gestion-paiements-v2\src\main\java\com\gestionpaiements\app\controller\MainViewController.java. Using fallback presentation compiler.
2026.08.24 00:02:01 INFO  no build target found for C:\Users\PC\gest-paiement\gestion-paiements-v2\src\main\java\com\gestionpaiements\app\controller\MainViewController.java. Using fallback presentation compiler.
2026.08.24 00:02:03 INFO  no build target found for C:\Users\PC\gest-paiement\gestion-paiements-v2\src\main\java\com\gestionpaiements\app\controller\MainViewController.java. Using fallback presentation compiler.
2026.08.24 00:02:03 INFO  no build target found for C:\Users\PC\gest-paiement\gestion-paiements-v2\src\main\java\com\gestionpaiements\app\controller\MainViewController.java. Using fallback presentation compiler.
2026.08.24 00:02:03 INFO  no build target found for C:\Users\PC\gest-paiement\gestion-paiements-v2\src\main\java\com\gestionpaiements\app\controller\MainViewController.java. Using fallback presentation compiler.
2026.08.24 00:02:03 INFO  no build target found for C:\Users\PC\gest-paiement\gestion-paiements-v2\src\main\java\com\gestionpaiements\app\controller\MainViewController.java. Using fallback presentation compiler.
2026.08.24 00:02:03 INFO  no build target found for C:\Users\PC\gest-paiement\gestion-paiements-v2\src\main\java\com\gestionpaiements\app\controller\MainViewController.java. Using fallback presentation compiler.
2026.08.24 00:02:04 INFO  no build target found for C:\Users\PC\gest-paiement\gestion-paiements-v2\src\main\java\com\gestionpaiements\app\controller\MainViewController.java. Using fallback presentation compiler.
2026.08.24 00:02:04 INFO  no build target found for C:\Users\PC\gest-paiement\gestion-paiements-v2\src\main\java\com\gestionpaiements\app\controller\MainViewController.java. Using fallback presentation compiler.
2026.08.24 00:03:35 INFO  no build target found for C:\Users\PC\gest-paiement\gestion-paiements-v2\src\main\java\com\gestionpaiements\app\service\PaiementService.java. Using fallback presentation compiler.
2026.08.24 00:03:35 WARN  no build target for: C:\Users\PC\gest-paiement\gestion-paiements-v2\src\main\java\com\gestionpaiements\app\service\PaiementService.java
2026.08.24 00:03:35 INFO  no build target found for C:\Users\PC\gest-paiement\gestion-paiements-v2\src\main\java\com\gestionpaiements\app\service\PaiementService.java. Using fallback presentation compiler.
2026.08.24 00:03:35 INFO  no build target found for C:\Users\PC\gest-paiement\gestion-paiements-v2\src\main\java\com\gestionpaiements\app\service\PaiementService.java. Using fallback presentation compiler.
2026.08.24 00:03:35 INFO  no build target found for C:\Users\PC\gest-paiement\gestion-paiements-v2\src\main\java\com\gestionpaiements\app\service\PaiementService.java. Using fallback presentation compiler.
2026.08.24 00:03:35 INFO  no build target found for C:\Users\PC\gest-paiement\gestion-paiements-v2\src\main\java\com\gestionpaiements\app\service\PaiementService.java. Using fallback presentation compiler.
2026.08.24 00:03:38 INFO  no build target found for C:\Users\PC\gest-paiement\gestion-paiements-v2\src\main\java\com\gestionpaiements\app\service\PaiementService.java. Using fallback presentation compiler.
2026.08.24 00:03:38 INFO  no build target found for C:\Users\PC\gest-paiement\gestion-paiements-v2\src\main\java\com\gestionpaiements\app\service\PaiementService.java. Using fallback presentation compiler.
2026.08.24 00:03:40 INFO  no build target found for C:\Users\PC\gest-paiement\gestion-paiements-v2\src\main\java\com\gestionpaiements\app\service\PaiementService.java. Using fallback presentation compiler.
2026.08.24 00:03:40 INFO  no build target found for C:\Users\PC\gest-paiement\gestion-paiements-v2\src\main\java\com\gestionpaiements\app\service\PaiementService.java. Using fallback presentation compiler.
2026.08.24 00:03:43 INFO  no build target found for C:\Users\PC\gest-paiement\gestion-paiements-v2\src\main\java\com\gestionpaiements\app\service\PaiementService.java. Using fallback presentation compiler.
2026.08.24 00:03:51 INFO  no build target found for C:\Users\PC\gest-paiement\gestion-paiements-v2\src\main\java\com\gestionpaiements\app\service\PaiementService.java. Using fallback presentation compiler.
2026.08.24 00:03:51 INFO  no build target found for C:\Users\PC\gest-paiement\gestion-paiements-v2\src\main\java\com\gestionpaiements\app\service\PaiementService.java. Using fallback presentation compiler.
2026.08.24 00:03:51 INFO  no build target found for C:\Users\PC\gest-paiement\gestion-paiements-v2\src\main\java\com\gestionpaiements\app\service\PaiementService.java. Using fallback presentation compiler.
2026.08.24 00:03:51 INFO  no build target found for C:\Users\PC\gest-paiement\gestion-paiements-v2\src\main\java\com\gestionpaiements\app\service\PaiementService.java. Using fallback presentation compiler.
2026.08.24 00:03:52 INFO  no build target found for C:\Users\PC\gest-paiement\gestion-paiements-v2\src\main\java\com\gestionpaiements\app\service\PaiementService.java. Using fallback presentation compiler.
2026.08.24 00:03:52 INFO  no build target found for C:\Users\PC\gest-paiement\gestion-paiements-v2\src\main\java\com\gestionpaiements\app\service\PaiementService.java. Using fallback presentation compiler.
2026.08.24 00:03:52 INFO  no build target found for C:\Users\PC\gest-paiement\gestion-paiements-v2\src\main\java\com\gestionpaiements\app\service\PaiementService.java. Using fallback presentation compiler.
2026.08.24 00:03:53 INFO  no build target found for C:\Users\PC\gest-paiement\gestion-paiements-v2\src\main\java\com\gestionpaiements\app\service\PaiementService.java. Using fallback presentation compiler.
2026.08.24 00:03:54 INFO  no build target found for C:\Users\PC\gest-paiement\gestion-paiements-v2\src\main\java\com\gestionpaiements\app\service\PaiementService.java. Using fallback presentation compiler.
2026.08.24 00:03:54 INFO  no build target found for C:\Users\PC\gest-paiement\gestion-paiements-v2\src\main\java\com\gestionpaiements\app\service\PaiementService.java. Using fallback presentation compiler.
2026.08.24 00:04:03 INFO  no build target found for C:\Users\PC\gest-paiement\gestion-paiements-v2\src\main\java\com\gestionpaiements\app\service\PaiementService.java. Using fallback presentation compiler.
2026.08.24 00:04:03 INFO  no build target found for C:\Users\PC\gest-paiement\gestion-paiements-v2\src\main\java\com\gestionpaiements\app\service\PaiementService.java. Using fallback presentation compiler.
2026.08.24 00:04:03 INFO  no build target found for C:\Users\PC\gest-paiement\gestion-paiements-v2\src\main\java\com\gestionpaiements\app\service\PaiementService.java. Using fallback presentation compiler.
2026.08.24 00:04:03 INFO  no build target found for C:\Users\PC\gest-paiement\gestion-paiements-v2\src\main\java\com\gestionpaiements\app\service\PaiementService.java. Using fallback presentation compiler.
2026.08.24 00:04:04 INFO  no build target found for C:\Users\PC\gest-paiement\gestion-paiements-v2\src\main\java\com\gestionpaiements\app\service\PaiementService.java. Using fallback presentation compiler.
2026.08.24 00:04:06 INFO  no build target found for C:\Users\PC\gest-paiement\gestion-paiements-v2\src\main\java\com\gestionpaiements\app\service\PaiementService.java. Using fallback presentation compiler.
2026.08.24 00:04:06 INFO  no build target found for C:\Users\PC\gest-paiement\gestion-paiements-v2\src\main\java\com\gestionpaiements\app\service\PaiementService.java. Using fallback presentation compiler.
2026.08.24 00:06:35 INFO  no build target found for C:\Users\PC\gest-paiement\gestion-paiements-v2\src\main\java\com\gestionpaiements\app\service\PaiementService.java. Using fallback presentation compiler.
2026.08.24 00:07:18 WARN  no build target for: C:\Users\PC\gest-paiement\gestion-paiements-v2\src\main\java\com\gestionpaiements\app\service\PaiementService.java
2026.08.24 00:07:18 INFO  no build target found for C:\Users\PC\gest-paiement\gestion-paiements-v2\src\main\java\com\gestionpaiements\app\service\PaiementService.java. Using fallback presentation compiler.
2026.08.24 00:07:19 INFO  no build target found for C:\Users\PC\gest-paiement\gestion-paiements-v2\src\main\java\com\gestionpaiements\app\service\PaiementService.java. Using fallback presentation compiler.
2026.08.24 00:07:27 INFO  no build target found for C:\Users\PC\gest-paiement\gestion-paiements-v2\src\main\java\com\gestionpaiements\app\service\PaiementService.java. Using fallback presentation compiler.
2026.08.24 00:07:29 INFO  no build target found for C:\Users\PC\gest-paiement\gestion-paiements-v2\src\main\java\com\gestionpaiements\app\service\PaiementService.java. Using fallback presentation compiler.
2026.08.24 00:07:30 INFO  no build target found for C:\Users\PC\gest-paiement\gestion-paiements-v2\src\main\java\com\gestionpaiements\app\service\PaiementService.java. Using fallback presentation compiler.
2026.08.24 00:07:36 INFO  no build target found for C:\Users\PC\gest-paiement\gestion-paiements-v2\src\main\java\com\gestionpaiements\app\service\PaiementService.java. Using fallback presentation compiler.
2026.08.24 00:07:36 INFO  no build target found for C:\Users\PC\gest-paiement\gestion-paiements-v2\src\main\java\com\gestionpaiements\app\service\PaiementService.java. Using fallback presentation compiler.
2026.08.24 00:07:38 INFO  no build target found for C:\Users\PC\gest-paiement\gestion-paiements-v2\src\main\java\com\gestionpaiements\app\service\PaiementService.java. Using fallback presentation compiler.
2026.08.24 00:07:38 WARN  Running javac-semanticdb failed for file:///C:/Users/PC/gest-paiement/gestion-paiements-v2/src/main/java/com/gestionpaiements/app/service/PaiementService.java. Output:

2026.08.24 00:07:38 INFO  no build target found for C:\Users\PC\gest-paiement\gestion-paiements-v2\src\main\java\com\gestionpaiements\app\service\PaiementService.java. Using fallback presentation compiler.
2026.08.24 00:07:39 INFO  no build target found for C:\Users\PC\gest-paiement\gestion-paiements-v2\src\main\java\com\gestionpaiements\app\service\PaiementService.java. Using fallback presentation compiler.
2026.08.24 00:07:39 INFO  no build target found for C:\Users\PC\gest-paiement\gestion-paiements-v2\src\main\java\com\gestionpaiements\app\service\PaiementService.java. Using fallback presentation compiler.
2026.08.24 00:07:40 WARN  Running javac-semanticdb failed for file:///C:/Users/PC/gest-paiement/gestion-paiements-v2/src/main/java/com/gestionpaiements/app/service/PaiementService.java. Output:

2026.08.24 00:07:40 INFO  no build target found for C:\Users\PC\gest-paiement\gestion-paiements-v2\src\main\java\com\gestionpaiements\app\service\PaiementService.java. Using fallback presentation compiler.
2026.08.24 00:07:40 INFO  no build target found for C:\Users\PC\gest-paiement\gestion-paiements-v2\src\main\java\com\gestionpaiements\app\service\PaiementService.java. Using fallback presentation compiler.
2026.08.24 00:07:41 WARN  Running javac-semanticdb failed for file:///C:/Users/PC/gest-paiement/gestion-paiements-v2/src/main/java/com/gestionpaiements/app/service/PaiementService.java. Output:

2026.08.24 00:07:40 INFO  no build target found for C:\Users\PC\gest-paiement\gestion-paiements-v2\src\main\java\com\gestionpaiements\app\service\PaiementService.java. Using fallback presentation compiler.
2026.08.24 00:07:40 INFO  no build target found for C:\Users\PC\gest-paiement\gestion-paiements-v2\src\main\java\com\gestionpaiements\app\service\PaiementService.java. Using fallback presentation compiler.
2026.08.24 00:07:41 WARN  Running javac-semanticdb failed for file:///C:/Users/PC/gest-paiement/gestion-paiements-v2/src/main/java/com/gestionpaiements/app/service/PaiementService.java. Output:

2026.08.24 00:07:41 INFO  no build target found for C:\Users\PC\gest-paiement\gestion-paiements-v2\src\main\java\com\gestionpaiements\app\service\PaiementService.java. Using fallback presentation compiler.
2026.08.24 00:07:42 INFO  no build target found for C:\Users\PC\gest-paiement\gestion-paiements-v2\src\main\java\com\gestionpaiements\app\service\PaiementService.java. Using fallback presentation compiler.
2026.08.24 00:07:41 WARN  Running javac-semanticdb failed for file:///C:/Users/PC/gest-paiement/gestion-paiements-v2/src/main/java/com/gestionpaiements/app/service/PaiementService.java. Output:

2026.08.24 00:07:42 INFO  no build target found for C:\Users\PC\gest-paiement\gestion-paiements-v2\src\main\java\com\gestionpaiements\app\service\PaiementService.java. Using fallback presentation compiler.
2026.08.24 00:07:43 INFO  no build target found for C:\Users\PC\gest-paiement\gestion-paiements-v2\src\main\java\com\gestionpaiements\app\service\PaiementService.java. Using fallback presentation compiler.
2026.08.24 00:07:43 INFO  no build target found for C:\Users\PC\gest-paiement\gestion-paiements-v2\src\main\java\com\gestionpaiements\app\service\PaiementService.java. Using fallback presentation compiler.
2026.08.24 00:07:43 WARN  Running javac-semanticdb failed for file:///C:/Users/PC/gest-paiement/gestion-paiements-v2/src/main/java/com/gestionpaiements/app/service/PaiementService.java. Output:

2026.08.24 00:07:43 INFO  no build target found for C:\Users\PC\gest-paiement\gestion-paiements-v2\src\main\java\com\gestionpaiements\app\service\PaiementService.java. Using fallback presentation compiler.
2026.08.24 00:07:43 INFO  no build target found for C:\Users\PC\gest-paiement\gestion-paiements-v2\src\main\java\com\gestionpaiements\app\service\PaiementService.java. Using fallback presentation compiler.
2026.08.24 00:07:45 INFO  no build target found for C:\Users\PC\gest-paiement\gestion-paiements-v2\src\main\java\com\gestionpaiements\app\service\PaiementService.java. Using fallback presentation compiler.
2026.08.24 00:07:45 INFO  no build target found for C:\Users\PC\gest-paiement\gestion-paiements-v2\src\main\java\com\gestionpaiements\app\service\PaiementService.java. Using fallback presentation compiler.
2026.08.24 00:07:47 INFO  no build target found for C:\Users\PC\gest-paiement\gestion-paiements-v2\src\main\java\com\gestionpaiements\app\service\PaiementService.java. Using fallback presentation compiler.
2026.08.24 00:07:49 INFO  no build target found for C:\Users\PC\gest-paiement\gestion-paiements-v2\src\main\java\com\gestionpaiements\app\service\PaiementService.java. Using fallback presentation compiler.
2026.08.24 00:07:49 INFO  no build target found for C:\Users\PC\gest-paiement\gestion-paiements-v2\src\main\java\com\gestionpaiements\app\service\PaiementService.java. Using fallback presentation compiler.
2026.08.24 00:07:49 INFO  no build target found for C:\Users\PC\gest-paiement\gestion-paiements-v2\src\main\java\com\gestionpaiements\app\service\PaiementService.java. Using fallback presentation compiler.
2026.08.24 00:07:51 INFO  no build target found for C:\Users\PC\gest-paiement\gestion-paiements-v2\src\main\java\com\gestionpaiements\app\service\PaiementService.java. Using fallback presentation compiler.
2026.08.24 00:07:51 INFO  no build target found for C:\Users\PC\gest-paiement\gestion-paiements-v2\src\main\java\com\gestionpaiements\app\service\PaiementService.java. Using fallback presentation compiler.
2026.08.24 00:07:51 INFO  no build target found for C:\Users\PC\gest-paiement\gestion-paiements-v2\src\main\java\com\gestionpaiements\app\service\PaiementService.java. Using fallback presentation compiler.
2026.08.24 00:07:51 INFO  no build target found for C:\Users\PC\gest-paiement\gestion-paiements-v2\src\main\java\com\gestionpaiements\app\service\PaiementService.java. Using fallback presentation compiler.
2026.08.24 00:07:51 INFO  no build target found for C:\Users\PC\gest-paiement\gestion-paiements-v2\src\main\java\com\gestionpaiements\app\service\PaiementService.java. Using fallback presentation compiler.
2026.08.24 00:07:52 INFO  no build target found for C:\Users\PC\gest-paiement\gestion-paiements-v2\src\main\java\com\gestionpaiements\app\service\PaiementService.java. Using fallback presentation compiler.
2026.08.24 00:07:52 INFO  no build target found for C:\Users\PC\gest-paiement\gestion-paiements-v2\src\main\java\com\gestionpaiements\app\service\PaiementService.java. Using fallback presentation compiler.
2026.08.24 00:07:53 INFO  no build target found for C:\Users\PC\gest-paiement\gestion-paiements-v2\src\main\java\com\gestionpaiements\app\service\PaiementService.java. Using fallback presentation compiler.
2026.08.24 00:11:34 INFO  no build target found for C:\Users\PC\gest-paiement\gestion-paiements-v2\src\main\java\com\gestionpaiements\app\service\PaiementService.java. Using fallback presentation compiler.
2026.08.24 00:11:36 INFO  no build target found for C:\Users\PC\gest-paiement\gestion-paiements-v2\src\main\java\com\gestionpaiements\app\service\PaiementService.java. Using fallback presentation compiler.
2026.08.24 00:11:37 INFO  no build target found for C:\Users\PC\gest-paiement\gestion-paiements-v2\src\main\java\com\gestionpaiements\app\service\PaiementService.java. Using fallback presentation compiler.
2026.08.24 00:11:37 INFO  no build target found for C:\Users\PC\gest-paiement\gestion-paiements-v2\src\main\java\com\gestionpaiements\app\service\PaiementService.java. Using fallback presentation compiler.
2026.08.24 00:11:39 INFO  no build target found for C:\Users\PC\gest-paiement\gestion-paiements-v2\src\main\java\com\gestionpaiements\app\service\PaiementService.java. Using fallback presentation compiler.
2026.08.24 00:11:41 INFO  no build target found for C:\Users\PC\gest-paiement\gestion-paiements-v2\src\main\java\com\gestionpaiements\app\service\PaiementService.java. Using fallback presentation compiler.
2026.08.24 00:11:44 INFO  no build target found for C:\Users\PC\gest-paiement\gestion-paiements-v2\src\main\java\com\gestionpaiements\app\service\PaiementService.java. Using fallback presentation compiler.
2026.08.24 00:11:44 INFO  no build target found for C:\Users\PC\gest-paiement\gestion-paiements-v2\src\main\java\com\gestionpaiements\app\service\PaiementService.java. Using fallback presentation compiler.
2026.08.24 00:11:44 INFO  no build target found for C:\Users\PC\gest-paiement\gestion-paiements-v2\src\main\java\com\gestionpaiements\app\service\PaiementService.java. Using fallback presentation compiler.
2026.08.24 00:11:44 INFO  no build target found for C:\Users\PC\gest-paiement\gestion-paiements-v2\src\main\java\com\gestionpaiements\app\service\PaiementService.java. Using fallback presentation compiler.
2026.08.24 00:11:45 WARN  Running javac-semanticdb failed for file:///C:/Users/PC/gest-paiement/gestion-paiements-v2/src/main/java/com/gestionpaiements/app/service/PaiementService.java. Output:

2026.08.24 00:11:45 INFO  no build target found for C:\Users\PC\gest-paiement\gestion-paiements-v2\src\main\java\com\gestionpaiements\app\service\PaiementService.java. Using fallback presentation compiler.
2026.08.24 00:11:45 INFO  no build target found for C:\Users\PC\gest-paiement\gestion-paiements-v2\src\main\java\com\gestionpaiements\app\service\PaiementService.java. Using fallback presentation compiler.
2026.08.24 00:11:45 INFO  no build target found for C:\Users\PC\gest-paiement\gestion-paiements-v2\src\main\java\com\gestionpaiements\app\service\PaiementService.java. Using fallback presentation compiler.
2026.08.24 00:11:47 INFO  no build target found for C:\Users\PC\gest-paiement\gestion-paiements-v2\src\main\java\com\gestionpaiements\app\service\PaiementService.java. Using fallback presentation compiler.
2026.08.24 00:11:47 INFO  no build target found for C:\Users\PC\gest-paiement\gestion-paiements-v2\src\main\java\com\gestionpaiements\app\service\PaiementService.java. Using fallback presentation compiler.
2026.08.24 00:11:48 INFO  no build target found for C:\Users\PC\gest-paiement\gestion-paiements-v2\src\main\java\com\gestionpaiements\app\service\PaiementService.java. Using fallback presentation compiler.
2026.08.24 00:11:49 WARN  Running javac-semanticdb failed for file:///C:/Users/PC/gest-paiement/gestion-paiements-v2/src/main/java/com/gestionpaiements/app/service/PaiementService.java. Output:

2026.08.24 00:11:49 INFO  no build target found for C:\Users\PC\gest-paiement\gestion-paiements-v2\src\main\java\com\gestionpaiements\app\service\PaiementService.java. Using fallback presentation compiler.
2026.08.24 00:11:50 WARN  no build target for: C:\Users\PC\gest-paiement\gestion-paiements-v2\src\main\java\com\gestionpaiements\app\service\PaiementService.java
2026.08.24 00:11:50 INFO  no build target found for C:\Users\PC\gest-paiement\gestion-paiements-v2\src\main\java\com\gestionpaiements\app\service\PaiementService.java. Using fallback presentation compiler.
2026.08.24 00:16:46 INFO  no build target found for C:\Users\PC\gest-paiement\gestion-paiements-v2\src\main\java\com\gestionpaiements\app\service\ExcelFileManagerService.java. Using fallback presentation compiler.
2026.08.24 00:16:46 WARN  no build target for: C:\Users\PC\gest-paiement\gestion-paiements-v2\src\main\java\com\gestionpaiements\app\service\ExcelFileManagerService.java
2026.08.24 00:16:46 INFO  no build target found for C:\Users\PC\gest-paiement\gestion-paiements-v2\src\main\java\com\gestionpaiements\app\service\ExcelFileManagerService.java. Using fallback presentation compiler.
2026.08.24 00:16:46 INFO  no build target found for C:\Users\PC\gest-paiement\gestion-paiements-v2\src\main\java\com\gestionpaiements\app\service\ExcelFileManagerService.java. Using fallback presentation compiler.
2026.08.24 00:16:46 INFO  no build target found for C:\Users\PC\gest-paiement\gestion-paiements-v2\src\main\java\com\gestionpaiements\app\service\ExcelFileManagerService.java. Using fallback presentation compiler.
2026.08.24 00:16:55 INFO  no build target found for C:\Users\PC\gest-paiement\gestion-paiements-v2\src\main\java\com\gestionpaiements\app\controller\MainViewController.java. Using fallback presentation compiler.
2026.08.24 00:16:55 WARN  no build target for: C:\Users\PC\gest-paiement\gestion-paiements-v2\src\main\java\com\gestionpaiements\app\controller\MainViewController.java
2026.08.24 00:16:55 INFO  no build target found for C:\Users\PC\gest-paiement\gestion-paiements-v2\src\main\java\com\gestionpaiements\app\controller\MainViewController.java. Using fallback presentation compiler.
2026.08.24 00:16:55 INFO  no build target found for C:\Users\PC\gest-paiement\gestion-paiements-v2\src\main\java\com\gestionpaiements\app\controller\MainViewController.java. Using fallback presentation compiler.
2026.08.24 00:16:55 INFO  no build target found for C:\Users\PC\gest-paiement\gestion-paiements-v2\src\main\java\com\gestionpaiements\app\controller\MainViewController.java. Using fallback presentation compiler.
2026.08.24 00:16:55 INFO  no build target found for C:\Users\PC\gest-paiement\gestion-paiements-v2\src\main\java\com\gestionpaiements\app\controller\MainViewController.java. Using fallback presentation compiler.
2026.08.24 00:17:03 INFO  no build target found for C:\Users\PC\gest-paiement\gestion-paiements-v2\src\main\java\com\gestionpaiements\app\controller\MainViewController.java. Using fallback presentation compiler.
2026.08.24 00:17:03 INFO  no build target found for C:\Users\PC\gest-paiement\gestion-paiements-v2\src\main\java\com\gestionpaiements\app\controller\MainViewController.java. Using fallback presentation compiler.
2026.08.24 00:17:03 INFO  no build target found for C:\Users\PC\gest-paiement\gestion-paiements-v2\src\main\java\com\gestionpaiements\app\controller\MainViewController.java. Using fallback presentation compiler.
2026.08.24 00:17:05 INFO  no build target found for C:\Users\PC\gest-paiement\gestion-paiements-v2\src\main\java\com\gestionpaiements\app\controller\MainViewController.java. Using fallback presentation compiler.
2026.08.24 00:17:05 INFO  no build target found for C:\Users\PC\gest-paiement\gestion-paiements-v2\src\main\java\com\gestionpaiements\app\controller\MainViewController.java. Using fallback presentation compiler.
2026.08.24 00:17:06 WARN  no build target for: C:\Users\PC\gest-paiement\gestion-paiements-v2\src\main\java\com\gestionpaiements\app\controller\MainViewController.java
2026.08.24 00:17:06 INFO  no build target found for C:\Users\PC\gest-paiement\gestion-paiements-v2\src\main\java\com\gestionpaiements\app\controller\MainViewController.java. Using fallback presentation compiler.
2026.08.24 00:17:07 INFO  no build target found for C:\Users\PC\gest-paiement\gestion-paiements-v2\src\main\java\com\gestionpaiements\app\controller\MainViewController.java. Using fallback presentation compiler.
2026.08.24 00:17:07 INFO  no build target found for C:\Users\PC\gest-paiement\gestion-paiements-v2\src\main\java\com\gestionpaiements\app\controller\MainViewController.java. Using fallback presentation compiler.
2026.08.24 00:17:07 INFO  no build target found for C:\Users\PC\gest-paiement\gestion-paiements-v2\src\main\java\com\gestionpaiements\app\controller\MainViewController.java. Using fallback presentation compiler.
2026.08.24 00:17:08 INFO  no build target found for C:\Users\PC\gest-paiement\gestion-paiements-v2\src\main\java\com\gestionpaiements\app\controller\MainViewController.java. Using fallback presentation compiler.
2026.08.24 00:45:30 INFO  no build target found for C:\Users\PC\gest-paiement\gestion-paiements-v2\src\main\java\com\gestionpaiements\app\controller\MainViewController.java. Using fallback presentation compiler.
août 24, 2026 12:45:31 AM org.eclipse.lsp4j.jsonrpc.RemoteEndpoint handleCancellation
AVERTISSEMENT: Unmatched cancel notification for request id 2035
2026.08.24 00:45:30 INFO  no build target found for C:\Users\PC\gest-paiement\gestion-paiements-v2\src\main\java\com\gestionpaiements\app\controller\MainViewController.java. Using fallback presentation compiler.
2026.08.24 00:45:32 INFO  no build target found for C:\Users\PC\gest-paiement\gestion-paiements-v2\src\main\java\com\gestionpaiements\app\controller\LoginController.java. Using fallback presentation compiler.
2026.08.24 00:45:32 WARN  no build target for: C:\Users\PC\gest-paiement\gestion-paiements-v2\src\main\java\com\gestionpaiements\app\controller\LoginController.java
2026.08.24 00:45:32 INFO  no build target found for C:\Users\PC\gest-paiement\gestion-paiements-v2\src\main\java\com\gestionpaiements\app\controller\LoginController.java. Using fallback presentation compiler.
2026.08.24 00:45:33 INFO  no build target found for C:\Users\PC\gest-paiement\gestion-paiements-v2\src\main\java\com\gestionpaiements\app\controller\LoginController.java. Using fallback presentation compiler.
2026.08.24 00:45:33 INFO  no build target found for C:\Users\PC\gest-paiement\gestion-paiements-v2\src\main\java\com\gestionpaiements\app\controller\LoginController.java. Using fallback presentation compiler.
2026.08.24 00:45:34 INFO  no build target found for C:\Users\PC\gest-paiement\gestion-paiements-v2\src\main\java\com\gestionpaiements\app\controller\LoginController.java. Using fallback presentation compiler.
2026.08.24 00:48:00 INFO  no build target found for C:\Users\PC\gest-paiement\gestion-paiements-v2\src\main\java\com\gestionpaiements\app\controller\LoginController.java. Using fallback presentation compiler.
2026.08.24 00:48:00 INFO  no build target found for C:\Users\PC\gest-paiement\gestion-paiements-v2\src\main\java\com\gestionpaiements\app\controller\LoginController.java. Using fallback presentation compiler.
2026.08.24 00:48:00 INFO  no build target found for C:\Users\PC\gest-paiement\gestion-paiements-v2\src\main\java\com\gestionpaiements\app\controller\LoginController.java. Using fallback presentation compiler.
2026.08.24 00:48:00 INFO  no build target found for C:\Users\PC\gest-paiement\gestion-paiements-v2\src\main\java\com\gestionpaiements\app\controller\LoginController.java. Using fallback presentation compiler.
2026.08.24 00:48:09 INFO  no build target found for C:\Users\PC\gest-paiement\gestion-paiements-v2\src\main\java\com\gestionpaiements\app\controller\LoginController.java. Using fallback presentation compiler.
2026.08.24 00:48:09 INFO  no build target found for C:\Users\PC\gest-paiement\gestion-paiements-v2\src\main\java\com\gestionpaiements\app\controller\LoginController.java. Using fallback presentation compiler.
2026.08.24 00:48:09 INFO  no build target found for C:\Users\PC\gest-paiement\gestion-paiements-v2\src\main\java\com\gestionpaiements\app\controller\LoginController.java. Using fallback presentation compiler.
2026.08.24 00:48:14 INFO  no build target found for C:\Users\PC\gest-paiement\gestion-paiements-v2\src\main\java\com\gestionpaiements\app\controller\LoginController.java. Using fallback presentation compiler.
2026.08.24 00:48:14 INFO  no build target found for C:\Users\PC\gest-paiement\gestion-paiements-v2\src\main\java\com\gestionpaiements\app\controller\LoginController.java. Using fallback presentation compiler.
2026.08.24 00:48:14 INFO  no build target found for C:\Users\PC\gest-paiement\gestion-paiements-v2\src\main\java\com\gestionpaiements\app\controller\LoginController.java. Using fallback presentation compiler.
2026.08.24 00:48:14 INFO  no build target found for C:\Users\PC\gest-paiement\gestion-paiements-v2\src\main\java\com\gestionpaiements\app\controller\LoginController.java. Using fallback presentation compiler.
2026.08.24 00:48:16 INFO  no build target found for C:\Users\PC\gest-paiement\gestion-paiements-v2\src\main\java\com\gestionpaiements\app\controller\LoginController.java. Using fallback presentation compiler.
2026.08.24 00:48:16 INFO  no build target found for C:\Users\PC\gest-paiement\gestion-paiements-v2\src\main\java\com\gestionpaiements\app\controller\LoginController.java. Using fallback presentation compiler.
2026.08.24 00:48:16 INFO  no build target found for C:\Users\PC\gest-paiement\gestion-paiements-v2\src\main\java\com\gestionpaiements\app\controller\LoginController.java. Using fallback presentation compiler.
2026.08.24 00:48:16 INFO  no build target found for C:\Users\PC\gest-paiement\gestion-paiements-v2\src\main\java\com\gestionpaiements\app\controller\LoginController.java. Using fallback presentation compiler.
2026.08.24 00:48:17 INFO  no build target found for C:\Users\PC\gest-paiement\gestion-paiements-v2\src\main\java\com\gestionpaiements\app\controller\LoginController.java. Using fallback presentation compiler.
2026.08.24 00:48:17 INFO  no build target found for C:\Users\PC\gest-paiement\gestion-paiements-v2\src\main\java\com\gestionpaiements\app\controller\LoginController.java. Using fallback presentation compiler.
2026.08.24 00:48:20 INFO  no build target found for C:\Users\PC\gest-paiement\gestion-paiements-v2\src\main\java\com\gestionpaiements\app\controller\LoginController.java. Using fallback presentation compiler.
2026.08.24 00:48:20 INFO  no build target found for C:\Users\PC\gest-paiement\gestion-paiements-v2\src\main\java\com\gestionpaiements\app\controller\LoginController.java. Using fallback presentation compiler.
2026.08.24 00:48:25 INFO  no build target found for C:\Users\PC\gest-paiement\gestion-paiements-v2\src\main\java\com\gestionpaiements\app\controller\LoginController.java. Using fallback presentation compiler.
2026.08.24 00:48:25 INFO  no build target found for C:\Users\PC\gest-paiement\gestion-paiements-v2\src\main\java\com\gestionpaiements\app\controller\LoginController.java. Using fallback presentation compiler.
2026.08.24 00:48:26 INFO  no build target found for C:\Users\PC\gest-paiement\gestion-paiements-v2\src\main\java\com\gestionpaiements\app\controller\LoginController.java. Using fallback presentation compiler.
2026.08.24 00:48:26 INFO  no build target found for C:\Users\PC\gest-paiement\gestion-paiements-v2\src\main\java\com\gestionpaiements\app\controller\LoginController.java. Using fallback presentation compiler.
2026.08.24 00:48:27 INFO  no build target found for C:\Users\PC\gest-paiement\gestion-paiements-v2\src\main\java\com\gestionpaiements\app\controller\LoginController.java. Using fallback presentation compiler.
2026.08.24 00:48:27 INFO  no build target found for C:\Users\PC\gest-paiement\gestion-paiements-v2\src\main\java\com\gestionpaiements\app\controller\LoginController.java. Using fallback presentation compiler.
2026.08.24 00:48:27 INFO  no build target found for C:\Users\PC\gest-paiement\gestion-paiements-v2\src\main\java\com\gestionpaiements\app\controller\LoginController.java. Using fallback presentation compiler.
2026.08.24 00:48:28 INFO  no build target found for C:\Users\PC\gest-paiement\gestion-paiements-v2\src\main\java\com\gestionpaiements\app\controller\LoginController.java. Using fallback presentation compiler.
2026.08.24 00:48:28 INFO  no build target found for C:\Users\PC\gest-paiement\gestion-paiements-v2\src\main\java\com\gestionpaiements\app\controller\LoginController.java. Using fallback presentation compiler.
2026.08.24 00:48:28 INFO  no build target found for C:\Users\PC\gest-paiement\gestion-paiements-v2\src\main\java\com\gestionpaiements\app\controller\LoginController.java. Using fallback presentation compiler.
2026.08.24 00:48:28 INFO  no build target found for C:\Users\PC\gest-paiement\gestion-paiements-v2\src\main\java\com\gestionpaiements\app\controller\LoginController.java. Using fallback presentation compiler.
2026.08.24 00:48:39 INFO  no build target found for C:\Users\PC\gest-paiement\gestion-paiements-v2\src\main\java\com\gestionpaiements\app\controller\LoginController.java. Using fallback presentation compiler.
2026.08.24 00:48:39 INFO  no build target found for C:\Users\PC\gest-paiement\gestion-paiements-v2\src\main\java\com\gestionpaiements\app\controller\LoginController.java. Using fallback presentation compiler.
2026.08.24 00:48:39 INFO  no build target found for C:\Users\PC\gest-paiement\gestion-paiements-v2\src\main\java\com\gestionpaiements\app\controller\LoginController.java. Using fallback presentation compiler.
2026.08.24 00:48:39 INFO  no build target found for C:\Users\PC\gest-paiement\gestion-paiements-v2\src\main\java\com\gestionpaiements\app\controller\LoginController.java. Using fallback presentation compiler.
2026.08.24 00:48:39 INFO  no build target found for C:\Users\PC\gest-paiement\gestion-paiements-v2\src\main\java\com\gestionpaiements\app\controller\LoginController.java. Using fallback presentation compiler.
2026.08.24 00:48:39 INFO  no build target found for C:\Users\PC\gest-paiement\gestion-paiements-v2\src\main\java\com\gestionpaiements\app\controller\LoginController.java. Using fallback presentation compiler.
2026.08.24 00:48:40 INFO  no build target found for C:\Users\PC\gest-paiement\gestion-paiements-v2\src\main\java\com\gestionpaiements\app\controller\LoginController.java. Using fallback presentation compiler.
2026.08.24 00:48:40 INFO  no build target found for C:\Users\PC\gest-paiement\gestion-paiements-v2\src\main\java\com\gestionpaiements\app\controller\LoginController.java. Using fallback presentation compiler.
2026.08.24 00:48:40 INFO  no build target found for C:\Users\PC\gest-paiement\gestion-paiements-v2\src\main\java\com\gestionpaiements\app\controller\LoginController.java. Using fallback presentation compiler.
2026.08.24 00:48:40 INFO  no build target found for C:\Users\PC\gest-paiement\gestion-paiements-v2\src\main\java\com\gestionpaiements\app\controller\LoginController.java. Using fallback presentation compiler.
2026.08.24 00:48:40 INFO  no build target found for C:\Users\PC\gest-paiement\gestion-paiements-v2\src\main\java\com\gestionpaiements\app\controller\LoginController.java. Using fallback presentation compiler.
2026.08.24 00:48:40 INFO  no build target found for C:\Users\PC\gest-paiement\gestion-paiements-v2\src\main\java\com\gestionpaiements\app\controller\LoginController.java. Using fallback presentation compiler.
2026.08.24 00:48:41 INFO  no build target found for C:\Users\PC\gest-paiement\gestion-paiements-v2\src\main\java\com\gestionpaiements\app\controller\LoginController.java. Using fallback presentation compiler.
2026.08.24 00:48:40 INFO  no build target found for C:\Users\PC\gest-paiement\gestion-paiements-v2\src\main\java\com\gestionpaiements\app\controller\LoginController.java. Using fallback presentation compiler.
2026.08.24 00:48:41 INFO  no build target found for C:\Users\PC\gest-paiement\gestion-paiements-v2\src\main\java\com\gestionpaiements\app\controller\LoginController.java. Using fallback presentation compiler.
2026.08.24 00:48:41 INFO  no build target found for C:\Users\PC\gest-paiement\gestion-paiements-v2\src\main\java\com\gestionpaiements\app\controller\LoginController.java. Using fallback presentation compiler.
2026.08.24 00:48:41 INFO  no build target found for C:\Users\PC\gest-paiement\gestion-paiements-v2\src\main\java\com\gestionpaiements\app\controller\LoginController.java. Using fallback presentation compiler.
2026.08.24 00:48:41 INFO  no build target found for C:\Users\PC\gest-paiement\gestion-paiements-v2\src\main\java\com\gestionpaiements\app\controller\LoginController.java. Using fallback presentation compiler.
2026.08.24 00:48:41 INFO  no build target found for C:\Users\PC\gest-paiement\gestion-paiements-v2\src\main\java\com\gestionpaiements\app\controller\LoginController.java. Using fallback presentation compiler.
2026.08.24 00:48:41 INFO  no build target found for C:\Users\PC\gest-paiement\gestion-paiements-v2\src\main\java\com\gestionpaiements\app\controller\LoginController.java. Using fallback presentation compiler.
2026.08.24 00:48:42 INFO  no build target found for C:\Users\PC\gest-paiement\gestion-paiements-v2\src\main\java\com\gestionpaiements\app\controller\LoginController.java. Using fallback presentation compiler.
2026.08.24 00:48:41 INFO  no build target found for C:\Users\PC\gest-paiement\gestion-paiements-v2\src\main\java\com\gestionpaiements\app\controller\LoginController.java. Using fallback presentation compiler.
2026.08.24 00:48:42 INFO  no build target found for C:\Users\PC\gest-paiement\gestion-paiements-v2\src\main\java\com\gestionpaiements\app\controller\LoginController.java. Using fallback presentation compiler.
2026.08.24 00:48:42 INFO  no build target found for C:\Users\PC\gest-paiement\gestion-paiements-v2\src\main\java\com\gestionpaiements\app\controller\LoginController.java. Using fallback presentation compiler.
2026.08.24 00:48:42 INFO  no build target found for C:\Users\PC\gest-paiement\gestion-paiements-v2\src\main\java\com\gestionpaiements\app\controller\LoginController.java. Using fallback presentation compiler.
2026.08.24 00:48:42 INFO  no build target found for C:\Users\PC\gest-paiement\gestion-paiements-v2\src\main\java\com\gestionpaiements\app\controller\LoginController.java. Using fallback presentation compiler.
2026.08.24 00:48:42 INFO  no build target found for C:\Users\PC\gest-paiement\gestion-paiements-v2\src\main\java\com\gestionpaiements\app\controller\LoginController.java. Using fallback presentation compiler.
2026.08.24 00:48:44 INFO  no build target found for C:\Users\PC\gest-paiement\gestion-paiements-v2\src\main\java\com\gestionpaiements\app\controller\LoginController.java. Using fallback presentation compiler.
2026.08.24 00:48:44 INFO  no build target found for C:\Users\PC\gest-paiement\gestion-paiements-v2\src\main\java\com\gestionpaiements\app\controller\LoginController.java. Using fallback presentation compiler.
2026.08.24 00:48:44 INFO  no build target found for C:\Users\PC\gest-paiement\gestion-paiements-v2\src\main\java\com\gestionpaiements\app\controller\LoginController.java. Using fallback presentation compiler.
2026.08.24 00:48:44 INFO  no build target found for C:\Users\PC\gest-paiement\gestion-paiements-v2\src\main\java\com\gestionpaiements\app\controller\LoginController.java. Using fallback presentation compiler.
2026.08.24 00:48:44 INFO  no build target found for C:\Users\PC\gest-paiement\gestion-paiements-v2\src\main\java\com\gestionpaiements\app\controller\LoginController.java. Using fallback presentation compiler.
2026.08.24 00:48:45 INFO  no build target found for C:\Users\PC\gest-paiement\gestion-paiements-v2\src\main\java\com\gestionpaiements\app\controller\LoginController.java. Using fallback presentation compiler.
2026.08.24 00:48:45 INFO  no build target found for C:\Users\PC\gest-paiement\gestion-paiements-v2\src\main\java\com\gestionpaiements\app\controller\LoginController.java. Using fallback presentation compiler.
2026.08.24 00:48:45 INFO  no build target found for C:\Users\PC\gest-paiement\gestion-paiements-v2\src\main\java\com\gestionpaiements\app\controller\LoginController.java. Using fallback presentation compiler.
2026.08.24 00:48:45 INFO  no build target found for C:\Users\PC\gest-paiement\gestion-paiements-v2\src\main\java\com\gestionpaiements\app\controller\LoginController.java. Using fallback presentation compiler.
2026.08.24 00:48:45 INFO  no build target found for C:\Users\PC\gest-paiement\gestion-paiements-v2\src\main\java\com\gestionpaiements\app\controller\LoginController.java. Using fallback presentation compiler.
2026.08.24 00:48:45 INFO  no build target found for C:\Users\PC\gest-paiement\gestion-paiements-v2\src\main\java\com\gestionpaiements\app\controller\LoginController.java. Using fallback presentation compiler.
2026.08.24 00:48:45 INFO  no build target found for C:\Users\PC\gest-paiement\gestion-paiements-v2\src\main\java\com\gestionpaiements\app\controller\LoginController.java. Using fallback presentation compiler.
2026.08.24 00:48:46 INFO  no build target found for C:\Users\PC\gest-paiement\gestion-paiements-v2\src\main\java\com\gestionpaiements\app\controller\LoginController.java. Using fallback presentation compiler.
2026.08.24 00:48:46 INFO  no build target found for C:\Users\PC\gest-paiement\gestion-paiements-v2\src\main\java\com\gestionpaiements\app\controller\LoginController.java. Using fallback presentation compiler.
2026.08.24 00:48:46 INFO  no build target found for C:\Users\PC\gest-paiement\gestion-paiements-v2\src\main\java\com\gestionpaiements\app\controller\LoginController.java. Using fallback presentation compiler.
2026.08.24 00:48:46 INFO  no build target found for C:\Users\PC\gest-paiement\gestion-paiements-v2\src\main\java\com\gestionpaiements\app\controller\LoginController.java. Using fallback presentation compiler.
2026.08.24 00:48:46 INFO  no build target found for C:\Users\PC\gest-paiement\gestion-paiements-v2\src\main\java\com\gestionpaiements\app\controller\LoginController.java. Using fallback presentation compiler.
2026.08.24 00:48:46 INFO  no build target found for C:\Users\PC\gest-paiement\gestion-paiements-v2\src\main\java\com\gestionpaiements\app\controller\LoginController.java. Using fallback presentation compiler.
2026.08.24 00:48:46 INFO  no build target found for C:\Users\PC\gest-paiement\gestion-paiements-v2\src\main\java\com\gestionpaiements\app\controller\LoginController.java. Using fallback presentation compiler.
2026.08.24 00:48:47 INFO  no build target found for C:\Users\PC\gest-paiement\gestion-paiements-v2\src\main\java\com\gestionpaiements\app\controller\LoginController.java. Using fallback presentation compiler.
2026.08.24 00:48:47 INFO  no build target found for C:\Users\PC\gest-paiement\gestion-paiements-v2\src\main\java\com\gestionpaiements\app\controller\LoginController.java. Using fallback presentation compiler.
2026.08.24 00:48:47 INFO  no build target found for C:\Users\PC\gest-paiement\gestion-paiements-v2\src\main\java\com\gestionpaiements\app\controller\LoginController.java. Using fallback presentation compiler.
2026.08.24 00:48:47 INFO  no build target found for C:\Users\PC\gest-paiement\gestion-paiements-v2\src\main\java\com\gestionpaiements\app\controller\LoginController.java. Using fallback presentation compiler.
2026.08.24 00:48:50 INFO  no build target found for C:\Users\PC\gest-paiement\gestion-paiements-v2\src\main\java\com\gestionpaiements\app\controller\LoginController.java. Using fallback presentation compiler.
2026.08.24 00:48:59 INFO  no build target found for C:\Users\PC\gest-paiement\gestion-paiements-v2\src\main\java\com\gestionpaiements\app\controller\LoginController.java. Using fallback presentation compiler.
2026.08.24 00:49:04 INFO  no build target found for C:\Users\PC\gest-paiement\gestion-paiements-v2\src\main\java\com\gestionpaiements\app\controller\LoginController.java. Using fallback presentation compiler.
2026.08.24 00:49:04 INFO  no build target found for C:\Users\PC\gest-paiement\gestion-paiements-v2\src\main\java\com\gestionpaiements\app\controller\LoginController.java. Using fallback presentation compiler.
2026.08.24 00:49:04 INFO  no build target found for C:\Users\PC\gest-paiement\gestion-paiements-v2\src\main\java\com\gestionpaiements\app\controller\LoginController.java. Using fallback presentation compiler.
2026.08.24 00:49:05 INFO  no build target found for C:\Users\PC\gest-paiement\gestion-paiements-v2\src\main\java\com\gestionpaiements\app\controller\LoginController.java. Using fallback presentation compiler.
2026.08.24 00:49:06 INFO  no build target found for C:\Users\PC\gest-paiement\gestion-paiements-v2\src\main\java\com\gestionpaiements\app\controller\LoginController.java. Using fallback presentation compiler.
2026.08.24 00:49:06 INFO  no build target found for C:\Users\PC\gest-paiement\gestion-paiements-v2\src\main\java\com\gestionpaiements\app\controller\LoginController.java. Using fallback presentation compiler.
2026.08.24 00:49:06 INFO  no build target found for C:\Users\PC\gest-paiement\gestion-paiements-v2\src\main\java\com\gestionpaiements\app\controller\LoginController.java. Using fallback presentation compiler.
2026.08.24 00:49:06 INFO  no build target found for C:\Users\PC\gest-paiement\gestion-paiements-v2\src\main\java\com\gestionpaiements\app\controller\LoginController.java. Using fallback presentation compiler.
2026.08.24 00:49:06 INFO  no build target found for C:\Users\PC\gest-paiement\gestion-paiements-v2\src\main\java\com\gestionpaiements\app\controller\LoginController.java. Using fallback presentation compiler.
2026.08.24 00:49:06 INFO  no build target found for C:\Users\PC\gest-paiement\gestion-paiements-v2\src\main\java\com\gestionpaiements\app\controller\LoginController.java. Using fallback presentation compiler.
2026.08.24 00:49:07 INFO  no build target found for C:\Users\PC\gest-paiement\gestion-paiements-v2\src\main\java\com\gestionpaiements\app\controller\LoginController.java. Using fallback presentation compiler.
2026.08.24 00:49:07 INFO  no build target found for C:\Users\PC\gest-paiement\gestion-paiements-v2\src\main\java\com\gestionpaiements\app\controller\LoginController.java. Using fallback presentation compiler.
2026.08.24 00:49:11 WARN  no build target for: C:\Users\PC\gest-paiement\gestion-paiements-v2\src\main\java\com\gestionpaiements\app\controller\LoginController.java
2026.08.24 00:49:11 INFO  no build target found for C:\Users\PC\gest-paiement\gestion-paiements-v2\src\main\java\com\gestionpaiements\app\controller\LoginController.java. Using fallback presentation compiler.
2026.08.24 00:49:11 INFO  no build target found for C:\Users\PC\gest-paiement\gestion-paiements-v2\src\main\java\com\gestionpaiements\app\controller\MainViewController.java. Using fallback presentation compiler.
2026.08.24 00:49:11 WARN  no build target for: C:\Users\PC\gest-paiement\gestion-paiements-v2\src\main\java\com\gestionpaiements\app\controller\MainViewController.java
2026.08.24 00:49:11 INFO  no build target found for C:\Users\PC\gest-paiement\gestion-paiements-v2\src\main\java\com\gestionpaiements\app\controller\MainViewController.java. Using fallback presentation compiler.
2026.08.24 00:49:11 INFO  no build target found for C:\Users\PC\gest-paiement\gestion-paiements-v2\src\main\java\com\gestionpaiements\app\controller\MainViewController.java. Using fallback presentation compiler.
2026.08.24 00:49:11 INFO  no build target found for C:\Users\PC\gest-paiement\gestion-paiements-v2\src\main\java\com\gestionpaiements\app\controller\MainViewController.java. Using fallback presentation compiler.
2026.08.24 00:49:11 INFO  no build target found for C:\Users\PC\gest-paiement\gestion-paiements-v2\src\main\java\com\gestionpaiements\app\controller\MainViewController.java. Using fallback presentation compiler.
2026.08.24 00:49:13 INFO  no build target found for C:\Users\PC\gest-paiement\gestion-paiements-v2\src\main\java\com\gestionpaiements\app\controller\MainViewController.java. Using fallback presentation compiler.
2026.08.24 00:49:16 INFO  no build target found for C:\Users\PC\gest-paiement\gestion-paiements-v2\src\main\java\com\gestionpaiements\app\controller\MainViewController.java. Using fallback presentation compiler.
2026.08.24 00:49:16 INFO  no build target found for C:\Users\PC\gest-paiement\gestion-paiements-v2\src\main\java\com\gestionpaiements\app\controller\MainViewController.java. Using fallback presentation compiler.
2026.08.24 00:49:19 INFO  no build target found for C:\Users\PC\gest-paiement\gestion-paiements-v2\src\main\java\com\gestionpaiements\app\controller\MainViewController.java. Using fallback presentation compiler.
2026.08.24 00:49:19 INFO  no build target found for C:\Users\PC\gest-paiement\gestion-paiements-v2\src\main\java\com\gestionpaiements\app\controller\MainViewController.java. Using fallback presentation compiler.
2026.08.24 00:49:21 INFO  no build target found for C:\Users\PC\gest-paiement\gestion-paiements-v2\src\main\java\com\gestionpaiements\app\controller\MainViewController.java. Using fallback presentation compiler.
2026.08.24 00:49:23 INFO  no build target found for C:\Users\PC\gest-paiement\gestion-paiements-v2\src\main\java\com\gestionpaiements\app\controller\MainViewController.java. Using fallback presentation compiler.
2026.08.24 00:49:23 INFO  no build target found for C:\Users\PC\gest-paiement\gestion-paiements-v2\src\main\java\com\gestionpaiements\app\controller\MainViewController.java. Using fallback presentation compiler.
2026.08.24 00:49:23 INFO  no build target found for C:\Users\PC\gest-paiement\gestion-paiements-v2\src\main\java\com\gestionpaiements\app\controller\MainViewController.java. Using fallback presentation compiler.
2026.08.24 00:49:23 INFO  no build target found for C:\Users\PC\gest-paiement\gestion-paiements-v2\src\main\java\com\gestionpaiements\app\controller\MainViewController.java. Using fallback presentation compiler.
2026.08.24 00:49:23 INFO  no build target found for C:\Users\PC\gest-paiement\gestion-paiements-v2\src\main\java\com\gestionpaiements\app\controller\MainViewController.java. Using fallback presentation compiler.
2026.08.24 00:49:23 INFO  no build target found for C:\Users\PC\gest-paiement\gestion-paiements-v2\src\main\java\com\gestionpaiements\app\controller\MainViewController.java. Using fallback presentation compiler.
2026.08.24 00:49:24 INFO  no build target found for C:\Users\PC\gest-paiement\gestion-paiements-v2\src\main\java\com\gestionpaiements\app\controller\MainViewController.java. Using fallback presentation compiler.
2026.08.24 00:49:24 INFO  no build target found for C:\Users\PC\gest-paiement\gestion-paiements-v2\src\main\java\com\gestionpaiements\app\controller\MainViewController.java. Using fallback presentation compiler.
2026.08.24 00:49:24 INFO  no build target found for C:\Users\PC\gest-paiement\gestion-paiements-v2\src\main\java\com\gestionpaiements\app\controller\MainViewController.java. Using fallback presentation compiler.
2026.08.24 00:49:24 INFO  no build target found for C:\Users\PC\gest-paiement\gestion-paiements-v2\src\main\java\com\gestionpaiements\app\controller\MainViewController.java. Using fallback presentation compiler.
2026.08.24 00:49:24 INFO  no build target found for C:\Users\PC\gest-paiement\gestion-paiements-v2\src\main\java\com\gestionpaiements\app\controller\MainViewController.java. Using fallback presentation compiler.
2026.08.24 00:49:24 INFO  no build target found for C:\Users\PC\gest-paiement\gestion-paiements-v2\src\main\java\com\gestionpaiements\app\controller\MainViewController.java. Using fallback presentation compiler.
2026.08.24 00:49:24 INFO  no build target found for C:\Users\PC\gest-paiement\gestion-paiements-v2\src\main\java\com\gestionpaiements\app\controller\MainViewController.java. Using fallback presentation compiler.
2026.08.24 00:49:24 INFO  no build target found for C:\Users\PC\gest-paiement\gestion-paiements-v2\src\main\java\com\gestionpaiements\app\controller\MainViewController.java. Using fallback presentation compiler.
2026.08.24 00:49:24 INFO  no build target found for C:\Users\PC\gest-paiement\gestion-paiements-v2\src\main\java\com\gestionpaiements\app\controller\MainViewController.java. Using fallback presentation compiler.
2026.08.24 00:49:25 INFO  no build target found for C:\Users\PC\gest-paiement\gestion-paiements-v2\src\main\java\com\gestionpaiements\app\controller\MainViewController.java. Using fallback presentation compiler.
2026.08.24 00:49:25 INFO  no build target found for C:\Users\PC\gest-paiement\gestion-paiements-v2\src\main\java\com\gestionpaiements\app\controller\MainViewController.java. Using fallback presentation compiler.
2026.08.24 00:49:25 INFO  no build target found for C:\Users\PC\gest-paiement\gestion-paiements-v2\src\main\java\com\gestionpaiements\app\controller\MainViewController.java. Using fallback presentation compiler.
2026.08.24 00:49:25 INFO  no build target found for C:\Users\PC\gest-paiement\gestion-paiements-v2\src\main\java\com\gestionpaiements\app\controller\MainViewController.java. Using fallback presentation compiler.
2026.08.24 00:49:25 INFO  no build target found for C:\Users\PC\gest-paiement\gestion-paiements-v2\src\main\java\com\gestionpaiements\app\controller\MainViewController.java. Using fallback presentation compiler.
2026.08.24 00:49:26 WARN  no build target for: C:\Users\PC\gest-paiement\gestion-paiements-v2\src\main\java\com\gestionpaiements\app\controller\LoginController.java
2026.08.24 00:49:26 INFO  no build target found for C:\Users\PC\gest-paiement\gestion-paiements-v2\src\main\java\com\gestionpaiements\app\controller\MainViewController.java. Using fallback presentation compiler.
2026.08.24 00:49:25 INFO  no build target found for C:\Users\PC\gest-paiement\gestion-paiements-v2\src\main\java\com\gestionpaiements\app\controller\MainViewController.java. Using fallback presentation compiler.
2026.08.24 00:49:25 INFO  no build target found for C:\Users\PC\gest-paiement\gestion-paiements-v2\src\main\java\com\gestionpaiements\app\controller\MainViewController.java. Using fallback presentation compiler.
2026.08.24 00:49:28 INFO  no build target found for C:\Users\PC\gest-paiement\gestion-paiements-v2\src\main\java\com\gestionpaiements\app\controller\MainViewController.java. Using fallback presentation compiler.
2026.08.24 00:49:28 INFO  no build target found for C:\Users\PC\gest-paiement\gestion-paiements-v2\src\main\java\com\gestionpaiements\app\controller\MainViewController.java. Using fallback presentation compiler.
2026.08.24 00:49:28 INFO  no build target found for C:\Users\PC\gest-paiement\gestion-paiements-v2\src\main\java\com\gestionpaiements\app\controller\MainViewController.java. Using fallback presentation compiler.
2026.08.24 00:49:29 INFO  no build target found for C:\Users\PC\gest-paiement\gestion-paiements-v2\src\main\java\com\gestionpaiements\app\controller\MainViewController.java. Using fallback presentation compiler.
2026.08.24 00:49:29 INFO  no build target found for C:\Users\PC\gest-paiement\gestion-paiements-v2\src\main\java\com\gestionpaiements\app\controller\MainViewController.java. Using fallback presentation compiler.
2026.08.24 00:49:31 INFO  no build target found for C:\Users\PC\gest-paiement\gestion-paiements-v2\src\main\java\com\gestionpaiements\app\controller\MainViewController.java. Using fallback presentation compiler.
2026.08.24 00:49:31 INFO  no build target found for C:\Users\PC\gest-paiement\gestion-paiements-v2\src\main\java\com\gestionpaiements\app\controller\MainViewController.java. Using fallback presentation compiler.
2026.08.24 00:49:31 INFO  no build target found for C:\Users\PC\gest-paiement\gestion-paiements-v2\src\main\java\com\gestionpaiements\app\controller\MainViewController.java. Using fallback presentation compiler.
2026.08.24 00:49:31 INFO  no build target found for C:\Users\PC\gest-paiement\gestion-paiements-v2\src\main\java\com\gestionpaiements\app\controller\MainViewController.java. Using fallback presentation compiler.
2026.08.24 00:49:31 INFO  no build target found for C:\Users\PC\gest-paiement\gestion-paiements-v2\src\main\java\com\gestionpaiements\app\controller\MainViewController.java. Using fallback presentation compiler.
2026.08.24 00:49:31 INFO  no build target found for C:\Users\PC\gest-paiement\gestion-paiements-v2\src\main\java\com\gestionpaiements\app\controller\MainViewController.java. Using fallback presentation compiler.
2026.08.24 00:49:32 INFO  no build target found for C:\Users\PC\gest-paiement\gestion-paiements-v2\src\main\java\com\gestionpaiements\app\controller\MainViewController.java. Using fallback presentation compiler.
2026.08.24 00:49:32 INFO  no build target found for C:\Users\PC\gest-paiement\gestion-paiements-v2\src\main\java\com\gestionpaiements\app\controller\MainViewController.java. Using fallback presentation compiler.
2026.08.24 00:49:32 INFO  no build target found for C:\Users\PC\gest-paiement\gestion-paiements-v2\src\main\java\com\gestionpaiements\app\controller\MainViewController.java. Using fallback presentation compiler.
2026.08.24 00:49:32 INFO  no build target found for C:\Users\PC\gest-paiement\gestion-paiements-v2\src\main\java\com\gestionpaiements\app\controller\MainViewController.java. Using fallback presentation compiler.
2026.08.24 00:49:32 INFO  no build target found for C:\Users\PC\gest-paiement\gestion-paiements-v2\src\main\java\com\gestionpaiements\app\controller\MainViewController.java. Using fallback presentation compiler.
2026.08.24 00:49:32 INFO  no build target found for C:\Users\PC\gest-paiement\gestion-paiements-v2\src\main\java\com\gestionpaiements\app\controller\MainViewController.java. Using fallback presentation compiler.
2026.08.24 00:49:32 INFO  no build target found for C:\Users\PC\gest-paiement\gestion-paiements-v2\src\main\java\com\gestionpaiements\app\controller\MainViewController.java. Using fallback presentation compiler.
2026.08.24 00:49:32 INFO  no build target found for C:\Users\PC\gest-paiement\gestion-paiements-v2\src\main\java\com\gestionpaiements\app\controller\MainViewController.java. Using fallback presentation compiler.
2026.08.24 00:49:32 INFO  no build target found for C:\Users\PC\gest-paiement\gestion-paiements-v2\src\main\java\com\gestionpaiements\app\controller\MainViewController.java. Using fallback presentation compiler.
2026.08.24 00:49:33 INFO  no build target found for C:\Users\PC\gest-paiement\gestion-paiements-v2\src\main\java\com\gestionpaiements\app\controller\MainViewController.java. Using fallback presentation compiler.
2026.08.24 00:49:33 INFO  no build target found for C:\Users\PC\gest-paiement\gestion-paiements-v2\src\main\java\com\gestionpaiements\app\controller\MainViewController.java. Using fallback presentation compiler.
2026.08.24 00:49:33 INFO  no build target found for C:\Users\PC\gest-paiement\gestion-paiements-v2\src\main\java\com\gestionpaiements\app\controller\MainViewController.java. Using fallback presentation compiler.
2026.08.24 00:49:34 INFO  no build target found for C:\Users\PC\gest-paiement\gestion-paiements-v2\src\main\java\com\gestionpaiements\app\controller\MainViewController.java. Using fallback presentation compiler.
2026.08.24 00:49:33 INFO  no build target found for C:\Users\PC\gest-paiement\gestion-paiements-v2\src\main\java\com\gestionpaiements\app\controller\MainViewController.java. Using fallback presentation compiler.
2026.08.24 00:49:33 INFO  no build target found for C:\Users\PC\gest-paiement\gestion-paiements-v2\src\main\java\com\gestionpaiements\app\controller\MainViewController.java. Using fallback presentation compiler.
2026.08.24 00:49:33 INFO  no build target found for C:\Users\PC\gest-paiement\gestion-paiements-v2\src\main\java\com\gestionpaiements\app\controller\MainViewController.java. Using fallback presentation compiler.
2026.08.24 00:49:34 INFO  no build target found for C:\Users\PC\gest-paiement\gestion-paiements-v2\src\main\java\com\gestionpaiements\app\controller\MainViewController.java. Using fallback presentation compiler.
2026.08.24 00:49:34 INFO  no build target found for C:\Users\PC\gest-paiement\gestion-paiements-v2\src\main\java\com\gestionpaiements\app\controller\MainViewController.java. Using fallback presentation compiler.
2026.08.24 00:49:36 INFO  no build target found for C:\Users\PC\gest-paiement\gestion-paiements-v2\src\main\java\com\gestionpaiements\app\controller\MainViewController.java. Using fallback presentation compiler.
2026.08.24 00:49:36 INFO  no build target found for C:\Users\PC\gest-paiement\gestion-paiements-v2\src\main\java\com\gestionpaiements\app\controller\MainViewController.java. Using fallback presentation compiler.
2026.08.24 00:49:36 INFO  no build target found for C:\Users\PC\gest-paiement\gestion-paiements-v2\src\main\java\com\gestionpaiements\app\controller\MainViewController.java. Using fallback presentation compiler.
2026.08.24 00:49:36 INFO  no build target found for C:\Users\PC\gest-paiement\gestion-paiements-v2\src\main\java\com\gestionpaiements\app\controller\MainViewController.java. Using fallback presentation compiler.
2026.08.24 00:49:36 INFO  no build target found for C:\Users\PC\gest-paiement\gestion-paiements-v2\src\main\java\com\gestionpaiements\app\controller\MainViewController.java. Using fallback presentation compiler.
2026.08.24 00:49:36 INFO  no build target found for C:\Users\PC\gest-paiement\gestion-paiements-v2\src\main\java\com\gestionpaiements\app\controller\MainViewController.java. Using fallback presentation compiler.
2026.08.24 00:49:37 INFO  no build target found for C:\Users\PC\gest-paiement\gestion-paiements-v2\src\main\java\com\gestionpaiements\app\controller\MainViewController.java. Using fallback presentation compiler.
2026.08.24 00:49:37 INFO  no build target found for C:\Users\PC\gest-paiement\gestion-paiements-v2\src\main\java\com\gestionpaiements\app\controller\MainViewController.java. Using fallback presentation compiler.
2026.08.24 00:49:37 INFO  no build target found for C:\Users\PC\gest-paiement\gestion-paiements-v2\src\main\java\com\gestionpaiements\app\controller\MainViewController.java. Using fallback presentation compiler.
2026.08.24 00:49:37 INFO  no build target found for C:\Users\PC\gest-paiement\gestion-paiements-v2\src\main\java\com\gestionpaiements\app\controller\MainViewController.java. Using fallback presentation compiler.
2026.08.24 00:49:37 INFO  no build target found for C:\Users\PC\gest-paiement\gestion-paiements-v2\src\main\java\com\gestionpaiements\app\controller\MainViewController.java. Using fallback presentation compiler.
2026.08.24 00:49:37 INFO  no build target found for C:\Users\PC\gest-paiement\gestion-paiements-v2\src\main\java\com\gestionpaiements\app\controller\MainViewController.java. Using fallback presentation compiler.
2026.08.24 00:49:37 INFO  no build target found for C:\Users\PC\gest-paiement\gestion-paiements-v2\src\main\java\com\gestionpaiements\app\controller\MainViewController.java. Using fallback presentation compiler.
2026.08.24 00:49:38 INFO  no build target found for C:\Users\PC\gest-paiement\gestion-paiements-v2\src\main\java\com\gestionpaiements\app\controller\MainViewController.java. Using fallback presentation compiler.
2026.08.24 00:49:38 INFO  no build target found for C:\Users\PC\gest-paiement\gestion-paiements-v2\src\main\java\com\gestionpaiements\app\controller\MainViewController.java. Using fallback presentation compiler.
2026.08.24 00:49:38 INFO  no build target found for C:\Users\PC\gest-paiement\gestion-paiements-v2\src\main\java\com\gestionpaiements\app\controller\MainViewController.java. Using fallback presentation compiler.
2026.08.24 00:49:38 INFO  no build target found for C:\Users\PC\gest-paiement\gestion-paiements-v2\src\main\java\com\gestionpaiements\app\controller\MainViewController.java. Using fallback presentation compiler.
2026.08.24 00:49:38 INFO  no build target found for C:\Users\PC\gest-paiement\gestion-paiements-v2\src\main\java\com\gestionpaiements\app\controller\MainViewController.java. Using fallback presentation compiler.
2026.08.24 00:49:38 INFO  no build target found for C:\Users\PC\gest-paiement\gestion-paiements-v2\src\main\java\com\gestionpaiements\app\controller\MainViewController.java. Using fallback presentation compiler.
2026.08.24 00:49:38 INFO  no build target found for C:\Users\PC\gest-paiement\gestion-paiements-v2\src\main\java\com\gestionpaiements\app\controller\MainViewController.java. Using fallback presentation compiler.
2026.08.24 00:49:39 INFO  no build target found for C:\Users\PC\gest-paiement\gestion-paiements-v2\src\main\java\com\gestionpaiements\app\controller\MainViewController.java. Using fallback presentation compiler.
2026.08.24 00:49:39 INFO  no build target found for C:\Users\PC\gest-paiement\gestion-paiements-v2\src\main\java\com\gestionpaiements\app\controller\MainViewController.java. Using fallback presentation compiler.
2026.08.24 00:49:39 INFO  no build target found for C:\Users\PC\gest-paiement\gestion-paiements-v2\src\main\java\com\gestionpaiements\app\controller\MainViewController.java. Using fallback presentation compiler.
2026.08.24 00:49:41 INFO  no build target found for C:\Users\PC\gest-paiement\gestion-paiements-v2\src\main\java\com\gestionpaiements\app\controller\MainViewController.java. Using fallback presentation compiler.
2026.08.24 00:49:41 INFO  no build target found for C:\Users\PC\gest-paiement\gestion-paiements-v2\src\main\java\com\gestionpaiements\app\controller\MainViewController.java. Using fallback presentation compiler.
2026.08.24 00:49:41 INFO  no build target found for C:\Users\PC\gest-paiement\gestion-paiements-v2\src\main\java\com\gestionpaiements\app\controller\MainViewController.java. Using fallback presentation compiler.
2026.08.24 00:49:41 INFO  no build target found for C:\Users\PC\gest-paiement\gestion-paiements-v2\src\main\java\com\gestionpaiements\app\controller\MainViewController.java. Using fallback presentation compiler.
2026.08.24 00:49:41 INFO  no build target found for C:\Users\PC\gest-paiement\gestion-paiements-v2\src\main\java\com\gestionpaiements\app\controller\MainViewController.java. Using fallback presentation compiler.
2026.08.24 00:49:43 INFO  no build target found for C:\Users\PC\gest-paiement\gestion-paiements-v2\src\main\java\com\gestionpaiements\app\controller\MainViewController.java. Using fallback presentation compiler.
2026.08.24 00:49:43 INFO  no build target found for C:\Users\PC\gest-paiement\gestion-paiements-v2\src\main\java\com\gestionpaiements\app\controller\MainViewController.java. Using fallback presentation compiler.
2026.08.24 00:49:43 INFO  no build target found for C:\Users\PC\gest-paiement\gestion-paiements-v2\src\main\java\com\gestionpaiements\app\controller\MainViewController.java. Using fallback presentation compiler.
2026.08.24 00:49:43 INFO  no build target found for C:\Users\PC\gest-paiement\gestion-paiements-v2\src\main\java\com\gestionpaiements\app\controller\MainViewController.java. Using fallback presentation compiler.
2026.08.24 00:49:43 INFO  no build target found for C:\Users\PC\gest-paiement\gestion-paiements-v2\src\main\java\com\gestionpaiements\app\controller\MainViewController.java. Using fallback presentation compiler.
2026.08.24 00:49:43 INFO  no build target found for C:\Users\PC\gest-paiement\gestion-paiements-v2\src\main\java\com\gestionpaiements\app\controller\MainViewController.java. Using fallback presentation compiler.
2026.08.24 00:49:44 INFO  no build target found for C:\Users\PC\gest-paiement\gestion-paiements-v2\src\main\java\com\gestionpaiements\app\controller\MainViewController.java. Using fallback presentation compiler.
2026.08.24 00:49:43 INFO  no build target found for C:\Users\PC\gest-paiement\gestion-paiements-v2\src\main\java\com\gestionpaiements\app\controller\MainViewController.java. Using fallback presentation compiler.
2026.08.24 00:49:44 INFO  no build target found for C:\Users\PC\gest-paiement\gestion-paiements-v2\src\main\java\com\gestionpaiements\app\controller\MainViewController.java. Using fallback presentation compiler.
2026.08.24 00:49:44 INFO  no build target found for C:\Users\PC\gest-paiement\gestion-paiements-v2\src\main\java\com\gestionpaiements\app\controller\MainViewController.java. Using fallback presentation compiler.
2026.08.24 00:49:44 INFO  no build target found for C:\Users\PC\gest-paiement\gestion-paiements-v2\src\main\java\com\gestionpaiements\app\controller\MainViewController.java. Using fallback presentation compiler.
2026.08.24 00:49:44 INFO  no build target found for C:\Users\PC\gest-paiement\gestion-paiements-v2\src\main\java\com\gestionpaiements\app\controller\MainViewController.java. Using fallback presentation compiler.
2026.08.24 00:49:44 INFO  no build target found for C:\Users\PC\gest-paiement\gestion-paiements-v2\src\main\java\com\gestionpaiements\app\controller\MainViewController.java. Using fallback presentation compiler.
2026.08.24 00:49:44 INFO  no build target found for C:\Users\PC\gest-paiement\gestion-paiements-v2\src\main\java\com\gestionpaiements\app\controller\MainViewController.java. Using fallback presentation compiler.
2026.08.24 00:49:44 INFO  no build target found for C:\Users\PC\gest-paiement\gestion-paiements-v2\src\main\java\com\gestionpaiements\app\controller\MainViewController.java. Using fallback presentation compiler.
2026.08.24 00:49:45 INFO  no build target found for C:\Users\PC\gest-paiement\gestion-paiements-v2\src\main\java\com\gestionpaiements\app\controller\MainViewController.java. Using fallback presentation compiler.
2026.08.24 00:49:45 INFO  no build target found for C:\Users\PC\gest-paiement\gestion-paiements-v2\src\main\java\com\gestionpaiements\app\controller\MainViewController.java. Using fallback presentation compiler.
2026.08.24 00:49:45 INFO  no build target found for C:\Users\PC\gest-paiement\gestion-paiements-v2\src\main\java\com\gestionpaiements\app\controller\MainViewController.java. Using fallback presentation compiler.
2026.08.24 00:49:45 INFO  no build target found for C:\Users\PC\gest-paiement\gestion-paiements-v2\src\main\java\com\gestionpaiements\app\controller\MainViewController.java. Using fallback presentation compiler.
2026.08.24 00:49:48 INFO  no build target found for C:\Users\PC\gest-paiement\gestion-paiements-v2\src\main\java\com\gestionpaiements\app\controller\MainViewController.java. Using fallback presentation compiler.
2026.08.24 00:49:50 INFO  no build target found for C:\Users\PC\gest-paiement\gestion-paiements-v2\src\main\java\com\gestionpaiements\app\controller\MainViewController.java. Using fallback presentation compiler.
2026.08.24 00:49:50 INFO  no build target found for C:\Users\PC\gest-paiement\gestion-paiements-v2\src\main\java\com\gestionpaiements\app\controller\MainViewController.java. Using fallback presentation compiler.
2026.08.24 00:49:50 INFO  no build target found for C:\Users\PC\gest-paiement\gestion-paiements-v2\src\main\java\com\gestionpaiements\app\controller\MainViewController.java. Using fallback presentation compiler.
2026.08.24 00:49:50 INFO  no build target found for C:\Users\PC\gest-paiement\gestion-paiements-v2\src\main\java\com\gestionpaiements\app\controller\MainViewController.java. Using fallback presentation compiler.
2026.08.24 00:49:50 INFO  no build target found for C:\Users\PC\gest-paiement\gestion-paiements-v2\src\main\java\com\gestionpaiements\app\controller\MainViewController.java. Using fallback presentation compiler.
2026.08.24 00:49:52 INFO  no build target found for C:\Users\PC\gest-paiement\gestion-paiements-v2\src\main\java\com\gestionpaiements\app\controller\MainViewController.java. Using fallback presentation compiler.
2026.08.24 00:49:52 INFO  no build target found for C:\Users\PC\gest-paiement\gestion-paiements-v2\src\main\java\com\gestionpaiements\app\controller\MainViewController.java. Using fallback presentation compiler.
2026.08.24 00:49:52 INFO  no build target found for C:\Users\PC\gest-paiement\gestion-paiements-v2\src\main\java\com\gestionpaiements\app\controller\MainViewController.java. Using fallback presentation compiler.
2026.08.24 00:49:52 INFO  no build target found for C:\Users\PC\gest-paiement\gestion-paiements-v2\src\main\java\com\gestionpaiements\app\controller\MainViewController.java. Using fallback presentation compiler.
2026.08.24 00:49:52 INFO  no build target found for C:\Users\PC\gest-paiement\gestion-paiements-v2\src\main\java\com\gestionpaiements\app\controller\MainViewController.java. Using fallback presentation compiler.
2026.08.24 00:49:52 INFO  no build target found for C:\Users\PC\gest-paiement\gestion-paiements-v2\src\main\java\com\gestionpaiements\app\controller\MainViewController.java. Using fallback presentation compiler.
2026.08.24 00:49:52 INFO  no build target found for C:\Users\PC\gest-paiement\gestion-paiements-v2\src\main\java\com\gestionpaiements\app\controller\MainViewController.java. Using fallback presentation compiler.
2026.08.24 00:49:52 INFO  no build target found for C:\Users\PC\gest-paiement\gestion-paiements-v2\src\main\java\com\gestionpaiements\app\controller\MainViewController.java. Using fallback presentation compiler.
2026.08.24 00:49:52 INFO  no build target found for C:\Users\PC\gest-paiement\gestion-paiements-v2\src\main\java\com\gestionpaiements\app\controller\MainViewController.java. Using fallback presentation compiler.
2026.08.24 00:49:53 INFO  no build target found for C:\Users\PC\gest-paiement\gestion-paiements-v2\src\main\java\com\gestionpaiements\app\controller\MainViewController.java. Using fallback presentation compiler.
2026.08.24 00:49:53 INFO  no build target found for C:\Users\PC\gest-paiement\gestion-paiements-v2\src\main\java\com\gestionpaiements\app\controller\MainViewController.java. Using fallback presentation compiler.
2026.08.24 00:49:53 INFO  no build target found for C:\Users\PC\gest-paiement\gestion-paiements-v2\src\main\java\com\gestionpaiements\app\controller\MainViewController.java. Using fallback presentation compiler.
2026.08.24 00:49:53 INFO  no build target found for C:\Users\PC\gest-paiement\gestion-paiements-v2\src\main\java\com\gestionpaiements\app\controller\MainViewController.java. Using fallback presentation compiler.
2026.08.24 00:49:53 INFO  no build target found for C:\Users\PC\gest-paiement\gestion-paiements-v2\src\main\java\com\gestionpaiements\app\controller\MainViewController.java. Using fallback presentation compiler.
2026.08.24 00:49:53 INFO  no build target found for C:\Users\PC\gest-paiement\gestion-paiements-v2\src\main\java\com\gestionpaiements\app\controller\MainViewController.java. Using fallback presentation compiler.
2026.08.24 00:49:53 INFO  no build target found for C:\Users\PC\gest-paiement\gestion-paiements-v2\src\main\java\com\gestionpaiements\app\controller\MainViewController.java. Using fallback presentation compiler.
2026.08.24 00:49:53 INFO  no build target found for C:\Users\PC\gest-paiement\gestion-paiements-v2\src\main\java\com\gestionpaiements\app\controller\MainViewController.java. Using fallback presentation compiler.
2026.08.24 00:49:54 INFO  no build target found for C:\Users\PC\gest-paiement\gestion-paiements-v2\src\main\java\com\gestionpaiements\app\controller\MainViewController.java. Using fallback presentation compiler.
2026.08.24 00:49:54 INFO  no build target found for C:\Users\PC\gest-paiement\gestion-paiements-v2\src\main\java\com\gestionpaiements\app\controller\MainViewController.java. Using fallback presentation compiler.
2026.08.24 00:49:54 INFO  no build target found for C:\Users\PC\gest-paiement\gestion-paiements-v2\src\main\java\com\gestionpaiements\app\controller\MainViewController.java. Using fallback presentation compiler.
2026.08.24 00:49:54 INFO  no build target found for C:\Users\PC\gest-paiement\gestion-paiements-v2\src\main\java\com\gestionpaiements\app\controller\MainViewController.java. Using fallback presentation compiler.
2026.08.24 00:49:55 INFO  no build target found for C:\Users\PC\gest-paiement\gestion-paiements-v2\src\main\java\com\gestionpaiements\app\controller\MainViewController.java. Using fallback presentation compiler.
2026.08.24 00:49:55 INFO  no build target found for C:\Users\PC\gest-paiement\gestion-paiements-v2\src\main\java\com\gestionpaiements\app\controller\MainViewController.java. Using fallback presentation compiler.
2026.08.24 00:49:55 INFO  no build target found for C:\Users\PC\gest-paiement\gestion-paiements-v2\src\main\java\com\gestionpaiements\app\controller\MainViewController.java. Using fallback presentation compiler.
2026.08.24 00:49:55 INFO  no build target found for C:\Users\PC\gest-paiement\gestion-paiements-v2\src\main\java\com\gestionpaiements\app\controller\MainViewController.java. Using fallback presentation compiler.
2026.08.24 00:50:00 INFO  no build target found for C:\Users\PC\gest-paiement\gestion-paiements-v2\src\main\java\com\gestionpaiements\app\controller\MainViewController.java. Using fallback presentation compiler.
2026.08.24 00:50:00 INFO  no build target found for C:\Users\PC\gest-paiement\gestion-paiements-v2\src\main\java\com\gestionpaiements\app\controller\MainViewController.java. Using fallback presentation compiler.
2026.08.24 00:50:00 INFO  no build target found for C:\Users\PC\gest-paiement\gestion-paiements-v2\src\main\java\com\gestionpaiements\app\controller\MainViewController.java. Using fallback presentation compiler.
2026.08.24 00:50:00 INFO  no build target found for C:\Users\PC\gest-paiement\gestion-paiements-v2\src\main\java\com\gestionpaiements\app\controller\MainViewController.java. Using fallback presentation compiler.
2026.08.24 00:50:00 INFO  no build target found for C:\Users\PC\gest-paiement\gestion-paiements-v2\src\main\java\com\gestionpaiements\app\controller\MainViewController.java. Using fallback presentation compiler.
2026.08.24 00:50:01 INFO  no build target found for C:\Users\PC\gest-paiement\gestion-paiements-v2\src\main\java\com\gestionpaiements\app\controller\MainViewController.java. Using fallback presentation compiler.
2026.08.24 00:50:01 INFO  no build target found for C:\Users\PC\gest-paiement\gestion-paiements-v2\src\main\java\com\gestionpaiements\app\controller\MainViewController.java. Using fallback presentation compiler.
2026.08.24 00:50:01 INFO  no build target found for C:\Users\PC\gest-paiement\gestion-paiements-v2\src\main\java\com\gestionpaiements\app\controller\MainViewController.java. Using fallback presentation compiler.
2026.08.24 00:50:01 INFO  no build target found for C:\Users\PC\gest-paiement\gestion-paiements-v2\src\main\java\com\gestionpaiements\app\controller\MainViewController.java. Using fallback presentation compiler.
2026.08.24 00:50:01 INFO  no build target found for C:\Users\PC\gest-paiement\gestion-paiements-v2\src\main\java\com\gestionpaiements\app\controller\MainViewController.java. Using fallback presentation compiler.
2026.08.24 00:50:02 INFO  no build target found for C:\Users\PC\gest-paiement\gestion-paiements-v2\src\main\java\com\gestionpaiements\app\controller\MainViewController.java. Using fallback presentation compiler.
2026.08.24 00:50:01 INFO  no build target found for C:\Users\PC\gest-paiement\gestion-paiements-v2\src\main\java\com\gestionpaiements\app\controller\MainViewController.java. Using fallback presentation compiler.
2026.08.24 00:50:02 INFO  no build target found for C:\Users\PC\gest-paiement\gestion-paiements-v2\src\main\java\com\gestionpaiements\app\controller\MainViewController.java. Using fallback presentation compiler.
2026.08.24 00:50:02 INFO  no build target found for C:\Users\PC\gest-paiement\gestion-paiements-v2\src\main\java\com\gestionpaiements\app\controller\MainViewController.java. Using fallback presentation compiler.
2026.08.24 00:50:02 INFO  no build target found for C:\Users\PC\gest-paiement\gestion-paiements-v2\src\main\java\com\gestionpaiements\app\controller\MainViewController.java. Using fallback presentation compiler.
2026.08.24 00:50:02 INFO  no build target found for C:\Users\PC\gest-paiement\gestion-paiements-v2\src\main\java\com\gestionpaiements\app\controller\MainViewController.java. Using fallback presentation compiler.
2026.08.24 00:50:03 INFO  no build target found for C:\Users\PC\gest-paiement\gestion-paiements-v2\src\main\java\com\gestionpaiements\app\controller\MainViewController.java. Using fallback presentation compiler.
2026.08.24 00:50:02 INFO  no build target found for C:\Users\PC\gest-paiement\gestion-paiements-v2\src\main\java\com\gestionpaiements\app\controller\MainViewController.java. Using fallback presentation compiler.
2026.08.24 00:50:02 INFO  no build target found for C:\Users\PC\gest-paiement\gestion-paiements-v2\src\main\java\com\gestionpaiements\app\controller\MainViewController.java. Using fallback presentation compiler.
2026.08.24 00:50:03 INFO  no build target found for C:\Users\PC\gest-paiement\gestion-paiements-v2\src\main\java\com\gestionpaiements\app\controller\MainViewController.java. Using fallback presentation compiler.
2026.08.24 00:50:06 INFO  no build target found for C:\Users\PC\gest-paiement\gestion-paiements-v2\src\main\java\com\gestionpaiements\app\controller\MainViewController.java. Using fallback presentation compiler.
2026.08.24 00:50:06 INFO  no build target found for C:\Users\PC\gest-paiement\gestion-paiements-v2\src\main\java\com\gestionpaiements\app\controller\MainViewController.java. Using fallback presentation compiler.
2026.08.24 00:50:06 INFO  no build target found for C:\Users\PC\gest-paiement\gestion-paiements-v2\src\main\java\com\gestionpaiements\app\controller\MainViewController.java. Using fallback presentation compiler.
2026.08.24 00:50:06 INFO  no build target found for C:\Users\PC\gest-paiement\gestion-paiements-v2\src\main\java\com\gestionpaiements\app\controller\MainViewController.java. Using fallback presentation compiler.
2026.08.24 00:50:06 INFO  no build target found for C:\Users\PC\gest-paiement\gestion-paiements-v2\src\main\java\com\gestionpaiements\app\controller\MainViewController.java. Using fallback presentation compiler.
2026.08.24 00:50:07 INFO  no build target found for C:\Users\PC\gest-paiement\gestion-paiements-v2\src\main\java\com\gestionpaiements\app\controller\MainViewController.java. Using fallback presentation compiler.
2026.08.24 00:50:07 INFO  no build target found for C:\Users\PC\gest-paiement\gestion-paiements-v2\src\main\java\com\gestionpaiements\app\controller\MainViewController.java. Using fallback presentation compiler.
2026.08.24 00:50:07 INFO  no build target found for C:\Users\PC\gest-paiement\gestion-paiements-v2\src\main\java\com\gestionpaiements\app\controller\MainViewController.java. Using fallback presentation compiler.
2026.08.24 00:50:08 INFO  no build target found for C:\Users\PC\gest-paiement\gestion-paiements-v2\src\main\java\com\gestionpaiements\app\controller\MainViewController.java. Using fallback presentation compiler.
2026.08.24 00:50:07 INFO  no build target found for C:\Users\PC\gest-paiement\gestion-paiements-v2\src\main\java\com\gestionpaiements\app\controller\MainViewController.java. Using fallback presentation compiler.
2026.08.24 00:50:07 INFO  no build target found for C:\Users\PC\gest-paiement\gestion-paiements-v2\src\main\java\com\gestionpaiements\app\controller\MainViewController.java. Using fallback presentation compiler.
2026.08.24 00:50:08 INFO  no build target found for C:\Users\PC\gest-paiement\gestion-paiements-v2\src\main\java\com\gestionpaiements\app\controller\MainViewController.java. Using fallback presentation compiler.
2026.08.24 00:50:07 INFO  no build target found for C:\Users\PC\gest-paiement\gestion-paiements-v2\src\main\java\com\gestionpaiements\app\controller\MainViewController.java. Using fallback presentation compiler.
2026.08.24 00:50:07 INFO  no build target found for C:\Users\PC\gest-paiement\gestion-paiements-v2\src\main\java\com\gestionpaiements\app\controller\MainViewController.java. Using fallback presentation compiler.
2026.08.24 00:50:08 INFO  no build target found for C:\Users\PC\gest-paiement\gestion-paiements-v2\src\main\java\com\gestionpaiements\app\controller\MainViewController.java. Using fallback presentation compiler.
2026.08.24 00:50:08 INFO  no build target found for C:\Users\PC\gest-paiement\gestion-paiements-v2\src\main\java\com\gestionpaiements\app\controller\MainViewController.java. Using fallback presentation compiler.
2026.08.24 00:50:08 INFO  no build target found for C:\Users\PC\gest-paiement\gestion-paiements-v2\src\main\java\com\gestionpaiements\app\controller\MainViewController.java. Using fallback presentation compiler.
2026.08.24 00:50:08 INFO  no build target found for C:\Users\PC\gest-paiement\gestion-paiements-v2\src\main\java\com\gestionpaiements\app\controller\MainViewController.java. Using fallback presentation compiler.
2026.08.24 00:50:08 INFO  no build target found for C:\Users\PC\gest-paiement\gestion-paiements-v2\src\main\java\com\gestionpaiements\app\controller\MainViewController.java. Using fallback presentation compiler.
2026.08.24 00:50:08 INFO  no build target found for C:\Users\PC\gest-paiement\gestion-paiements-v2\src\main\java\com\gestionpaiements\app\controller\MainViewController.java. Using fallback presentation compiler.
2026.08.24 00:50:08 INFO  no build target found for C:\Users\PC\gest-paiement\gestion-paiements-v2\src\main\java\com\gestionpaiements\app\controller\MainViewController.java. Using fallback presentation compiler.
2026.08.24 00:50:09 INFO  no build target found for C:\Users\PC\gest-paiement\gestion-paiements-v2\src\main\java\com\gestionpaiements\app\controller\MainViewController.java. Using fallback presentation compiler.
2026.08.24 00:50:10 INFO  no build target found for C:\Users\PC\gest-paiement\gestion-paiements-v2\src\main\java\com\gestionpaiements\app\controller\MainViewController.java. Using fallback presentation compiler.
2026.08.24 00:50:10 INFO  no build target found for C:\Users\PC\gest-paiement\gestion-paiements-v2\src\main\java\com\gestionpaiements\app\controller\MainViewController.java. Using fallback presentation compiler.
2026.08.24 00:50:13 INFO  no build target found for C:\Users\PC\gest-paiement\gestion-paiements-v2\src\main\java\com\gestionpaiements\app\controller\MainViewController.java. Using fallback presentation compiler.
2026.08.24 00:50:13 INFO  no build target found for C:\Users\PC\gest-paiement\gestion-paiements-v2\src\main\java\com\gestionpaiements\app\controller\MainViewController.java. Using fallback presentation compiler.
2026.08.24 00:50:13 INFO  no build target found for C:\Users\PC\gest-paiement\gestion-paiements-v2\src\main\java\com\gestionpaiements\app\controller\MainViewController.java. Using fallback presentation compiler.
2026.08.24 00:50:13 INFO  no build target found for C:\Users\PC\gest-paiement\gestion-paiements-v2\src\main\java\com\gestionpaiements\app\controller\MainViewController.java. Using fallback presentation compiler.
2026.08.24 00:50:13 INFO  no build target found for C:\Users\PC\gest-paiement\gestion-paiements-v2\src\main\java\com\gestionpaiements\app\controller\MainViewController.java. Using fallback presentation compiler.
2026.08.24 00:50:14 INFO  no build target found for C:\Users\PC\gest-paiement\gestion-paiements-v2\src\main\java\com\gestionpaiements\app\controller\MainViewController.java. Using fallback presentation compiler.
2026.08.24 00:50:14 INFO  no build target found for C:\Users\PC\gest-paiement\gestion-paiements-v2\src\main\java\com\gestionpaiements\app\controller\MainViewController.java. Using fallback presentation compiler.
2026.08.24 00:50:14 INFO  no build target found for C:\Users\PC\gest-paiement\gestion-paiements-v2\src\main\java\com\gestionpaiements\app\controller\MainViewController.java. Using fallback presentation compiler.
2026.08.24 00:50:14 INFO  no build target found for C:\Users\PC\gest-paiement\gestion-paiements-v2\src\main\java\com\gestionpaiements\app\controller\MainViewController.java. Using fallback presentation compiler.
2026.08.24 00:50:14 INFO  no build target found for C:\Users\PC\gest-paiement\gestion-paiements-v2\src\main\java\com\gestionpaiements\app\controller\MainViewController.java. Using fallback presentation compiler.
2026.08.24 00:50:14 INFO  no build target found for C:\Users\PC\gest-paiement\gestion-paiements-v2\src\main\java\com\gestionpaiements\app\controller\MainViewController.java. Using fallback presentation compiler.
2026.08.24 00:50:15 INFO  no build target found for C:\Users\PC\gest-paiement\gestion-paiements-v2\src\main\java\com\gestionpaiements\app\controller\MainViewController.java. Using fallback presentation compiler.
2026.08.24 00:50:14 INFO  no build target found for C:\Users\PC\gest-paiement\gestion-paiements-v2\src\main\java\com\gestionpaiements\app\controller\MainViewController.java. Using fallback presentation compiler.
2026.08.24 00:50:14 INFO  no build target found for C:\Users\PC\gest-paiement\gestion-paiements-v2\src\main\java\com\gestionpaiements\app\controller\MainViewController.java. Using fallback presentation compiler.
2026.08.24 00:50:15 INFO  no build target found for C:\Users\PC\gest-paiement\gestion-paiements-v2\src\main\java\com\gestionpaiements\app\controller\MainViewController.java. Using fallback presentation compiler.
2026.08.24 00:50:15 INFO  no build target found for C:\Users\PC\gest-paiement\gestion-paiements-v2\src\main\java\com\gestionpaiements\app\controller\MainViewController.java. Using fallback presentation compiler.
2026.08.24 00:50:15 INFO  no build target found for C:\Users\PC\gest-paiement\gestion-paiements-v2\src\main\java\com\gestionpaiements\app\controller\MainViewController.java. Using fallback presentation compiler.
2026.08.24 00:50:15 INFO  no build target found for C:\Users\PC\gest-paiement\gestion-paiements-v2\src\main\java\com\gestionpaiements\app\controller\MainViewController.java. Using fallback presentation compiler.
2026.08.24 00:50:15 INFO  no build target found for C:\Users\PC\gest-paiement\gestion-paiements-v2\src\main\java\com\gestionpaiements\app\controller\MainViewController.java. Using fallback presentation compiler.
2026.08.24 00:50:15 INFO  no build target found for C:\Users\PC\gest-paiement\gestion-paiements-v2\src\main\java\com\gestionpaiements\app\controller\MainViewController.java. Using fallback presentation compiler.
2026.08.24 00:50:15 INFO  no build target found for C:\Users\PC\gest-paiement\gestion-paiements-v2\src\main\java\com\gestionpaiements\app\controller\MainViewController.java. Using fallback presentation compiler.
2026.08.24 00:50:15 INFO  no build target found for C:\Users\PC\gest-paiement\gestion-paiements-v2\src\main\java\com\gestionpaiements\app\controller\MainViewController.java. Using fallback presentation compiler.
2026.08.24 00:50:16 INFO  no build target found for C:\Users\PC\gest-paiement\gestion-paiements-v2\src\main\java\com\gestionpaiements\app\controller\MainViewController.java. Using fallback presentation compiler.
2026.08.24 00:50:17 INFO  no build target found for C:\Users\PC\gest-paiement\gestion-paiements-v2\src\main\java\com\gestionpaiements\app\controller\MainViewController.java. Using fallback presentation compiler.
2026.08.24 00:50:17 INFO  no build target found for C:\Users\PC\gest-paiement\gestion-paiements-v2\src\main\java\com\gestionpaiements\app\controller\MainViewController.java. Using fallback presentation compiler.
2026.08.24 00:50:20 INFO  no build target found for C:\Users\PC\gest-paiement\gestion-paiements-v2\src\main\java\com\gestionpaiements\app\controller\MainViewController.java. Using fallback presentation compiler.
2026.08.24 00:50:21 INFO  no build target found for C:\Users\PC\gest-paiement\gestion-paiements-v2\src\main\java\com\gestionpaiements\app\controller\MainViewController.java. Using fallback presentation compiler.
2026.08.24 00:50:21 INFO  no build target found for C:\Users\PC\gest-paiement\gestion-paiements-v2\src\main\java\com\gestionpaiements\app\controller\MainViewController.java. Using fallback presentation compiler.
2026.08.24 00:50:21 INFO  no build target found for C:\Users\PC\gest-paiement\gestion-paiements-v2\src\main\java\com\gestionpaiements\app\controller\MainViewController.java. Using fallback presentation compiler.
2026.08.24 00:50:21 INFO  no build target found for C:\Users\PC\gest-paiement\gestion-paiements-v2\src\main\java\com\gestionpaiements\app\controller\MainViewController.java. Using fallback presentation compiler.
2026.08.24 00:50:21 INFO  no build target found for C:\Users\PC\gest-paiement\gestion-paiements-v2\src\main\java\com\gestionpaiements\app\controller\MainViewController.java. Using fallback presentation compiler.
2026.08.24 00:50:22 INFO  no build target found for C:\Users\PC\gest-paiement\gestion-paiements-v2\src\main\java\com\gestionpaiements\app\controller\MainViewController.java. Using fallback presentation compiler.
2026.08.24 00:50:23 INFO  no build target found for C:\Users\PC\gest-paiement\gestion-paiements-v2\src\main\java\com\gestionpaiements\app\controller\MainViewController.java. Using fallback presentation compiler.
2026.08.24 00:50:23 INFO  no build target found for C:\Users\PC\gest-paiement\gestion-paiements-v2\src\main\java\com\gestionpaiements\app\controller\MainViewController.java. Using fallback presentation compiler.
2026.08.24 00:50:23 INFO  no build target found for C:\Users\PC\gest-paiement\gestion-paiements-v2\src\main\java\com\gestionpaiements\app\controller\MainViewController.java. Using fallback presentation compiler.
2026.08.24 00:50:24 INFO  no build target found for C:\Users\PC\gest-paiement\gestion-paiements-v2\src\main\java\com\gestionpaiements\app\controller\MainViewController.java. Using fallback presentation compiler.
2026.08.24 00:50:23 INFO  no build target found for C:\Users\PC\gest-paiement\gestion-paiements-v2\src\main\java\com\gestionpaiements\app\controller\MainViewController.java. Using fallback presentation compiler.
2026.08.24 00:50:23 INFO  no build target found for C:\Users\PC\gest-paiement\gestion-paiements-v2\src\main\java\com\gestionpaiements\app\controller\MainViewController.java. Using fallback presentation compiler.
2026.08.24 00:50:24 INFO  no build target found for C:\Users\PC\gest-paiement\gestion-paiements-v2\src\main\java\com\gestionpaiements\app\controller\MainViewController.java. Using fallback presentation compiler.
2026.08.24 00:50:23 INFO  no build target found for C:\Users\PC\gest-paiement\gestion-paiements-v2\src\main\java\com\gestionpaiements\app\controller\MainViewController.java. Using fallback presentation compiler.
2026.08.24 00:50:23 INFO  no build target found for C:\Users\PC\gest-paiement\gestion-paiements-v2\src\main\java\com\gestionpaiements\app\controller\MainViewController.java. Using fallback presentation compiler.
2026.08.24 00:50:24 INFO  no build target found for C:\Users\PC\gest-paiement\gestion-paiements-v2\src\main\java\com\gestionpaiements\app\controller\MainViewController.java. Using fallback presentation compiler.
2026.08.24 00:50:25 INFO  no build target found for C:\Users\PC\gest-paiement\gestion-paiements-v2\src\main\java\com\gestionpaiements\app\controller\MainViewController.java. Using fallback presentation compiler.
2026.08.24 00:50:25 INFO  no build target found for C:\Users\PC\gest-paiement\gestion-paiements-v2\src\main\java\com\gestionpaiements\app\controller\MainViewController.java. Using fallback presentation compiler.
2026.08.24 00:50:25 INFO  no build target found for C:\Users\PC\gest-paiement\gestion-paiements-v2\src\main\java\com\gestionpaiements\app\controller\MainViewController.java. Using fallback presentation compiler.
2026.08.24 00:50:25 INFO  no build target found for C:\Users\PC\gest-paiement\gestion-paiements-v2\src\main\java\com\gestionpaiements\app\controller\MainViewController.java. Using fallback presentation compiler.
2026.08.24 00:50:25 INFO  no build target found for C:\Users\PC\gest-paiement\gestion-paiements-v2\src\main\java\com\gestionpaiements\app\controller\MainViewController.java. Using fallback presentation compiler.
2026.08.24 00:50:25 INFO  no build target found for C:\Users\PC\gest-paiement\gestion-paiements-v2\src\main\java\com\gestionpaiements\app\controller\MainViewController.java. Using fallback presentation compiler.
2026.08.24 00:50:25 INFO  no build target found for C:\Users\PC\gest-paiement\gestion-paiements-v2\src\main\java\com\gestionpaiements\app\controller\MainViewController.java. Using fallback presentation compiler.
2026.08.24 00:50:26 INFO  no build target found for C:\Users\PC\gest-paiement\gestion-paiements-v2\src\main\java\com\gestionpaiements\app\controller\MainViewController.java. Using fallback presentation compiler.
2026.08.24 00:50:26 INFO  no build target found for C:\Users\PC\gest-paiement\gestion-paiements-v2\src\main\java\com\gestionpaiements\app\controller\MainViewController.java. Using fallback presentation compiler.
2026.08.24 00:50:26 INFO  no build target found for C:\Users\PC\gest-paiement\gestion-paiements-v2\src\main\java\com\gestionpaiements\app\controller\MainViewController.java. Using fallback presentation compiler.
2026.08.24 00:50:28 INFO  no build target found for C:\Users\PC\gest-paiement\gestion-paiements-v2\src\main\java\com\gestionpaiements\app\controller\MainViewController.java. Using fallback presentation compiler.
2026.08.24 00:50:28 INFO  no build target found for C:\Users\PC\gest-paiement\gestion-paiements-v2\src\main\java\com\gestionpaiements\app\controller\MainViewController.java. Using fallback presentation compiler.
2026.08.24 00:50:28 INFO  no build target found for C:\Users\PC\gest-paiement\gestion-paiements-v2\src\main\java\com\gestionpaiements\app\controller\MainViewController.java. Using fallback presentation compiler.
2026.08.24 00:50:28 INFO  no build target found for C:\Users\PC\gest-paiement\gestion-paiements-v2\src\main\java\com\gestionpaiements\app\controller\MainViewController.java. Using fallback presentation compiler.
2026.08.24 00:50:28 INFO  no build target found for C:\Users\PC\gest-paiement\gestion-paiements-v2\src\main\java\com\gestionpaiements\app\controller\MainViewController.java. Using fallback presentation compiler.
2026.08.24 00:50:29 INFO  no build target found for C:\Users\PC\gest-paiement\gestion-paiements-v2\src\main\java\com\gestionpaiements\app\controller\MainViewController.java. Using fallback presentation compiler.
2026.08.24 00:50:29 INFO  no build target found for C:\Users\PC\gest-paiement\gestion-paiements-v2\src\main\java\com\gestionpaiements\app\controller\MainViewController.java. Using fallback presentation compiler.
2026.08.24 00:50:29 INFO  no build target found for C:\Users\PC\gest-paiement\gestion-paiements-v2\src\main\java\com\gestionpaiements\app\controller\MainViewController.java. Using fallback presentation compiler.
2026.08.24 00:50:29 INFO  no build target found for C:\Users\PC\gest-paiement\gestion-paiements-v2\src\main\java\com\gestionpaiements\app\controller\MainViewController.java. Using fallback presentation compiler.
2026.08.24 00:50:29 INFO  no build target found for C:\Users\PC\gest-paiement\gestion-paiements-v2\src\main\java\com\gestionpaiements\app\controller\MainViewController.java. Using fallback presentation compiler.
2026.08.24 00:50:29 INFO  no build target found for C:\Users\PC\gest-paiement\gestion-paiements-v2\src\main\java\com\gestionpaiements\app\controller\MainViewController.java. Using fallback presentation compiler.
2026.08.24 00:50:29 INFO  no build target found for C:\Users\PC\gest-paiement\gestion-paiements-v2\src\main\java\com\gestionpaiements\app\controller\MainViewController.java. Using fallback presentation compiler.
2026.08.24 00:50:29 INFO  no build target found for C:\Users\PC\gest-paiement\gestion-paiements-v2\src\main\java\com\gestionpaiements\app\controller\MainViewController.java. Using fallback presentation compiler.
2026.08.24 00:50:29 INFO  no build target found for C:\Users\PC\gest-paiement\gestion-paiements-v2\src\main\java\com\gestionpaiements\app\controller\MainViewController.java. Using fallback presentation compiler.
2026.08.24 00:50:30 INFO  no build target found for C:\Users\PC\gest-paiement\gestion-paiements-v2\src\main\java\com\gestionpaiements\app\controller\MainViewController.java. Using fallback presentation compiler.
2026.08.24 00:50:30 INFO  no build target found for C:\Users\PC\gest-paiement\gestion-paiements-v2\src\main\java\com\gestionpaiements\app\controller\MainViewController.java. Using fallback presentation compiler.
2026.08.24 00:50:30 INFO  no build target found for C:\Users\PC\gest-paiement\gestion-paiements-v2\src\main\java\com\gestionpaiements\app\controller\MainViewController.java. Using fallback presentation compiler.
2026.08.24 00:50:30 INFO  no build target found for C:\Users\PC\gest-paiement\gestion-paiements-v2\src\main\java\com\gestionpaiements\app\controller\MainViewController.java. Using fallback presentation compiler.
2026.08.24 00:50:31 INFO  no build target found for C:\Users\PC\gest-paiement\gestion-paiements-v2\src\main\java\com\gestionpaiements\app\controller\MainViewController.java. Using fallback presentation compiler.
2026.08.24 00:50:30 INFO  no build target found for C:\Users\PC\gest-paiement\gestion-paiements-v2\src\main\java\com\gestionpaiements\app\controller\MainViewController.java. Using fallback presentation compiler.
2026.08.24 00:50:30 INFO  no build target found for C:\Users\PC\gest-paiement\gestion-paiements-v2\src\main\java\com\gestionpaiements\app\controller\MainViewController.java. Using fallback presentation compiler.
2026.08.24 00:50:30 INFO  no build target found for C:\Users\PC\gest-paiement\gestion-paiements-v2\src\main\java\com\gestionpaiements\app\controller\MainViewController.java. Using fallback presentation compiler.
2026.08.24 00:50:31 INFO  no build target found for C:\Users\PC\gest-paiement\gestion-paiements-v2\src\main\java\com\gestionpaiements\app\controller\MainViewController.java. Using fallback presentation compiler.
2026.08.24 00:50:32 INFO  no build target found for C:\Users\PC\gest-paiement\gestion-paiements-v2\src\main\java\com\gestionpaiements\app\controller\MainViewController.java. Using fallback presentation compiler.
2026.08.24 00:50:32 INFO  no build target found for C:\Users\PC\gest-paiement\gestion-paiements-v2\src\main\java\com\gestionpaiements\app\controller\MainViewController.java. Using fallback presentation compiler.
2026.08.24 00:50:33 INFO  no build target found for C:\Users\PC\gest-paiement\gestion-paiements-v2\src\main\java\com\gestionpaiements\app\controller\MainViewController.java. Using fallback presentation compiler.
2026.08.24 00:50:34 WARN  no build target for: C:\Users\PC\gest-paiement\gestion-paiements-v2\src\main\java\com\gestionpaiements\app\controller\MainViewController.java
2026.08.24 00:50:34 INFO  no build target found for C:\Users\PC\gest-paiement\gestion-paiements-v2\src\main\java\com\gestionpaiements\app\controller\MainViewController.java. Using fallback presentation compiler.
2026.08.24 00:50:35 INFO  no build target found for C:\Users\PC\gest-paiement\gestion-paiements-v2\src\main\java\com\gestionpaiements\app\controller\MainViewController.java. Using fallback presentation compiler.
2026.08.24 00:52:22 INFO  Shutting down server
2026.08.24 00:52:22 INFO  Memory monitor stopped
2026.08.24 00:52:22 INFO  shutting down Metals
2026.08.24 21:42:20 INFO  Started: Metals version 1.6.8 in folders 'C:\Users\PC\gest-paiement\gestion-paiements-v2' for client Visual Studio Code 1.134.0.
2026.08.24 21:42:20 INFO  Memory monitor started
2026.08.24 21:42:21 WARN  Using H2 2.4.240 which is newer than the version Flyway has been verified with. The latest verified version of H2 is 2.3.232.
2026.08.24 21:42:21 INFO  no build target found for C:\Users\PC\gest-paiement\gestion-paiements-v2\src\main\java\com\gestionpaiements\app\controller\AjouterPaiementController.java. Using fallback presentation compiler.
2026.08.24 21:42:21 INFO  no build target found for C:\Users\PC\gest-paiement\gestion-paiements-v2\src\main\java\com\gestionpaiements\app\controller\AjouterPaiementController.java. Using fallback presentation compiler.
août 24, 2026 9:42:26 PM org.eclipse.lsp4j.jsonrpc.RemoteEndpoint handleCancellation
AVERTISSEMENT: Unmatched cancel notification for request id 6
2026.08.24 21:42:26 INFO  no build target found for C:\Users\PC\gest-paiement\gestion-paiements-v2\src\main\java\com\gestionpaiements\app\controller\AjouterPaiementController.java. Using fallback presentation compiler.
août 24, 2026 9:42:26 PM org.eclipse.lsp4j.jsonrpc.RemoteEndpoint handleCancellation
AVERTISSEMENT: Unmatched cancel notification for request id 8
2026.08.24 21:42:26 INFO  no build target found for C:\Users\PC\gest-paiement\gestion-paiements-v2\src\main\java\com\gestionpaiements\app\controller\AjouterPaiementController.java. Using fallback presentation compiler.
août 24, 2026 9:42:26 PM org.eclipse.lsp4j.jsonrpc.RemoteEndpoint handleCancellation
AVERTISSEMENT: Unmatched cancel notification for request id 9
2026.08.24 21:42:26 INFO  no build target found for C:\Users\PC\gest-paiement\gestion-paiements-v2\src\main\java\com\gestionpaiements\app\controller\AjouterPaiementController.java. Using fallback presentation compiler.
août 24, 2026 9:42:27 PM org.eclipse.lsp4j.jsonrpc.RemoteEndpoint handleCancellation
AVERTISSEMENT: Unmatched cancel notification for request id 10
août 24, 2026 9:42:27 PM org.eclipse.lsp4j.jsonrpc.RemoteEndpoint handleCancellation
AVERTISSEMENT: Unmatched cancel notification for request id 4
2026.08.24 21:42:26 INFO  no build target found for C:\Users\PC\gest-paiement\gestion-paiements-v2\src\main\java\com\gestionpaiements\app\controller\AjouterPaiementController.java. Using fallback presentation compiler.
2026.08.24 21:42:27 INFO  no build target found for C:\Users\PC\gest-paiement\gestion-paiements-v2\src\main\java\com\gestionpaiements\app\controller\AjouterPaiementController.java. Using fallback presentation compiler.
août 24, 2026 9:42:27 PM org.eclipse.lsp4j.jsonrpc.RemoteEndpoint handleCancellation
AVERTISSEMENT: Unmatched cancel notification for request id 14
2026.08.24 21:42:27 INFO  no build target found for C:\Users\PC\gest-paiement\gestion-paiements-v2\src\main\java\com\gestionpaiements\app\controller\AjouterPaiementController.java. Using fallback presentation compiler.
2026.08.24 21:42:28 INFO  no build target found for C:\Users\PC\gest-paiement\gestion-paiements-v2\src\main\java\com\gestionpaiements\app\controller\AjouterPaiementController.java. Using fallback presentation compiler.
2026.08.24 21:42:28 INFO  no build target found for C:\Users\PC\gest-paiement\gestion-paiements-v2\src\main\java\com\gestionpaiements\app\controller\AjouterPaiementController.java. Using fallback presentation compiler.
2026.08.24 21:42:30 INFO  no build target found for C:\Users\PC\gest-paiement\gestion-paiements-v2\src\main\java\com\gestionpaiements\app\controller\AjouterPaiementController.java. Using fallback presentation compiler.
2026.08.24 21:42:30 INFO  no build target found for C:\Users\PC\gest-paiement\gestion-paiements-v2\src\main\java\com\gestionpaiements\app\controller\AjouterPaiementController.java. Using fallback presentation compiler.
2026.08.24 21:42:31 INFO  no build target found for C:\Users\PC\gest-paiement\gestion-paiements-v2\src\main\java\com\gestionpaiements\app\controller\AjouterPaiementController.java. Using fallback presentation compiler.
2026.08.24 21:42:36 INFO  no build target found for C:\Users\PC\gest-paiement\gestion-paiements-v2\src\main\java\com\gestionpaiements\app\controller\AjouterPaiementController.java. Using fallback presentation compiler.
2026.08.24 21:42:37 WARN  no build target for: C:\Users\PC\gest-paiement\gestion-paiements-v2\src\main\java\com\gestionpaiements\app\controller\AjouterPaiementController.java
2026.08.24 21:42:37 INFO  no build target found for C:\Users\PC\gest-paiement\gestion-paiements-v2\src\main\java\com\gestionpaiements\app\controller\AjouterPaiementController.java. Using fallback presentation compiler.
2026.08.24 21:42:40 INFO  no build target found for C:\Users\PC\gest-paiement\gestion-paiements-v2\src\main\java\com\gestionpaiements\app\controller\MainViewController.java. Using fallback presentation compiler.
2026.08.24 21:42:40 INFO  no build target found for C:\Users\PC\gest-paiement\gestion-paiements-v2\src\main\java\com\gestionpaiements\app\controller\MainViewController.java. Using fallback presentation compiler.
2026.08.24 21:42:40 INFO  no build target found for C:\Users\PC\gest-paiement\gestion-paiements-v2\src\main\java\com\gestionpaiements\app\controller\MainViewController.java. Using fallback presentation compiler.
2026.08.24 21:42:40 INFO  no build target found for C:\Users\PC\gest-paiement\gestion-paiements-v2\src\main\java\com\gestionpaiements\app\controller\MainViewController.java. Using fallback presentation compiler.
2026.08.24 21:42:46 INFO  no build target found for C:\Users\PC\gest-paiement\gestion-paiements-v2\src\main\java\com\gestionpaiements\app\controller\MainViewController.java. Using fallback presentation compiler.
2026.08.24 21:42:48 INFO  no build target found for C:\Users\PC\gest-paiement\gestion-paiements-v2\src\main\java\com\gestionpaiements\app\controller\MainViewController.java. Using fallback presentation compiler.
2026.08.24 21:42:48 INFO  no build target found for C:\Users\PC\gest-paiement\gestion-paiements-v2\src\main\java\com\gestionpaiements\app\controller\MainViewController.java. Using fallback presentation compiler.
2026.08.24 21:42:49 INFO  no build target found for C:\Users\PC\gest-paiement\gestion-paiements-v2\src\main\java\com\gestionpaiements\app\controller\MainViewController.java. Using fallback presentation compiler.
2026.08.24 21:43:00 INFO  no build target found for C:\Users\PC\gest-paiement\gestion-paiements-v2\src\main\java\com\gestionpaiements\app\controller\MainViewController.java. Using fallback presentation compiler.
2026.08.24 21:43:01 INFO  no build target found for C:\Users\PC\gest-paiement\gestion-paiements-v2\src\main\java\com\gestionpaiements\app\controller\MainViewController.java. Using fallback presentation compiler.
2026.08.24 21:43:01 INFO  no build target found for C:\Users\PC\gest-paiement\gestion-paiements-v2\src\main\java\com\gestionpaiements\app\controller\MainViewController.java. Using fallback presentation compiler.
2026.08.24 21:43:03 INFO  no build target found for C:\Users\PC\gest-paiement\gestion-paiements-v2\src\main\java\com\gestionpaiements\app\controller\MainViewController.java. Using fallback presentation compiler.
2026.08.24 21:43:07 INFO  no build target found for C:\Users\PC\gest-paiement\gestion-paiements-v2\src\main\java\com\gestionpaiements\app\controller\MainViewController.java. Using fallback presentation compiler.
2026.08.24 21:43:07 INFO  no build target found for C:\Users\PC\gest-paiement\gestion-paiements-v2\src\main\java\com\gestionpaiements\app\controller\MainViewController.java. Using fallback presentation compiler.
2026.08.24 21:43:08 INFO  no build target found for C:\Users\PC\gest-paiement\gestion-paiements-v2\src\main\java\com\gestionpaiements\app\controller\MainViewController.java. Using fallback presentation compiler.
2026.08.24 21:43:08 INFO  no build target found for C:\Users\PC\gest-paiement\gestion-paiements-v2\src\main\java\com\gestionpaiements\app\controller\MainViewController.java. Using fallback presentation compiler.
2026.08.24 21:43:10 INFO  no build target found for C:\Users\PC\gest-paiement\gestion-paiements-v2\src\main\java\com\gestionpaiements\app\controller\MainViewController.java. Using fallback presentation compiler.
2026.08.24 21:43:10 INFO  no build target found for C:\Users\PC\gest-paiement\gestion-paiements-v2\src\main\java\com\gestionpaiements\app\controller\MainViewController.java. Using fallback presentation compiler.
2026.08.24 21:43:12 INFO  no build target found for C:\Users\PC\gest-paiement\gestion-paiements-v2\src\main\java\com\gestionpaiements\app\controller\MainViewController.java. Using fallback presentation compiler.
2026.08.24 21:43:12 INFO  no build target found for C:\Users\PC\gest-paiement\gestion-paiements-v2\src\main\java\com\gestionpaiements\app\controller\MainViewController.java. Using fallback presentation compiler.
2026.08.24 21:43:12 INFO  no build target found for C:\Users\PC\gest-paiement\gestion-paiements-v2\src\main\java\com\gestionpaiements\app\controller\MainViewController.java. Using fallback presentation compiler.
2026.08.24 21:43:13 INFO  no build target found for C:\Users\PC\gest-paiement\gestion-paiements-v2\src\main\java\com\gestionpaiements\app\controller\MainViewController.java. Using fallback presentation compiler.
2026.08.24 21:43:13 INFO  no build target found for C:\Users\PC\gest-paiement\gestion-paiements-v2\src\main\java\com\gestionpaiements\app\controller\MainViewController.java. Using fallback presentation compiler.
2026.08.24 21:43:15 INFO  no build target found for C:\Users\PC\gest-paiement\gestion-paiements-v2\src\main\java\com\gestionpaiements\app\controller\MainViewController.java. Using fallback presentation compiler.
2026.08.24 21:43:15 INFO  no build target found for C:\Users\PC\gest-paiement\gestion-paiements-v2\src\main\java\com\gestionpaiements\app\controller\MainViewController.java. Using fallback presentation compiler.
2026.08.24 21:43:23 INFO  no build target found for C:\Users\PC\gest-paiement\gestion-paiements-v2\src\main\java\com\gestionpaiements\app\controller\MainViewController.java. Using fallback presentation compiler.
2026.08.24 21:43:23 INFO  no build target found for C:\Users\PC\gest-paiement\gestion-paiements-v2\src\main\java\com\gestionpaiements\app\controller\MainViewController.java. Using fallback presentation compiler.
2026.08.24 21:43:23 INFO  no build target found for C:\Users\PC\gest-paiement\gestion-paiements-v2\src\main\java\com\gestionpaiements\app\controller\MainViewController.java. Using fallback presentation compiler.
2026.08.24 21:43:24 INFO  no build target found for C:\Users\PC\gest-paiement\gestion-paiements-v2\src\main\java\com\gestionpaiements\app\controller\MainViewController.java. Using fallback presentation compiler.
2026.08.24 21:43:25 INFO  no build target found for C:\Users\PC\gest-paiement\gestion-paiements-v2\src\main\java\com\gestionpaiements\app\controller\MainViewController.java. Using fallback presentation compiler.
2026.08.24 21:43:25 INFO  no build target found for C:\Users\PC\gest-paiement\gestion-paiements-v2\src\main\java\com\gestionpaiements\app\controller\MainViewController.java. Using fallback presentation compiler.
2026.08.24 21:43:26 INFO  no build target found for C:\Users\PC\gest-paiement\gestion-paiements-v2\src\main\java\com\gestionpaiements\app\controller\MainViewController.java. Using fallback presentation compiler.
2026.08.24 21:43:25 INFO  no build target found for C:\Users\PC\gest-paiement\gestion-paiements-v2\src\main\java\com\gestionpaiements\app\controller\MainViewController.java. Using fallback presentation compiler.
2026.08.24 21:43:26 INFO  no build target found for C:\Users\PC\gest-paiement\gestion-paiements-v2\src\main\java\com\gestionpaiements\app\controller\MainViewController.java. Using fallback presentation compiler.
2026.08.24 21:43:28 INFO  no build target found for C:\Users\PC\gest-paiement\gestion-paiements-v2\src\main\java\com\gestionpaiements\app\controller\MainViewController.java. Using fallback presentation compiler.
2026.08.24 21:43:28 INFO  no build target found for C:\Users\PC\gest-paiement\gestion-paiements-v2\src\main\java\com\gestionpaiements\app\controller\MainViewController.java. Using fallback presentation compiler.
2026.08.24 21:43:37 INFO  no build target found for C:\Users\PC\gest-paiement\gestion-paiements-v2\src\main\java\com\gestionpaiements\app\controller\MainViewController.java. Using fallback presentation compiler.
2026.08.24 21:43:37 INFO  no build target found for C:\Users\PC\gest-paiement\gestion-paiements-v2\src\main\java\com\gestionpaiements\app\controller\MainViewController.java. Using fallback presentation compiler.
2026.08.24 21:43:37 INFO  no build target found for C:\Users\PC\gest-paiement\gestion-paiements-v2\src\main\java\com\gestionpaiements\app\controller\MainViewController.java. Using fallback presentation compiler.
2026.08.24 21:43:39 INFO  no build target found for C:\Users\PC\gest-paiement\gestion-paiements-v2\src\main\java\com\gestionpaiements\app\controller\MainViewController.java. Using fallback presentation compiler.
2026.08.24 21:43:41 INFO  no build target found for C:\Users\PC\gest-paiement\gestion-paiements-v2\src\main\java\com\gestionpaiements\app\controller\MainViewController.java. Using fallback presentation compiler.
2026.08.24 21:43:44 INFO  no build target found for C:\Users\PC\gest-paiement\gestion-paiements-v2\src\main\java\com\gestionpaiements\app\controller\MainViewController.java. Using fallback presentation compiler.
2026.08.24 21:43:44 INFO  no build target found for C:\Users\PC\gest-paiement\gestion-paiements-v2\src\main\java\com\gestionpaiements\app\controller\MainViewController.java. Using fallback presentation compiler.
2026.08.24 21:43:44 INFO  no build target found for C:\Users\PC\gest-paiement\gestion-paiements-v2\src\main\java\com\gestionpaiements\app\controller\MainViewController.java. Using fallback presentation compiler.
2026.08.24 21:43:46 INFO  no build target found for C:\Users\PC\gest-paiement\gestion-paiements-v2\src\main\java\com\gestionpaiements\app\controller\MainViewController.java. Using fallback presentation compiler.
2026.08.24 21:43:46 INFO  no build target found for C:\Users\PC\gest-paiement\gestion-paiements-v2\src\main\java\com\gestionpaiements\app\controller\MainViewController.java. Using fallback presentation compiler.
2026.08.24 21:43:47 INFO  no build target found for C:\Users\PC\gest-paiement\gestion-paiements-v2\src\main\java\com\gestionpaiements\app\controller\MainViewController.java. Using fallback presentation compiler.
2026.08.24 21:43:47 INFO  no build target found for C:\Users\PC\gest-paiement\gestion-paiements-v2\src\main\java\com\gestionpaiements\app\controller\MainViewController.java. Using fallback presentation compiler.
2026.08.24 21:43:47 INFO  no build target found for C:\Users\PC\gest-paiement\gestion-paiements-v2\src\main\java\com\gestionpaiements\app\controller\MainViewController.java. Using fallback presentation compiler.
2026.08.24 21:43:47 INFO  no build target found for C:\Users\PC\gest-paiement\gestion-paiements-v2\src\main\java\com\gestionpaiements\app\controller\MainViewController.java. Using fallback presentation compiler.
2026.08.24 21:43:47 INFO  no build target found for C:\Users\PC\gest-paiement\gestion-paiements-v2\src\main\java\com\gestionpaiements\app\controller\MainViewController.java. Using fallback presentation compiler.
2026.08.24 21:43:47 INFO  no build target found for C:\Users\PC\gest-paiement\gestion-paiements-v2\src\main\java\com\gestionpaiements\app\controller\MainViewController.java. Using fallback presentation compiler.
2026.08.24 21:43:48 INFO  no build target found for C:\Users\PC\gest-paiement\gestion-paiements-v2\src\main\java\com\gestionpaiements\app\controller\MainViewController.java. Using fallback presentation compiler.
2026.08.24 21:43:48 INFO  no build target found for C:\Users\PC\gest-paiement\gestion-paiements-v2\src\main\java\com\gestionpaiements\app\controller\MainViewController.java. Using fallback presentation compiler.
2026.08.24 21:43:48 INFO  no build target found for C:\Users\PC\gest-paiement\gestion-paiements-v2\src\main\java\com\gestionpaiements\app\controller\MainViewController.java. Using fallback presentation compiler.
2026.08.24 21:43:48 INFO  no build target found for C:\Users\PC\gest-paiement\gestion-paiements-v2\src\main\java\com\gestionpaiements\app\controller\MainViewController.java. Using fallback presentation compiler.
2026.08.24 21:43:50 INFO  no build target found for C:\Users\PC\gest-paiement\gestion-paiements-v2\src\main\java\com\gestionpaiements\app\controller\MainViewController.java. Using fallback presentation compiler.
2026.08.24 21:43:50 INFO  no build target found for C:\Users\PC\gest-paiement\gestion-paiements-v2\src\main\java\com\gestionpaiements\app\controller\MainViewController.java. Using fallback presentation compiler.
2026.08.24 21:43:50 INFO  no build target found for C:\Users\PC\gest-paiement\gestion-paiements-v2\src\main\java\com\gestionpaiements\app\controller\MainViewController.java. Using fallback presentation compiler.
2026.08.24 21:43:50 INFO  no build target found for C:\Users\PC\gest-paiement\gestion-paiements-v2\src\main\java\com\gestionpaiements\app\controller\MainViewController.java. Using fallback presentation compiler.
2026.08.24 21:44:03 INFO  no build target found for C:\Users\PC\gest-paiement\gestion-paiements-v2\src\main\java\com\gestionpaiements\app\controller\MainViewController.java. Using fallback presentation compiler.
2026.08.24 21:44:03 INFO  no build target found for C:\Users\PC\gest-paiement\gestion-paiements-v2\src\main\java\com\gestionpaiements\app\controller\MainViewController.java. Using fallback presentation compiler.
2026.08.24 21:44:03 INFO  no build target found for C:\Users\PC\gest-paiement\gestion-paiements-v2\src\main\java\com\gestionpaiements\app\controller\MainViewController.java. Using fallback presentation compiler.
2026.08.24 21:44:03 INFO  no build target found for C:\Users\PC\gest-paiement\gestion-paiements-v2\src\main\java\com\gestionpaiements\app\controller\MainViewController.java. Using fallback presentation compiler.
2026.08.24 21:44:03 INFO  no build target found for C:\Users\PC\gest-paiement\gestion-paiements-v2\src\main\java\com\gestionpaiements\app\controller\MainViewController.java. Using fallback presentation compiler.
2026.08.24 21:44:05 INFO  no build target found for C:\Users\PC\gest-paiement\gestion-paiements-v2\src\main\java\com\gestionpaiements\app\controller\MainViewController.java. Using fallback presentation compiler.
2026.08.24 21:44:05 INFO  no build target found for C:\Users\PC\gest-paiement\gestion-paiements-v2\src\main\java\com\gestionpaiements\app\controller\MainViewController.java. Using fallback presentation compiler.
2026.08.24 21:44:05 INFO  no build target found for C:\Users\PC\gest-paiement\gestion-paiements-v2\src\main\java\com\gestionpaiements\app\controller\MainViewController.java. Using fallback presentation compiler.
2026.08.24 21:44:05 INFO  no build target found for C:\Users\PC\gest-paiement\gestion-paiements-v2\src\main\java\com\gestionpaiements\app\controller\MainViewController.java. Using fallback presentation compiler.
2026.08.24 21:44:06 INFO  no build target found for C:\Users\PC\gest-paiement\gestion-paiements-v2\src\main\java\com\gestionpaiements\app\controller\MainViewController.java. Using fallback presentation compiler.
2026.08.24 21:44:06 INFO  no build target found for C:\Users\PC\gest-paiement\gestion-paiements-v2\src\main\java\com\gestionpaiements\app\controller\MainViewController.java. Using fallback presentation compiler.
2026.08.24 21:44:06 INFO  no build target found for C:\Users\PC\gest-paiement\gestion-paiements-v2\src\main\java\com\gestionpaiements\app\controller\MainViewController.java. Using fallback presentation compiler.
2026.08.24 21:44:06 INFO  no build target found for C:\Users\PC\gest-paiement\gestion-paiements-v2\src\main\java\com\gestionpaiements\app\controller\MainViewController.java. Using fallback presentation compiler.
2026.08.24 21:44:07 INFO  no build target found for C:\Users\PC\gest-paiement\gestion-paiements-v2\src\main\java\com\gestionpaiements\app\controller\MainViewController.java. Using fallback presentation compiler.
2026.08.24 21:44:07 INFO  no build target found for C:\Users\PC\gest-paiement\gestion-paiements-v2\src\main\java\com\gestionpaiements\app\controller\MainViewController.java. Using fallback presentation compiler.
2026.08.24 21:44:07 INFO  no build target found for C:\Users\PC\gest-paiement\gestion-paiements-v2\src\main\java\com\gestionpaiements\app\controller\MainViewController.java. Using fallback presentation compiler.
2026.08.24 21:44:08 INFO  no build target found for C:\Users\PC\gest-paiement\gestion-paiements-v2\src\main\java\com\gestionpaiements\app\controller\MainViewController.java. Using fallback presentation compiler.
2026.08.24 21:44:08 INFO  no build target found for C:\Users\PC\gest-paiement\gestion-paiements-v2\src\main\java\com\gestionpaiements\app\controller\MainViewController.java. Using fallback presentation compiler.
2026.08.24 21:44:08 INFO  no build target found for C:\Users\PC\gest-paiement\gestion-paiements-v2\src\main\java\com\gestionpaiements\app\controller\MainViewController.java. Using fallback presentation compiler.
2026.08.24 21:44:08 INFO  no build target found for C:\Users\PC\gest-paiement\gestion-paiements-v2\src\main\java\com\gestionpaiements\app\controller\MainViewController.java. Using fallback presentation compiler.
2026.08.24 21:44:08 INFO  no build target found for C:\Users\PC\gest-paiement\gestion-paiements-v2\src\main\java\com\gestionpaiements\app\controller\MainViewController.java. Using fallback presentation compiler.
2026.08.24 21:44:09 INFO  no build target found for C:\Users\PC\gest-paiement\gestion-paiements-v2\src\main\java\com\gestionpaiements\app\controller\MainViewController.java. Using fallback presentation compiler.
2026.08.24 21:44:09 INFO  no build target found for C:\Users\PC\gest-paiement\gestion-paiements-v2\src\main\java\com\gestionpaiements\app\controller\MainViewController.java. Using fallback presentation compiler.
2026.08.24 21:44:09 INFO  no build target found for C:\Users\PC\gest-paiement\gestion-paiements-v2\src\main\java\com\gestionpaiements\app\controller\MainViewController.java. Using fallback presentation compiler.
2026.08.24 21:44:09 INFO  no build target found for C:\Users\PC\gest-paiement\gestion-paiements-v2\src\main\java\com\gestionpaiements\app\controller\MainViewController.java. Using fallback presentation compiler.
2026.08.24 21:44:11 INFO  no build target found for C:\Users\PC\gest-paiement\gestion-paiements-v2\src\main\java\com\gestionpaiements\app\controller\MainViewController.java. Using fallback presentation compiler.
2026.08.24 21:44:11 INFO  no build target found for C:\Users\PC\gest-paiement\gestion-paiements-v2\src\main\java\com\gestionpaiements\app\controller\MainViewController.java. Using fallback presentation compiler.
2026.08.24 21:44:32 INFO  no build target found for C:\Users\PC\gest-paiement\gestion-paiements-v2\src\main\java\com\gestionpaiements\app\controller\MainViewController.java. Using fallback presentation compiler.
2026.08.24 21:44:32 INFO  no build target found for C:\Users\PC\gest-paiement\gestion-paiements-v2\src\main\java\com\gestionpaiements\app\controller\MainViewController.java. Using fallback presentation compiler.
2026.08.24 21:44:32 INFO  no build target found for C:\Users\PC\gest-paiement\gestion-paiements-v2\src\main\java\com\gestionpaiements\app\controller\MainViewController.java. Using fallback presentation compiler.
2026.08.24 21:44:34 INFO  no build target found for C:\Users\PC\gest-paiement\gestion-paiements-v2\src\main\java\com\gestionpaiements\app\controller\MainViewController.java. Using fallback presentation compiler.
2026.08.24 21:44:34 INFO  no build target found for C:\Users\PC\gest-paiement\gestion-paiements-v2\src\main\java\com\gestionpaiements\app\controller\MainViewController.java. Using fallback presentation compiler.
2026.08.24 21:44:41 INFO  no build target found for C:\Users\PC\gest-paiement\gestion-paiements-v2\src\main\java\com\gestionpaiements\app\controller\MainViewController.java. Using fallback presentation compiler.
2026.08.24 21:44:41 INFO  no build target found for C:\Users\PC\gest-paiement\gestion-paiements-v2\src\main\java\com\gestionpaiements\app\controller\MainViewController.java. Using fallback presentation compiler.
2026.08.24 21:44:41 INFO  no build target found for C:\Users\PC\gest-paiement\gestion-paiements-v2\src\main\java\com\gestionpaiements\app\controller\MainViewController.java. Using fallback presentation compiler.
2026.08.24 21:44:41 INFO  no build target found for C:\Users\PC\gest-paiement\gestion-paiements-v2\src\main\java\com\gestionpaiements\app\controller\MainViewController.java. Using fallback presentation compiler.
2026.08.24 21:44:42 INFO  no build target found for C:\Users\PC\gest-paiement\gestion-paiements-v2\src\main\java\com\gestionpaiements\app\controller\MainViewController.java. Using fallback presentation compiler.
2026.08.24 21:44:42 INFO  no build target found for C:\Users\PC\gest-paiement\gestion-paiements-v2\src\main\java\com\gestionpaiements\app\controller\MainViewController.java. Using fallback presentation compiler.
2026.08.24 21:44:42 INFO  no build target found for C:\Users\PC\gest-paiement\gestion-paiements-v2\src\main\java\com\gestionpaiements\app\controller\MainViewController.java. Using fallback presentation compiler.
2026.08.24 21:44:42 INFO  no build target found for C:\Users\PC\gest-paiement\gestion-paiements-v2\src\main\java\com\gestionpaiements\app\controller\MainViewController.java. Using fallback presentation compiler.
2026.08.24 21:44:43 INFO  no build target found for C:\Users\PC\gest-paiement\gestion-paiements-v2\src\main\java\com\gestionpaiements\app\controller\MainViewController.java. Using fallback presentation compiler.
2026.08.24 21:44:43 INFO  no build target found for C:\Users\PC\gest-paiement\gestion-paiements-v2\src\main\java\com\gestionpaiements\app\controller\MainViewController.java. Using fallback presentation compiler.
2026.08.24 21:44:43 INFO  no build target found for C:\Users\PC\gest-paiement\gestion-paiements-v2\src\main\java\com\gestionpaiements\app\controller\MainViewController.java. Using fallback presentation compiler.
2026.08.24 21:44:43 INFO  no build target found for C:\Users\PC\gest-paiement\gestion-paiements-v2\src\main\java\com\gestionpaiements\app\controller\MainViewController.java. Using fallback presentation compiler.
2026.08.24 21:44:44 INFO  no build target found for C:\Users\PC\gest-paiement\gestion-paiements-v2\src\main\java\com\gestionpaiements\app\controller\MainViewController.java. Using fallback presentation compiler.
2026.08.24 21:44:45 INFO  no build target found for C:\Users\PC\gest-paiement\gestion-paiements-v2\src\main\java\com\gestionpaiements\app\controller\MainViewController.java. Using fallback presentation compiler.
2026.08.24 21:44:45 INFO  no build target found for C:\Users\PC\gest-paiement\gestion-paiements-v2\src\main\java\com\gestionpaiements\app\controller\MainViewController.java. Using fallback presentation compiler.
2026.08.24 21:44:46 INFO  no build target found for C:\Users\PC\gest-paiement\gestion-paiements-v2\src\main\java\com\gestionpaiements\app\controller\MainViewController.java. Using fallback presentation compiler.
2026.08.24 21:44:46 INFO  no build target found for C:\Users\PC\gest-paiement\gestion-paiements-v2\src\main\java\com\gestionpaiements\app\controller\MainViewController.java. Using fallback presentation compiler.
2026.08.24 21:44:47 INFO  no build target found for C:\Users\PC\gest-paiement\gestion-paiements-v2\src\main\java\com\gestionpaiements\app\controller\MainViewController.java. Using fallback presentation compiler.
2026.08.24 21:44:47 INFO  no build target found for C:\Users\PC\gest-paiement\gestion-paiements-v2\src\main\java\com\gestionpaiements\app\controller\MainViewController.java. Using fallback presentation compiler.
2026.08.24 21:44:47 INFO  no build target found for C:\Users\PC\gest-paiement\gestion-paiements-v2\src\main\java\com\gestionpaiements\app\controller\MainViewController.java. Using fallback presentation compiler.
2026.08.24 21:44:49 INFO  no build target found for C:\Users\PC\gest-paiement\gestion-paiements-v2\src\main\java\com\gestionpaiements\app\controller\MainViewController.java. Using fallback presentation compiler.
2026.08.24 21:44:49 INFO  no build target found for C:\Users\PC\gest-paiement\gestion-paiements-v2\src\main\java\com\gestionpaiements\app\controller\MainViewController.java. Using fallback presentation compiler.
2026.08.24 21:44:49 INFO  no build target found for C:\Users\PC\gest-paiement\gestion-paiements-v2\src\main\java\com\gestionpaiements\app\controller\MainViewController.java. Using fallback presentation compiler.
2026.08.24 21:44:51 INFO  no build target found for C:\Users\PC\gest-paiement\gestion-paiements-v2\src\main\java\com\gestionpaiements\app\controller\MainViewController.java. Using fallback presentation compiler.
2026.08.24 21:44:51 INFO  no build target found for C:\Users\PC\gest-paiement\gestion-paiements-v2\src\main\java\com\gestionpaiements\app\controller\MainViewController.java. Using fallback presentation compiler.
2026.08.24 21:44:51 INFO  no build target found for C:\Users\PC\gest-paiement\gestion-paiements-v2\src\main\java\com\gestionpaiements\app\controller\MainViewController.java. Using fallback presentation compiler.
2026.08.24 21:44:51 INFO  no build target found for C:\Users\PC\gest-paiement\gestion-paiements-v2\src\main\java\com\gestionpaiements\app\controller\MainViewController.java. Using fallback presentation compiler.
2026.08.24 21:44:53 INFO  no build target found for C:\Users\PC\gest-paiement\gestion-paiements-v2\src\main\java\com\gestionpaiements\app\controller\MainViewController.java. Using fallback presentation compiler.
2026.08.24 21:44:53 INFO  no build target found for C:\Users\PC\gest-paiement\gestion-paiements-v2\src\main\java\com\gestionpaiements\app\controller\MainViewController.java. Using fallback presentation compiler.
2026.08.24 21:44:53 INFO  no build target found for C:\Users\PC\gest-paiement\gestion-paiements-v2\src\main\java\com\gestionpaiements\app\controller\MainViewController.java. Using fallback presentation compiler.
2026.08.24 21:44:53 INFO  no build target found for C:\Users\PC\gest-paiement\gestion-paiements-v2\src\main\java\com\gestionpaiements\app\controller\MainViewController.java. Using fallback presentation compiler.
2026.08.24 21:44:54 INFO  no build target found for C:\Users\PC\gest-paiement\gestion-paiements-v2\src\main\java\com\gestionpaiements\app\controller\MainViewController.java. Using fallback presentation compiler.
2026.08.24 21:44:54 INFO  no build target found for C:\Users\PC\gest-paiement\gestion-paiements-v2\src\main\java\com\gestionpaiements\app\controller\MainViewController.java. Using fallback presentation compiler.
2026.08.24 21:44:54 INFO  no build target found for C:\Users\PC\gest-paiement\gestion-paiements-v2\src\main\java\com\gestionpaiements\app\controller\MainViewController.java. Using fallback presentation compiler.
2026.08.24 21:44:56 INFO  no build target found for C:\Users\PC\gest-paiement\gestion-paiements-v2\src\main\java\com\gestionpaiements\app\controller\MainViewController.java. Using fallback presentation compiler.
2026.08.24 21:44:56 INFO  no build target found for C:\Users\PC\gest-paiement\gestion-paiements-v2\src\main\java\com\gestionpaiements\app\controller\MainViewController.java. Using fallback presentation compiler.
2026.08.24 21:44:56 WARN  no build target for: C:\Users\PC\gest-paiement\gestion-paiements-v2\src\main\java\com\gestionpaiements\app\controller\MainViewController.java
2026.08.24 21:44:56 INFO  no build target found for C:\Users\PC\gest-paiement\gestion-paiements-v2\src\main\java\com\gestionpaiements\app\controller\MainViewController.java. Using fallback presentation compiler.
2026.08.24 21:44:58 INFO  no build target found for C:\Users\PC\gest-paiement\gestion-paiements-v2\src\main\java\com\gestionpaiements\app\controller\MainViewController.java. Using fallback presentation compiler.
2026.08.24 21:45:06 INFO  no build target found for C:\Users\PC\gest-paiement\gestion-paiements-v2\src\main\java\com\gestionpaiements\app\controller\MainViewController.java. Using fallback presentation compiler.
2026.08.24 21:45:09 INFO  no build target found for C:\Users\PC\gest-paiement\gestion-paiements-v2\src\main\java\com\gestionpaiements\app\controller\PaiementListController.java. Using fallback presentation compiler.
2026.08.24 21:45:09 INFO  no build target found for C:\Users\PC\gest-paiement\gestion-paiements-v2\src\main\java\com\gestionpaiements\app\controller\PaiementListController.java. Using fallback presentation compiler.
2026.08.24 21:45:09 INFO  no build target found for C:\Users\PC\gest-paiement\gestion-paiements-v2\src\main\java\com\gestionpaiements\app\controller\PaiementListController.java. Using fallback presentation compiler.
2026.08.24 21:45:09 INFO  no build target found for C:\Users\PC\gest-paiement\gestion-paiements-v2\src\main\java\com\gestionpaiements\app\controller\PaiementListController.java. Using fallback presentation compiler.
2026.08.24 21:45:10 INFO  no build target found for C:\Users\PC\gest-paiement\gestion-paiements-v2\src\main\java\com\gestionpaiements\app\controller\PaiementListController.java. Using fallback presentation compiler.
2026.08.24 21:45:10 INFO  no build target found for C:\Users\PC\gest-paiement\gestion-paiements-v2\src\main\java\com\gestionpaiements\app\controller\PaiementListController.java. Using fallback presentation compiler.
2026.08.24 21:45:23 INFO  no build target found for C:\Users\PC\gest-paiement\gestion-paiements-v2\src\main\java\com\gestionpaiements\app\controller\PaiementListController.java. Using fallback presentation compiler.
2026.08.24 22:09:52 INFO  Shutting down server
2026.08.24 22:09:52 INFO  Memory monitor stopped
2026.08.24 22:09:52 INFO  shutting down Metals
2026.08.24 22:09:52 INFO  Exiting server
2026.08.24 22:09:52 ERROR Unexpected error initializing server: 
org.eclipse.lsp4j.jsonrpc.ResponseErrorException: Request window/showMessageRequest failed with message: Canceled
	at org.eclipse.lsp4j.jsonrpc.RemoteEndpoint.handleResponse(RemoteEndpoint.java:214)
	at org.eclipse.lsp4j.jsonrpc.RemoteEndpoint.consume(RemoteEndpoint.java:198)
	at org.eclipse.lsp4j.jsonrpc.json.StreamMessageProducer.handleMessage(StreamMessageProducer.java:189)
	at org.eclipse.lsp4j.jsonrpc.json.StreamMessageProducer.listen(StreamMessageProducer.java:97)
	at org.eclipse.lsp4j.jsonrpc.json.ConcurrentMessageProcessor.run(ConcurrentMessageProcessor.java:97)
	at java.util.concurrent.Executors$RunnableAdapter.call(Executors.java:572)
	at java.util.concurrent.FutureTask.run(FutureTask.java:317)
	at java.util.concurrent.ThreadPoolExecutor.runWorker(ThreadPoolExecutor.java:1144)
	at java.util.concurrent.ThreadPoolExecutor$Worker.run(ThreadPoolExecutor.java:642)
	at java.lang.Thread.run(Thread.java:1583)

2026.08.26 19:30:34 INFO  Started: Metals version 1.6.8 in folders 'C:\Users\PC\gest-paiement\gestion-paiements-v2' for client Visual Studio Code 1.134.0.
2026.08.26 19:30:34 INFO  time: initialize in 0.11s
2026.08.26 19:30:35 INFO  Memory monitor started
2026.08.26 19:30:40 WARN  Using H2 2.4.240 which is newer than the version Flyway has been verified with. The latest verified version of H2 is 2.3.232.
2026.08.26 19:30:41 INFO  no build target found for C:\Users\PC\gest-paiement\gestion-paiements-v2\src\main\java\com\gestionpaiements\app\service\ExcelFileManagerService.java. Using fallback presentation compiler.
2026.08.26 19:30:45 INFO  no build target found for C:\Users\PC\gest-paiement\gestion-paiements-v2\src\main\java\com\gestionpaiements\app\service\ExcelFileManagerService.java. Using fallback presentation compiler.
2026.08.26 19:30:56 INFO  no build target found for C:\Users\PC\gest-paiement\gestion-paiements-v2\src\main\java\com\gestionpaiements\app\service\PdfGenerationService.java. Using fallback presentation compiler.
2026.08.26 19:30:58 INFO  no build target found for C:\Users\PC\gest-paiement\gestion-paiements-v2\src\main\java\com\gestionpaiements\app\service\PdfGenerationService.java. Using fallback presentation compiler.
août 26, 2026 7:30:58 PM org.eclipse.lsp4j.jsonrpc.RemoteEndpoint handleCancellation
AVERTISSEMENT: Unmatched cancel notification for request id 10
2026.08.26 19:30:58 INFO  no build target found for C:\Users\PC\gest-paiement\gestion-paiements-v2\src\main\java\com\gestionpaiements\app\service\PdfGenerationService.java. Using fallback presentation compiler.
2026.08.26 19:30:58 INFO  no build target found for C:\Users\PC\gest-paiement\gestion-paiements-v2\src\main\java\com\gestionpaiements\app\service\PdfGenerationService.java. Using fallback presentation compiler.
août 26, 2026 7:31:02 PM org.eclipse.lsp4j.jsonrpc.RemoteEndpoint handleCancellation
AVERTISSEMENT: Unmatched cancel notification for request id 13
août 26, 2026 7:31:02 PM org.eclipse.lsp4j.jsonrpc.RemoteEndpoint handleCancellation
AVERTISSEMENT: Unmatched cancel notification for request id 17
2026.08.26 19:31:06 INFO  no build target found for C:\Users\PC\gest-paiement\gestion-paiements-v2\src\main\java\com\gestionpaiements\app\service\PdfGenerationService.java. Using fallback presentation compiler.
2026.08.26 19:31:09 INFO  no build target found for C:\Users\PC\gest-paiement\gestion-paiements-v2\src\main\java\com\gestionpaiements\app\service\PdfGenerationService.java. Using fallback presentation compiler.
2026.08.26 19:31:29 INFO  no build target found for C:\Users\PC\gest-paiement\gestion-paiements-v2\src\main\java\com\gestionpaiements\app\service\PdfGenerationService.java. Using fallback presentation compiler.
2026.08.26 19:31:29 INFO  no build target found for C:\Users\PC\gest-paiement\gestion-paiements-v2\src\main\java\com\gestionpaiements\app\service\PdfGenerationService.java. Using fallback presentation compiler.
2026.08.26 19:31:30 INFO  no build target found for C:\Users\PC\gest-paiement\gestion-paiements-v2\src\main\java\com\gestionpaiements\app\service\PdfGenerationService.java. Using fallback presentation compiler.
2026.08.26 19:31:30 INFO  no build target found for C:\Users\PC\gest-paiement\gestion-paiements-v2\src\main\java\com\gestionpaiements\app\service\PdfGenerationService.java. Using fallback presentation compiler.
2026.08.26 19:31:33 INFO  no build target found for C:\Users\PC\gest-paiement\gestion-paiements-v2\src\main\java\com\gestionpaiements\app\service\PdfGenerationService.java. Using fallback presentation compiler.
2026.08.26 19:31:33 INFO  no build target found for C:\Users\PC\gest-paiement\gestion-paiements-v2\src\main\java\com\gestionpaiements\app\service\PdfGenerationService.java. Using fallback presentation compiler.
2026.08.26 19:31:35 INFO  no build target found for C:\Users\PC\gest-paiement\gestion-paiements-v2\src\main\java\com\gestionpaiements\app\service\PdfGenerationService.java. Using fallback presentation compiler.
2026.08.26 19:31:35 INFO  no build target found for C:\Users\PC\gest-paiement\gestion-paiements-v2\src\main\java\com\gestionpaiements\app\service\PdfGenerationService.java. Using fallback presentation compiler.
2026.08.26 19:31:36 INFO  no build target found for C:\Users\PC\gest-paiement\gestion-paiements-v2\src\main\java\com\gestionpaiements\app\service\PdfGenerationService.java. Using fallback presentation compiler.
août 26, 2026 7:31:36 PM org.eclipse.lsp4j.jsonrpc.RemoteEndpoint handleCancellation
AVERTISSEMENT: Unmatched cancel notification for request id 41
2026.08.26 19:31:37 INFO  no build target found for C:\Users\PC\gest-paiement\gestion-paiements-v2\src\main\java\com\gestionpaiements\app\service\PdfGenerationService.java. Using fallback presentation compiler.
2026.08.26 19:31:38 INFO  no build target found for C:\Users\PC\gest-paiement\gestion-paiements-v2\src\main\java\com\gestionpaiements\app\service\PdfGenerationService.java. Using fallback presentation compiler.
2026.08.26 19:31:41 INFO  no build target found for C:\Users\PC\gest-paiement\gestion-paiements-v2\src\main\java\com\gestionpaiements\app\service\PdfGenerationService.java. Using fallback presentation compiler.
2026.08.26 19:31:41 INFO  no build target found for C:\Users\PC\gest-paiement\gestion-paiements-v2\src\main\java\com\gestionpaiements\app\service\PdfGenerationService.java. Using fallback presentation compiler.
2026.08.26 19:31:42 INFO  no build target found for C:\Users\PC\gest-paiement\gestion-paiements-v2\src\main\java\com\gestionpaiements\app\service\PdfGenerationService.java. Using fallback presentation compiler.
2026.08.26 19:31:44 INFO  no build target found for C:\Users\PC\gest-paiement\gestion-paiements-v2\src\main\java\com\gestionpaiements\app\service\PdfGenerationService.java. Using fallback presentation compiler.
août 26, 2026 7:31:45 PM org.eclipse.lsp4j.jsonrpc.RemoteEndpoint handleCancellation
AVERTISSEMENT: Unmatched cancel notification for request id 54
2026.08.26 19:31:44 INFO  no build target found for C:\Users\PC\gest-paiement\gestion-paiements-v2\src\main\java\com\gestionpaiements\app\service\PdfGenerationService.java. Using fallback presentation compiler.
2026.08.26 19:31:44 INFO  no build target found for C:\Users\PC\gest-paiement\gestion-paiements-v2\src\main\java\com\gestionpaiements\app\service\PdfGenerationService.java. Using fallback presentation compiler.
2026.08.26 19:31:46 INFO  no build target found for C:\Users\PC\gest-paiement\gestion-paiements-v2\src\main\java\com\gestionpaiements\app\service\PdfGenerationService.java. Using fallback presentation compiler.
2026.08.26 19:31:46 INFO  no build target found for C:\Users\PC\gest-paiement\gestion-paiements-v2\src\main\java\com\gestionpaiements\app\service\PdfGenerationService.java. Using fallback presentation compiler.
2026.08.26 19:31:57 INFO  no build target found for C:\Users\PC\gest-paiement\gestion-paiements-v2\src\main\java\com\gestionpaiements\app\service\PdfGenerationService.java. Using fallback presentation compiler.
2026.08.26 19:32:05 INFO  no build target found for C:\Users\PC\gest-paiement\gestion-paiements-v2\src\main\java\com\gestionpaiements\app\service\PdfGenerationService.java. Using fallback presentation compiler.
2026.08.26 19:32:06 WARN  no build target for: C:\Users\PC\gest-paiement\gestion-paiements-v2\src\main\java\com\gestionpaiements\app\service\PdfGenerationService.java
2026.08.26 19:32:06 INFO  no build target found for C:\Users\PC\gest-paiement\gestion-paiements-v2\src\main\java\com\gestionpaiements\app\service\PdfGenerationService.java. Using fallback presentation compiler.
2026.08.26 19:36:38 INFO  no build target found for C:\Users\PC\gest-paiement\gestion-paiements-v2\src\main\java\com\gestionpaiements\app\service\PdfGenerationService.java. Using fallback presentation compiler.
2026.08.26 19:36:42 INFO  no build target found for C:\Users\PC\gest-paiement\gestion-paiements-v2\src\main\java\com\gestionpaiements\app\controller\PaiementListController.java. Using fallback presentation compiler.
août 26, 2026 7:36:43 PM org.eclipse.lsp4j.jsonrpc.RemoteEndpoint handleCancellation
AVERTISSEMENT: Unmatched cancel notification for request id 71
2026.08.26 19:36:43 INFO  no build target found for C:\Users\PC\gest-paiement\gestion-paiements-v2\src\main\java\com\gestionpaiements\app\controller\PaiementListController.java. Using fallback presentation compiler.
2026.08.26 19:36:42 INFO  no build target found for C:\Users\PC\gest-paiement\gestion-paiements-v2\src\main\java\com\gestionpaiements\app\controller\PaiementListController.java. Using fallback presentation compiler.
août 26, 2026 7:36:43 PM org.eclipse.lsp4j.jsonrpc.RemoteEndpoint handleCancellation
AVERTISSEMENT: Unmatched cancel notification for request id 74
2026.08.26 19:36:42 INFO  no build target found for C:\Users\PC\gest-paiement\gestion-paiements-v2\src\main\java\com\gestionpaiements\app\controller\PaiementListController.java. Using fallback presentation compiler.
2026.08.26 19:36:44 INFO  no build target found for C:\Users\PC\gest-paiement\gestion-paiements-v2\src\main\java\com\gestionpaiements\app\controller\PaiementListController.java. Using fallback presentation compiler.
2026.08.26 19:36:44 INFO  no build target found for C:\Users\PC\gest-paiement\gestion-paiements-v2\src\main\java\com\gestionpaiements\app\controller\PaiementListController.java. Using fallback presentation compiler.
2026.08.26 19:36:44 INFO  no build target found for C:\Users\PC\gest-paiement\gestion-paiements-v2\src\main\java\com\gestionpaiements\app\controller\PaiementListController.java. Using fallback presentation compiler.
2026.08.26 19:36:46 INFO  no build target found for C:\Users\PC\gest-paiement\gestion-paiements-v2\src\main\java\com\gestionpaiements\app\controller\PaiementListController.java. Using fallback presentation compiler.
2026.08.26 19:36:46 INFO  no build target found for C:\Users\PC\gest-paiement\gestion-paiements-v2\src\main\java\com\gestionpaiements\app\controller\PaiementListController.java. Using fallback presentation compiler.
2026.08.26 19:36:46 INFO  no build target found for C:\Users\PC\gest-paiement\gestion-paiements-v2\src\main\java\com\gestionpaiements\app\controller\PaiementListController.java. Using fallback presentation compiler.
2026.08.26 19:36:47 INFO  no build target found for C:\Users\PC\gest-paiement\gestion-paiements-v2\src\main\java\com\gestionpaiements\app\controller\PaiementListController.java. Using fallback presentation compiler.
2026.08.26 19:36:47 INFO  no build target found for C:\Users\PC\gest-paiement\gestion-paiements-v2\src\main\java\com\gestionpaiements\app\controller\PaiementListController.java. Using fallback presentation compiler.
2026.08.26 19:36:47 INFO  no build target found for C:\Users\PC\gest-paiement\gestion-paiements-v2\src\main\java\com\gestionpaiements\app\controller\PaiementListController.java. Using fallback presentation compiler.
2026.08.26 19:36:49 INFO  no build target found for C:\Users\PC\gest-paiement\gestion-paiements-v2\src\main\java\com\gestionpaiements\app\controller\PaiementListController.java. Using fallback presentation compiler.
2026.08.26 19:36:49 INFO  no build target found for C:\Users\PC\gest-paiement\gestion-paiements-v2\src\main\java\com\gestionpaiements\app\controller\PaiementListController.java. Using fallback presentation compiler.
2026.08.26 19:36:49 INFO  no build target found for C:\Users\PC\gest-paiement\gestion-paiements-v2\src\main\java\com\gestionpaiements\app\controller\PaiementListController.java. Using fallback presentation compiler.
2026.08.26 19:36:49 INFO  no build target found for C:\Users\PC\gest-paiement\gestion-paiements-v2\src\main\java\com\gestionpaiements\app\controller\PaiementListController.java. Using fallback presentation compiler.
2026.08.26 19:36:49 INFO  no build target found for C:\Users\PC\gest-paiement\gestion-paiements-v2\src\main\java\com\gestionpaiements\app\controller\PaiementListController.java. Using fallback presentation compiler.
2026.08.26 19:36:50 INFO  no build target found for C:\Users\PC\gest-paiement\gestion-paiements-v2\src\main\java\com\gestionpaiements\app\controller\PaiementListController.java. Using fallback presentation compiler.
2026.08.26 19:36:50 INFO  no build target found for C:\Users\PC\gest-paiement\gestion-paiements-v2\src\main\java\com\gestionpaiements\app\controller\PaiementListController.java. Using fallback presentation compiler.
2026.08.26 19:36:50 INFO  no build target found for C:\Users\PC\gest-paiement\gestion-paiements-v2\src\main\java\com\gestionpaiements\app\controller\PaiementListController.java. Using fallback presentation compiler.
2026.08.26 19:36:52 INFO  no build target found for C:\Users\PC\gest-paiement\gestion-paiements-v2\src\main\java\com\gestionpaiements\app\controller\PaiementListController.java. Using fallback presentation compiler.
2026.08.26 19:36:52 INFO  no build target found for C:\Users\PC\gest-paiement\gestion-paiements-v2\src\main\java\com\gestionpaiements\app\controller\PaiementListController.java. Using fallback presentation compiler.
2026.08.26 19:36:53 WARN  no build target for: C:\Users\PC\gest-paiement\gestion-paiements-v2\src\main\java\com\gestionpaiements\app\controller\PaiementListController.java
2026.08.26 19:36:53 INFO  no build target found for C:\Users\PC\gest-paiement\gestion-paiements-v2\src\main\java\com\gestionpaiements\app\controller\PaiementListController.java. Using fallback presentation compiler.
2026.08.26 19:37:18 INFO  no build target found for C:\Users\PC\gest-paiement\gestion-paiements-v2\src\main\java\com\gestionpaiements\app\controller\PaiementListController.java. Using fallback presentation compiler.
2026.08.26 19:37:18 INFO  no build target found for C:\Users\PC\gest-paiement\gestion-paiements-v2\src\main\java\com\gestionpaiements\app\controller\PaiementListController.java. Using fallback presentation compiler.
2026.08.26 19:37:18 INFO  no build target found for C:\Users\PC\gest-paiement\gestion-paiements-v2\src\main\java\com\gestionpaiements\app\controller\PaiementListController.java. Using fallback presentation compiler.
2026.08.26 19:37:18 INFO  no build target found for C:\Users\PC\gest-paiement\gestion-paiements-v2\src\main\java\com\gestionpaiements\app\controller\PaiementListController.java. Using fallback presentation compiler.
2026.08.26 19:37:18 INFO  no build target found for C:\Users\PC\gest-paiement\gestion-paiements-v2\src\main\java\com\gestionpaiements\app\controller\PaiementListController.java. Using fallback presentation compiler.
2026.08.26 19:37:19 INFO  no build target found for C:\Users\PC\gest-paiement\gestion-paiements-v2\src\main\java\com\gestionpaiements\app\controller\PaiementListController.java. Using fallback presentation compiler.
2026.08.26 19:37:19 INFO  no build target found for C:\Users\PC\gest-paiement\gestion-paiements-v2\src\main\java\com\gestionpaiements\app\controller\PaiementListController.java. Using fallback presentation compiler.
2026.08.26 19:37:19 INFO  no build target found for C:\Users\PC\gest-paiement\gestion-paiements-v2\src\main\java\com\gestionpaiements\app\controller\PaiementListController.java. Using fallback presentation compiler.
2026.08.26 19:37:19 INFO  no build target found for C:\Users\PC\gest-paiement\gestion-paiements-v2\src\main\java\com\gestionpaiements\app\controller\PaiementListController.java. Using fallback presentation compiler.
2026.08.26 19:37:21 INFO  no build target found for C:\Users\PC\gest-paiement\gestion-paiements-v2\src\main\java\com\gestionpaiements\app\controller\PaiementListController.java. Using fallback presentation compiler.
2026.08.26 19:37:21 INFO  no build target found for C:\Users\PC\gest-paiement\gestion-paiements-v2\src\main\java\com\gestionpaiements\app\controller\PaiementListController.java. Using fallback presentation compiler.
2026.08.26 19:37:22 INFO  no build target found for C:\Users\PC\gest-paiement\gestion-paiements-v2\src\main\java\com\gestionpaiements\app\controller\PaiementListController.java. Using fallback presentation compiler.
2026.08.26 19:37:22 INFO  no build target found for C:\Users\PC\gest-paiement\gestion-paiements-v2\src\main\java\com\gestionpaiements\app\controller\PaiementListController.java. Using fallback presentation compiler.
2026.08.26 19:37:22 INFO  no build target found for C:\Users\PC\gest-paiement\gestion-paiements-v2\src\main\java\com\gestionpaiements\app\controller\PaiementListController.java. Using fallback presentation compiler.
2026.08.26 19:37:22 INFO  no build target found for C:\Users\PC\gest-paiement\gestion-paiements-v2\src\main\java\com\gestionpaiements\app\controller\PaiementListController.java. Using fallback presentation compiler.
2026.08.26 19:37:23 INFO  no build target found for C:\Users\PC\gest-paiement\gestion-paiements-v2\src\main\java\com\gestionpaiements\app\controller\PaiementListController.java. Using fallback presentation compiler.
2026.08.26 19:37:23 INFO  no build target found for C:\Users\PC\gest-paiement\gestion-paiements-v2\src\main\java\com\gestionpaiements\app\controller\PaiementListController.java. Using fallback presentation compiler.
2026.08.26 19:37:26 WARN  no build target for: C:\Users\PC\gest-paiement\gestion-paiements-v2\src\main\java\com\gestionpaiements\app\controller\PaiementListController.java
2026.08.26 19:37:26 INFO  no build target found for C:\Users\PC\gest-paiement\gestion-paiements-v2\src\main\java\com\gestionpaiements\app\controller\PaiementListController.java. Using fallback presentation compiler.
2026.08.26 19:37:28 INFO  no build target found for C:\Users\PC\gest-paiement\gestion-paiements-v2\src\main\java\com\gestionpaiements\app\controller\PaiementListController.java. Using fallback presentation compiler.
2026.08.26 19:37:51 INFO  no build target found for C:\Users\PC\gest-paiement\gestion-paiements-v2\src\main\java\com\gestionpaiements\app\controller\PaiementListController.java. Using fallback presentation compiler.
2026.08.26 19:37:51 INFO  no build target found for C:\Users\PC\gest-paiement\gestion-paiements-v2\src\main\java\com\gestionpaiements\app\controller\PaiementListController.java. Using fallback presentation compiler.
2026.08.26 19:37:55 INFO  no build target found for C:\Users\PC\gest-paiement\gestion-paiements-v2\src\main\java\com\gestionpaiements\app\controller\PaiementListController.java. Using fallback presentation compiler.
2026.08.26 19:37:56 INFO  no build target found for C:\Users\PC\gest-paiement\gestion-paiements-v2\src\main\java\com\gestionpaiements\app\controller\PaiementListController.java. Using fallback presentation compiler.
2026.08.26 19:38:09 INFO  no build target found for C:\Users\PC\gest-paiement\gestion-paiements-v2\src\main\java\com\gestionpaiements\app\controller\PaiementListController.java. Using fallback presentation compiler.
2026.08.26 19:38:12 INFO  no build target found for C:\Users\PC\gest-paiement\gestion-paiements-v2\src\main\java\com\gestionpaiements\app\controller\PaiementListController.java. Using fallback presentation compiler.
2026.08.26 19:38:16 INFO  no build target found for C:\Users\PC\gest-paiement\gestion-paiements-v2\src\main\java\com\gestionpaiements\app\controller\PaiementListController.java. Using fallback presentation compiler.
2026.08.26 19:38:16 INFO  no build target found for C:\Users\PC\gest-paiement\gestion-paiements-v2\src\main\java\com\gestionpaiements\app\controller\PaiementListController.java. Using fallback presentation compiler.
2026.08.26 19:38:20 INFO  no build target found for C:\Users\PC\gest-paiement\gestion-paiements-v2\src\main\java\com\gestionpaiements\app\controller\PaiementListController.java. Using fallback presentation compiler.
2026.08.26 19:38:20 INFO  no build target found for C:\Users\PC\gest-paiement\gestion-paiements-v2\src\main\java\com\gestionpaiements\app\controller\PaiementListController.java. Using fallback presentation compiler.
2026.08.26 19:38:20 INFO  no build target found for C:\Users\PC\gest-paiement\gestion-paiements-v2\src\main\java\com\gestionpaiements\app\controller\PaiementListController.java. Using fallback presentation compiler.
2026.08.26 19:38:21 INFO  no build target found for C:\Users\PC\gest-paiement\gestion-paiements-v2\src\main\java\com\gestionpaiements\app\controller\PaiementListController.java. Using fallback presentation compiler.
2026.08.26 19:38:21 INFO  no build target found for C:\Users\PC\gest-paiement\gestion-paiements-v2\src\main\java\com\gestionpaiements\app\controller\PaiementListController.java. Using fallback presentation compiler.
2026.08.26 19:38:21 INFO  no build target found for C:\Users\PC\gest-paiement\gestion-paiements-v2\src\main\java\com\gestionpaiements\app\controller\PaiementListController.java. Using fallback presentation compiler.
2026.08.26 19:38:22 INFO  no build target found for C:\Users\PC\gest-paiement\gestion-paiements-v2\src\main\java\com\gestionpaiements\app\controller\PaiementListController.java. Using fallback presentation compiler.
2026.08.26 19:38:21 INFO  no build target found for C:\Users\PC\gest-paiement\gestion-paiements-v2\src\main\java\com\gestionpaiements\app\controller\PaiementListController.java. Using fallback presentation compiler.
2026.08.26 19:38:23 INFO  no build target found for C:\Users\PC\gest-paiement\gestion-paiements-v2\src\main\java\com\gestionpaiements\app\controller\PaiementListController.java. Using fallback presentation compiler.
2026.08.26 19:38:23 INFO  no build target found for C:\Users\PC\gest-paiement\gestion-paiements-v2\src\main\java\com\gestionpaiements\app\controller\PaiementListController.java. Using fallback presentation compiler.
2026.08.26 19:38:24 INFO  no build target found for C:\Users\PC\gest-paiement\gestion-paiements-v2\src\main\java\com\gestionpaiements\app\controller\PaiementListController.java. Using fallback presentation compiler.
2026.08.26 19:38:24 INFO  no build target found for C:\Users\PC\gest-paiement\gestion-paiements-v2\src\main\java\com\gestionpaiements\app\controller\PaiementListController.java. Using fallback presentation compiler.
2026.08.26 19:38:25 INFO  no build target found for C:\Users\PC\gest-paiement\gestion-paiements-v2\src\main\java\com\gestionpaiements\app\controller\PaiementListController.java. Using fallback presentation compiler.
2026.08.26 19:38:24 INFO  no build target found for C:\Users\PC\gest-paiement\gestion-paiements-v2\src\main\java\com\gestionpaiements\app\controller\PaiementListController.java. Using fallback presentation compiler.
2026.08.26 19:38:26 INFO  no build target found for C:\Users\PC\gest-paiement\gestion-paiements-v2\src\main\java\com\gestionpaiements\app\controller\PaiementListController.java. Using fallback presentation compiler.
2026.08.26 19:38:26 INFO  no build target found for C:\Users\PC\gest-paiement\gestion-paiements-v2\src\main\java\com\gestionpaiements\app\controller\PaiementListController.java. Using fallback presentation compiler.
2026.08.26 19:38:40 INFO  no build target found for C:\Users\PC\gest-paiement\gestion-paiements-v2\src\main\java\com\gestionpaiements\app\controller\PaiementListController.java. Using fallback presentation compiler.
2026.08.26 19:38:40 INFO  no build target found for C:\Users\PC\gest-paiement\gestion-paiements-v2\src\main\java\com\gestionpaiements\app\controller\PaiementListController.java. Using fallback presentation compiler.
2026.08.26 19:38:40 INFO  no build target found for C:\Users\PC\gest-paiement\gestion-paiements-v2\src\main\java\com\gestionpaiements\app\controller\PaiementListController.java. Using fallback presentation compiler.
2026.08.26 19:38:40 INFO  no build target found for C:\Users\PC\gest-paiement\gestion-paiements-v2\src\main\java\com\gestionpaiements\app\controller\PaiementListController.java. Using fallback presentation compiler.
2026.08.26 19:38:40 INFO  no build target found for C:\Users\PC\gest-paiement\gestion-paiements-v2\src\main\java\com\gestionpaiements\app\controller\PaiementListController.java. Using fallback presentation compiler.
2026.08.26 19:38:41 INFO  no build target found for C:\Users\PC\gest-paiement\gestion-paiements-v2\src\main\java\com\gestionpaiements\app\controller\PaiementListController.java. Using fallback presentation compiler.
2026.08.26 19:38:41 INFO  no build target found for C:\Users\PC\gest-paiement\gestion-paiements-v2\src\main\java\com\gestionpaiements\app\controller\PaiementListController.java. Using fallback presentation compiler.
2026.08.26 19:38:41 INFO  no build target found for C:\Users\PC\gest-paiement\gestion-paiements-v2\src\main\java\com\gestionpaiements\app\controller\PaiementListController.java. Using fallback presentation compiler.
2026.08.26 19:38:41 INFO  no build target found for C:\Users\PC\gest-paiement\gestion-paiements-v2\src\main\java\com\gestionpaiements\app\controller\PaiementListController.java. Using fallback presentation compiler.
2026.08.26 19:38:41 INFO  no build target found for C:\Users\PC\gest-paiement\gestion-paiements-v2\src\main\java\com\gestionpaiements\app\controller\PaiementListController.java. Using fallback presentation compiler.
août 26, 2026 7:38:42 PM org.eclipse.lsp4j.jsonrpc.RemoteEndpoint handleCancellation
AVERTISSEMENT: Unmatched cancel notification for request id 252
2026.08.26 19:38:43 INFO  no build target found for C:\Users\PC\gest-paiement\gestion-paiements-v2\src\main\java\com\gestionpaiements\app\controller\PaiementListController.java. Using fallback presentation compiler.
2026.08.26 19:38:43 INFO  no build target found for C:\Users\PC\gest-paiement\gestion-paiements-v2\src\main\java\com\gestionpaiements\app\controller\PaiementListController.java. Using fallback presentation compiler.
2026.08.26 19:38:44 INFO  no build target found for C:\Users\PC\gest-paiement\gestion-paiements-v2\src\main\java\com\gestionpaiements\app\controller\PaiementListController.java. Using fallback presentation compiler.
2026.08.26 19:38:44 INFO  no build target found for C:\Users\PC\gest-paiement\gestion-paiements-v2\src\main\java\com\gestionpaiements\app\controller\PaiementListController.java. Using fallback presentation compiler.
2026.08.26 19:38:44 INFO  no build target found for C:\Users\PC\gest-paiement\gestion-paiements-v2\src\main\java\com\gestionpaiements\app\controller\PaiementListController.java. Using fallback presentation compiler.
2026.08.26 19:38:45 INFO  no build target found for C:\Users\PC\gest-paiement\gestion-paiements-v2\src\main\java\com\gestionpaiements\app\controller\PaiementListController.java. Using fallback presentation compiler.
2026.08.26 19:38:45 INFO  no build target found for C:\Users\PC\gest-paiement\gestion-paiements-v2\src\main\java\com\gestionpaiements\app\controller\PaiementListController.java. Using fallback presentation compiler.
2026.08.26 19:38:45 INFO  no build target found for C:\Users\PC\gest-paiement\gestion-paiements-v2\src\main\java\com\gestionpaiements\app\controller\PaiementListController.java. Using fallback presentation compiler.
2026.08.26 19:38:45 INFO  no build target found for C:\Users\PC\gest-paiement\gestion-paiements-v2\src\main\java\com\gestionpaiements\app\controller\PaiementListController.java. Using fallback presentation compiler.
2026.08.26 19:38:47 INFO  no build target found for C:\Users\PC\gest-paiement\gestion-paiements-v2\src\main\java\com\gestionpaiements\app\controller\PaiementListController.java. Using fallback presentation compiler.
août 26, 2026 7:38:47 PM org.eclipse.lsp4j.jsonrpc.RemoteEndpoint handleCancellation
AVERTISSEMENT: Unmatched cancel notification for request id 268
2026.08.26 19:38:47 INFO  no build target found for C:\Users\PC\gest-paiement\gestion-paiements-v2\src\main\java\com\gestionpaiements\app\controller\PaiementListController.java. Using fallback presentation compiler.
2026.08.26 19:38:47 INFO  no build target found for C:\Users\PC\gest-paiement\gestion-paiements-v2\src\main\java\com\gestionpaiements\app\controller\PaiementListController.java. Using fallback presentation compiler.
2026.08.26 19:38:47 INFO  no build target found for C:\Users\PC\gest-paiement\gestion-paiements-v2\src\main\java\com\gestionpaiements\app\controller\PaiementListController.java. Using fallback presentation compiler.
2026.08.26 19:38:48 INFO  no build target found for C:\Users\PC\gest-paiement\gestion-paiements-v2\src\main\java\com\gestionpaiements\app\controller\PaiementListController.java. Using fallback presentation compiler.
2026.08.26 19:38:48 INFO  no build target found for C:\Users\PC\gest-paiement\gestion-paiements-v2\src\main\java\com\gestionpaiements\app\controller\PaiementListController.java. Using fallback presentation compiler.
2026.08.26 19:38:49 INFO  Created report: Optional[file:///C:/Users/PC/gest-paiement/gestion-paiements-v2/src/main/java/com/gestionpaiements/app/controller/PaiementListController.java]
2026.08.26 19:38:49 INFO  empty definition using pc, found symbol in pc: java/lang/Exception# (full report at: "C:\Users\PC\gest-paiement\gestion-paiements-v2\.metals\.reports\metals-full\2026-08-26\r_empty-definition_19-38-49-104.md")
2026.08.26 19:38:49 INFO  no build target found for C:\Users\PC\gest-paiement\gestion-paiements-v2\src\main\java\com\gestionpaiements\app\controller\PaiementListController.java. Using fallback presentation compiler.
2026.08.26 19:38:49 INFO  no build target found for C:\Users\PC\gest-paiement\gestion-paiements-v2\src\main\java\com\gestionpaiements\app\controller\PaiementListController.java. Using fallback presentation compiler.
2026.08.26 19:38:52 INFO  no build target found for C:\Users\PC\gest-paiement\gestion-paiements-v2\src\main\java\com\gestionpaiements\app\controller\PaiementListController.java. Using fallback presentation compiler.
2026.08.26 19:38:54 INFO  no build target found for C:\Users\PC\gest-paiement\gestion-paiements-v2\src\main\java\com\gestionpaiements\app\controller\PaiementListController.java. Using fallback presentation compiler.
2026.08.26 19:38:57 INFO  no build target found for C:\Users\PC\gest-paiement\gestion-paiements-v2\src\main\java\com\gestionpaiements\app\controller\PaiementListController.java. Using fallback presentation compiler.
2026.08.26 19:38:57 INFO  no build target found for C:\Users\PC\gest-paiement\gestion-paiements-v2\src\main\java\com\gestionpaiements\app\controller\PaiementListController.java. Using fallback presentation compiler.
2026.08.26 19:38:59 INFO  no build target found for C:\Users\PC\gest-paiement\gestion-paiements-v2\src\main\java\com\gestionpaiements\app\controller\PaiementListController.java. Using fallback presentation compiler.
2026.08.26 19:38:59 INFO  no build target found for C:\Users\PC\gest-paiement\gestion-paiements-v2\src\main\java\com\gestionpaiements\app\controller\PaiementListController.java. Using fallback presentation compiler.
2026.08.26 19:38:59 INFO  no build target found for C:\Users\PC\gest-paiement\gestion-paiements-v2\src\main\java\com\gestionpaiements\app\controller\PaiementListController.java. Using fallback presentation compiler.
2026.08.26 19:39:04 INFO  no build target found for C:\Users\PC\gest-paiement\gestion-paiements-v2\src\main\java\com\gestionpaiements\app\controller\PaiementListController.java. Using fallback presentation compiler.
2026.08.26 19:39:07 INFO  no build target found for C:\Users\PC\gest-paiement\gestion-paiements-v2\src\main\java\com\gestionpaiements\app\controller\PaiementListController.java. Using fallback presentation compiler.
2026.08.26 19:39:07 WARN  no build target for: C:\Users\PC\gest-paiement\gestion-paiements-v2\src\main\java\com\gestionpaiements\app\controller\PaiementListController.java
2026.08.26 19:39:07 INFO  no build target found for C:\Users\PC\gest-paiement\gestion-paiements-v2\src\main\java\com\gestionpaiements\app\controller\PaiementListController.java. Using fallback presentation compiler.
2026.08.26 19:39:09 INFO  no build target found for C:\Users\PC\gest-paiement\gestion-paiements-v2\src\main\java\com\gestionpaiements\app\controller\PaiementListController.java. Using fallback presentation compiler.
2026.08.26 19:39:20 INFO  no build target found for C:\Users\PC\gest-paiement\gestion-paiements-v2\src\main\java\com\gestionpaiements\app\controller\PaiementListController.java. Using fallback presentation compiler.
2026.08.26 19:39:20 INFO  no build target found for C:\Users\PC\gest-paiement\gestion-paiements-v2\src\main\java\com\gestionpaiements\app\controller\PaiementListController.java. Using fallback presentation compiler.
2026.08.26 19:39:21 INFO  no build target found for C:\Users\PC\gest-paiement\gestion-paiements-v2\src\main\java\com\gestionpaiements\app\controller\PaiementListController.java. Using fallback presentation compiler.
2026.08.26 19:39:21 INFO  no build target found for C:\Users\PC\gest-paiement\gestion-paiements-v2\src\main\java\com\gestionpaiements\app\controller\PaiementListController.java. Using fallback presentation compiler.
2026.08.26 19:39:21 INFO  no build target found for C:\Users\PC\gest-paiement\gestion-paiements-v2\src\main\java\com\gestionpaiements\app\controller\PaiementListController.java. Using fallback presentation compiler.
2026.08.26 19:39:21 INFO  no build target found for C:\Users\PC\gest-paiement\gestion-paiements-v2\src\main\java\com\gestionpaiements\app\controller\PaiementListController.java. Using fallback presentation compiler.
2026.08.26 19:39:21 INFO  no build target found for C:\Users\PC\gest-paiement\gestion-paiements-v2\src\main\java\com\gestionpaiements\app\controller\PaiementListController.java. Using fallback presentation compiler.
2026.08.26 19:39:21 INFO  no build target found for C:\Users\PC\gest-paiement\gestion-paiements-v2\src\main\java\com\gestionpaiements\app\controller\PaiementListController.java. Using fallback presentation compiler.
2026.08.26 19:39:22 INFO  no build target found for C:\Users\PC\gest-paiement\gestion-paiements-v2\src\main\java\com\gestionpaiements\app\controller\PaiementListController.java. Using fallback presentation compiler.
2026.08.26 19:39:22 INFO  no build target found for C:\Users\PC\gest-paiement\gestion-paiements-v2\src\main\java\com\gestionpaiements\app\controller\PaiementListController.java. Using fallback presentation compiler.
2026.08.26 19:39:22 INFO  no build target found for C:\Users\PC\gest-paiement\gestion-paiements-v2\src\main\java\com\gestionpaiements\app\controller\PaiementListController.java. Using fallback presentation compiler.
2026.08.26 19:39:23 INFO  no build target found for C:\Users\PC\gest-paiement\gestion-paiements-v2\src\main\java\com\gestionpaiements\app\controller\PaiementListController.java. Using fallback presentation compiler.
2026.08.26 19:39:23 INFO  no build target found for C:\Users\PC\gest-paiement\gestion-paiements-v2\src\main\java\com\gestionpaiements\app\controller\PaiementListController.java. Using fallback presentation compiler.
2026.08.26 19:39:24 INFO  no build target found for C:\Users\PC\gest-paiement\gestion-paiements-v2\src\main\java\com\gestionpaiements\app\controller\PaiementListController.java. Using fallback presentation compiler.
2026.08.26 19:39:23 INFO  no build target found for C:\Users\PC\gest-paiement\gestion-paiements-v2\src\main\java\com\gestionpaiements\app\controller\PaiementListController.java. Using fallback presentation compiler.
2026.08.26 19:39:25 INFO  no build target found for C:\Users\PC\gest-paiement\gestion-paiements-v2\src\main\java\com\gestionpaiements\app\controller\PaiementListController.java. Using fallback presentation compiler.
2026.08.26 19:39:25 INFO  no build target found for C:\Users\PC\gest-paiement\gestion-paiements-v2\src\main\java\com\gestionpaiements\app\controller\PaiementListController.java. Using fallback presentation compiler.
2026.08.26 19:39:25 WARN  no build target for: C:\Users\PC\gest-paiement\gestion-paiements-v2\src\main\java\com\gestionpaiements\app\controller\PaiementListController.java
2026.08.26 19:39:25 INFO  no build target found for C:\Users\PC\gest-paiement\gestion-paiements-v2\src\main\java\com\gestionpaiements\app\controller\PaiementListController.java. Using fallback presentation compiler.
2026.08.26 19:39:27 INFO  no build target found for C:\Users\PC\gest-paiement\gestion-paiements-v2\src\main\java\com\gestionpaiements\app\controller\PaiementListController.java. Using fallback presentation compiler.
2026.08.26 19:39:35 INFO  no build target found for C:\Users\PC\gest-paiement\gestion-paiements-v2\src\main\java\com\gestionpaiements\app\controller\PaiementListController.java. Using fallback presentation compiler.
2026.08.26 19:41:23 INFO  no build target found for C:\Users\PC\gest-paiement\gestion-paiements-v2\src\main\java\com\gestionpaiements\app\controller\MainViewController.java. Using fallback presentation compiler.
2026.08.26 19:41:24 INFO  no build target found for C:\Users\PC\gest-paiement\gestion-paiements-v2\src\main\java\com\gestionpaiements\app\controller\MainViewController.java. Using fallback presentation compiler.
2026.08.26 19:41:23 INFO  no build target found for C:\Users\PC\gest-paiement\gestion-paiements-v2\src\main\java\com\gestionpaiements\app\controller\MainViewController.java. Using fallback presentation compiler.
2026.08.26 19:41:23 INFO  no build target found for C:\Users\PC\gest-paiement\gestion-paiements-v2\src\main\java\com\gestionpaiements\app\controller\MainViewController.java. Using fallback presentation compiler.
2026.08.26 19:41:23 INFO  no build target found for C:\Users\PC\gest-paiement\gestion-paiements-v2\src\main\java\com\gestionpaiements\app\controller\MainViewController.java. Using fallback presentation compiler.
2026.08.26 19:41:25 INFO  no build target found for C:\Users\PC\gest-paiement\gestion-paiements-v2\src\main\java\com\gestionpaiements\app\controller\MainViewController.java. Using fallback presentation compiler.
2026.08.26 19:41:25 INFO  no build target found for C:\Users\PC\gest-paiement\gestion-paiements-v2\src\main\java\com\gestionpaiements\app\controller\MainViewController.java. Using fallback presentation compiler.
2026.08.26 19:41:29 INFO  no build target found for C:\Users\PC\gest-paiement\gestion-paiements-v2\src\main\java\com\gestionpaiements\app\controller\MainViewController.java. Using fallback presentation compiler.
2026.08.26 19:41:29 INFO  no build target found for C:\Users\PC\gest-paiement\gestion-paiements-v2\src\main\java\com\gestionpaiements\app\controller\MainViewController.java. Using fallback presentation compiler.
2026.08.26 19:41:31 INFO  no build target found for C:\Users\PC\gest-paiement\gestion-paiements-v2\src\main\java\com\gestionpaiements\app\controller\MainViewController.java. Using fallback presentation compiler.
2026.08.26 19:41:44 INFO  no build target found for C:\Users\PC\gest-paiement\gestion-paiements-v2\src\main\java\com\gestionpaiements\app\controller\MainViewController.java. Using fallback presentation compiler.
2026.08.26 19:41:44 INFO  no build target found for C:\Users\PC\gest-paiement\gestion-paiements-v2\src\main\java\com\gestionpaiements\app\controller\MainViewController.java. Using fallback presentation compiler.
2026.08.26 19:41:46 INFO  no build target found for C:\Users\PC\gest-paiement\gestion-paiements-v2\src\main\java\com\gestionpaiements\app\controller\MainViewController.java. Using fallback presentation compiler.
2026.08.26 19:43:48 INFO  no build target found for C:\Users\PC\gest-paiement\gestion-paiements-v2\src\main\java\com\gestionpaiements\app\controller\MainViewController.java. Using fallback presentation compiler.
2026.08.26 19:43:48 INFO  no build target found for C:\Users\PC\gest-paiement\gestion-paiements-v2\src\main\java\com\gestionpaiements\app\controller\MainViewController.java. Using fallback presentation compiler.
2026.08.26 19:43:49 INFO  no build target found for C:\Users\PC\gest-paiement\gestion-paiements-v2\src\main\java\com\gestionpaiements\app\controller\MainViewController.java. Using fallback presentation compiler.
2026.08.26 19:43:48 INFO  no build target found for C:\Users\PC\gest-paiement\gestion-paiements-v2\src\main\java\com\gestionpaiements\app\controller\MainViewController.java. Using fallback presentation compiler.
2026.08.26 19:43:49 INFO  no build target found for C:\Users\PC\gest-paiement\gestion-paiements-v2\src\main\java\com\gestionpaiements\app\controller\MainViewController.java. Using fallback presentation compiler.
2026.08.26 19:43:50 INFO  no build target found for C:\Users\PC\gest-paiement\gestion-paiements-v2\src\main\java\com\gestionpaiements\app\controller\MainViewController.java. Using fallback presentation compiler.
2026.08.26 19:43:50 INFO  no build target found for C:\Users\PC\gest-paiement\gestion-paiements-v2\src\main\java\com\gestionpaiements\app\controller\MainViewController.java. Using fallback presentation compiler.
2026.08.26 19:43:50 INFO  no build target found for C:\Users\PC\gest-paiement\gestion-paiements-v2\src\main\java\com\gestionpaiements\app\controller\MainViewController.java. Using fallback presentation compiler.
2026.08.26 19:43:50 INFO  no build target found for C:\Users\PC\gest-paiement\gestion-paiements-v2\src\main\java\com\gestionpaiements\app\controller\MainViewController.java. Using fallback presentation compiler.
2026.08.26 19:43:53 INFO  no build target found for C:\Users\PC\gest-paiement\gestion-paiements-v2\src\main\java\com\gestionpaiements\app\controller\MainViewController.java. Using fallback presentation compiler.
2026.08.26 19:43:53 INFO  no build target found for C:\Users\PC\gest-paiement\gestion-paiements-v2\src\main\java\com\gestionpaiements\app\controller\MainViewController.java. Using fallback presentation compiler.
2026.08.26 19:43:53 INFO  no build target found for C:\Users\PC\gest-paiement\gestion-paiements-v2\src\main\java\com\gestionpaiements\app\controller\MainViewController.java. Using fallback presentation compiler.
2026.08.26 19:43:54 INFO  no build target found for C:\Users\PC\gest-paiement\gestion-paiements-v2\src\main\java\com\gestionpaiements\app\controller\MainViewController.java. Using fallback presentation compiler.
2026.08.26 19:43:54 INFO  no build target found for C:\Users\PC\gest-paiement\gestion-paiements-v2\src\main\java\com\gestionpaiements\app\controller\MainViewController.java. Using fallback presentation compiler.
2026.08.26 19:43:54 INFO  no build target found for C:\Users\PC\gest-paiement\gestion-paiements-v2\src\main\java\com\gestionpaiements\app\controller\MainViewController.java. Using fallback presentation compiler.
2026.08.26 19:43:54 INFO  no build target found for C:\Users\PC\gest-paiement\gestion-paiements-v2\src\main\java\com\gestionpaiements\app\controller\MainViewController.java. Using fallback presentation compiler.
2026.08.26 19:43:54 INFO  no build target found for C:\Users\PC\gest-paiement\gestion-paiements-v2\src\main\java\com\gestionpaiements\app\controller\MainViewController.java. Using fallback presentation compiler.
2026.08.26 19:43:54 INFO  no build target found for C:\Users\PC\gest-paiement\gestion-paiements-v2\src\main\java\com\gestionpaiements\app\controller\MainViewController.java. Using fallback presentation compiler.
2026.08.26 19:43:54 INFO  no build target found for C:\Users\PC\gest-paiement\gestion-paiements-v2\src\main\java\com\gestionpaiements\app\controller\MainViewController.java. Using fallback presentation compiler.
2026.08.26 19:43:55 INFO  no build target found for C:\Users\PC\gest-paiement\gestion-paiements-v2\src\main\java\com\gestionpaiements\app\controller\MainViewController.java. Using fallback presentation compiler.
2026.08.26 19:43:55 INFO  no build target found for C:\Users\PC\gest-paiement\gestion-paiements-v2\src\main\java\com\gestionpaiements\app\controller\MainViewController.java. Using fallback presentation compiler.
2026.08.26 19:43:55 INFO  no build target found for C:\Users\PC\gest-paiement\gestion-paiements-v2\src\main\java\com\gestionpaiements\app\controller\MainViewController.java. Using fallback presentation compiler.
2026.08.26 19:43:56 INFO  no build target found for C:\Users\PC\gest-paiement\gestion-paiements-v2\src\main\java\com\gestionpaiements\app\controller\MainViewController.java. Using fallback presentation compiler.
2026.08.26 19:43:56 INFO  no build target found for C:\Users\PC\gest-paiement\gestion-paiements-v2\src\main\java\com\gestionpaiements\app\controller\MainViewController.java. Using fallback presentation compiler.
2026.08.26 19:43:58 INFO  no build target found for C:\Users\PC\gest-paiement\gestion-paiements-v2\src\main\java\com\gestionpaiements\app\controller\MainViewController.java. Using fallback presentation compiler.
2026.08.26 19:43:58 INFO  no build target found for C:\Users\PC\gest-paiement\gestion-paiements-v2\src\main\java\com\gestionpaiements\app\controller\MainViewController.java. Using fallback presentation compiler.
2026.08.26 19:43:58 INFO  no build target found for C:\Users\PC\gest-paiement\gestion-paiements-v2\src\main\java\com\gestionpaiements\app\controller\MainViewController.java. Using fallback presentation compiler.
2026.08.26 19:43:58 INFO  no build target found for C:\Users\PC\gest-paiement\gestion-paiements-v2\src\main\java\com\gestionpaiements\app\controller\MainViewController.java. Using fallback presentation compiler.
2026.08.26 19:43:59 INFO  no build target found for C:\Users\PC\gest-paiement\gestion-paiements-v2\src\main\java\com\gestionpaiements\app\controller\MainViewController.java. Using fallback presentation compiler.
2026.08.26 19:43:59 INFO  no build target found for C:\Users\PC\gest-paiement\gestion-paiements-v2\src\main\java\com\gestionpaiements\app\controller\MainViewController.java. Using fallback presentation compiler.
2026.08.26 19:43:59 INFO  no build target found for C:\Users\PC\gest-paiement\gestion-paiements-v2\src\main\java\com\gestionpaiements\app\controller\MainViewController.java. Using fallback presentation compiler.
2026.08.26 19:44:00 INFO  no build target found for C:\Users\PC\gest-paiement\gestion-paiements-v2\src\main\java\com\gestionpaiements\app\controller\MainViewController.java. Using fallback presentation compiler.
2026.08.26 19:44:00 WARN  no build target for: C:\Users\PC\gest-paiement\gestion-paiements-v2\src\main\java\com\gestionpaiements\app\controller\MainViewController.java
2026.08.26 19:44:00 INFO  no build target found for C:\Users\PC\gest-paiement\gestion-paiements-v2\src\main\java\com\gestionpaiements\app\controller\MainViewController.java. Using fallback presentation compiler.
2026.08.26 19:44:00 INFO  no build target found for C:\Users\PC\gest-paiement\gestion-paiements-v2\src\main\java\com\gestionpaiements\app\controller\MainViewController.java. Using fallback presentation compiler.
2026.08.26 19:44:02 INFO  no build target found for C:\Users\PC\gest-paiement\gestion-paiements-v2\src\main\java\com\gestionpaiements\app\controller\MainViewController.java. Using fallback presentation compiler.
2026.08.26 19:44:37 INFO  no build target found for C:\Users\PC\gest-paiement\gestion-paiements-v2\src\main\java\com\gestionpaiements\app\controller\PaiementListController.java. Using fallback presentation compiler.
2026.08.26 19:44:37 WARN  no build target for: C:\Users\PC\gest-paiement\gestion-paiements-v2\src\main\java\com\gestionpaiements\app\controller\PaiementListController.java
2026.08.26 19:44:37 INFO  no build target found for C:\Users\PC\gest-paiement\gestion-paiements-v2\src\main\java\com\gestionpaiements\app\controller\PaiementListController.java. Using fallback presentation compiler.
2026.08.26 19:44:37 INFO  no build target found for C:\Users\PC\gest-paiement\gestion-paiements-v2\src\main\java\com\gestionpaiements\app\controller\PaiementListController.java. Using fallback presentation compiler.
2026.08.26 19:44:37 INFO  no build target found for C:\Users\PC\gest-paiement\gestion-paiements-v2\src\main\java\com\gestionpaiements\app\controller\PaiementListController.java. Using fallback presentation compiler.
2026.08.26 19:44:37 INFO  no build target found for C:\Users\PC\gest-paiement\gestion-paiements-v2\src\main\java\com\gestionpaiements\app\controller\PaiementListController.java. Using fallback presentation compiler.
2026.08.26 19:44:37 INFO  no build target found for C:\Users\PC\gest-paiement\gestion-paiements-v2\src\main\java\com\gestionpaiements\app\controller\PaiementListController.java. Using fallback presentation compiler.
2026.08.26 19:45:01 INFO  no build target found for C:\Users\PC\gest-paiement\gestion-paiements-v2\src\main\java\com\gestionpaiements\app\controller\PaiementListController.java. Using fallback presentation compiler.
2026.08.26 19:45:01 INFO  no build target found for C:\Users\PC\gest-paiement\gestion-paiements-v2\src\main\java\com\gestionpaiements\app\controller\PaiementListController.java. Using fallback presentation compiler.
2026.08.26 19:45:01 INFO  no build target found for C:\Users\PC\gest-paiement\gestion-paiements-v2\src\main\java\com\gestionpaiements\app\controller\PaiementListController.java. Using fallback presentation compiler.
2026.08.26 19:45:32 INFO  no build target found for C:\Users\PC\gest-paiement\gestion-paiements-v2\src\main\java\com\gestionpaiements\app\controller\MainViewController.java. Using fallback presentation compiler.
2026.08.26 19:45:32 WARN  no build target for: C:\Users\PC\gest-paiement\gestion-paiements-v2\src\main\java\com\gestionpaiements\app\controller\MainViewController.java
2026.08.26 19:45:32 INFO  no build target found for C:\Users\PC\gest-paiement\gestion-paiements-v2\src\main\java\com\gestionpaiements\app\controller\MainViewController.java. Using fallback presentation compiler.
2026.08.26 19:45:32 INFO  no build target found for C:\Users\PC\gest-paiement\gestion-paiements-v2\src\main\java\com\gestionpaiements\app\controller\MainViewController.java. Using fallback presentation compiler.
2026.08.26 19:45:32 INFO  no build target found for C:\Users\PC\gest-paiement\gestion-paiements-v2\src\main\java\com\gestionpaiements\app\controller\MainViewController.java. Using fallback presentation compiler.
août 26, 2026 7:45:32 PM org.eclipse.lsp4j.jsonrpc.RemoteEndpoint handleCancellation
AVERTISSEMENT: Unmatched cancel notification for request id 613
2026.08.26 19:45:32 INFO  no build target found for C:\Users\PC\gest-paiement\gestion-paiements-v2\src\main\java\com\gestionpaiements\app\controller\MainViewController.java. Using fallback presentation compiler.
2026.08.26 19:45:34 INFO  no build target found for C:\Users\PC\gest-paiement\gestion-paiements-v2\src\main\java\com\gestionpaiements\app\controller\MainViewController.java. Using fallback presentation compiler.
2026.08.26 19:45:34 INFO  no build target found for C:\Users\PC\gest-paiement\gestion-paiements-v2\src\main\java\com\gestionpaiements\app\controller\MainViewController.java. Using fallback presentation compiler.
2026.08.26 19:45:34 INFO  no build target found for C:\Users\PC\gest-paiement\gestion-paiements-v2\src\main\java\com\gestionpaiements\app\controller\MainViewController.java. Using fallback presentation compiler.
2026.08.26 19:46:03 INFO  no build target found for C:\Users\PC\gest-paiement\gestion-paiements-v2\src\main\java\com\gestionpaiements\app\controller\MainViewController.java. Using fallback presentation compiler.
2026.08.26 19:46:03 INFO  no build target found for C:\Users\PC\gest-paiement\gestion-paiements-v2\src\main\java\com\gestionpaiements\app\controller\MainViewController.java. Using fallback presentation compiler.
2026.08.26 19:46:04 INFO  no build target found for C:\Users\PC\gest-paiement\gestion-paiements-v2\src\main\java\com\gestionpaiements\app\controller\MainViewController.java. Using fallback presentation compiler.
2026.08.26 19:46:06 INFO  no build target found for C:\Users\PC\gest-paiement\gestion-paiements-v2\src\main\java\com\gestionpaiements\app\controller\MainViewController.java. Using fallback presentation compiler.
2026.08.26 19:46:06 INFO  no build target found for C:\Users\PC\gest-paiement\gestion-paiements-v2\src\main\java\com\gestionpaiements\app\controller\MainViewController.java. Using fallback presentation compiler.
2026.08.26 19:46:06 INFO  no build target found for C:\Users\PC\gest-paiement\gestion-paiements-v2\src\main\java\com\gestionpaiements\app\controller\MainViewController.java. Using fallback presentation compiler.
2026.08.26 19:46:06 INFO  no build target found for C:\Users\PC\gest-paiement\gestion-paiements-v2\src\main\java\com\gestionpaiements\app\controller\MainViewController.java. Using fallback presentation compiler.
2026.08.26 19:46:06 INFO  no build target found for C:\Users\PC\gest-paiement\gestion-paiements-v2\src\main\java\com\gestionpaiements\app\controller\MainViewController.java. Using fallback presentation compiler.
2026.08.26 19:46:08 INFO  no build target found for C:\Users\PC\gest-paiement\gestion-paiements-v2\src\main\java\com\gestionpaiements\app\controller\MainViewController.java. Using fallback presentation compiler.
2026.08.26 19:46:08 INFO  no build target found for C:\Users\PC\gest-paiement\gestion-paiements-v2\src\main\java\com\gestionpaiements\app\controller\MainViewController.java. Using fallback presentation compiler.
2026.08.26 19:46:08 INFO  no build target found for C:\Users\PC\gest-paiement\gestion-paiements-v2\src\main\java\com\gestionpaiements\app\controller\MainViewController.java. Using fallback presentation compiler.
2026.08.26 19:46:09 INFO  no build target found for C:\Users\PC\gest-paiement\gestion-paiements-v2\src\main\java\com\gestionpaiements\app\controller\MainViewController.java. Using fallback presentation compiler.
2026.08.26 19:46:08 INFO  no build target found for C:\Users\PC\gest-paiement\gestion-paiements-v2\src\main\java\com\gestionpaiements\app\controller\MainViewController.java. Using fallback presentation compiler.
2026.08.26 19:46:08 INFO  no build target found for C:\Users\PC\gest-paiement\gestion-paiements-v2\src\main\java\com\gestionpaiements\app\controller\MainViewController.java. Using fallback presentation compiler.
2026.08.26 19:46:09 INFO  no build target found for C:\Users\PC\gest-paiement\gestion-paiements-v2\src\main\java\com\gestionpaiements\app\controller\MainViewController.java. Using fallback presentation compiler.
2026.08.26 19:46:09 INFO  no build target found for C:\Users\PC\gest-paiement\gestion-paiements-v2\src\main\java\com\gestionpaiements\app\controller\MainViewController.java. Using fallback presentation compiler.
2026.08.26 19:46:26 INFO  no build target found for C:\Users\PC\gest-paiement\gestion-paiements-v2\src\main\java\com\gestionpaiements\app\controller\MainViewController.java. Using fallback presentation compiler.
2026.08.26 19:46:31 INFO  no build target found for C:\Users\PC\gest-paiement\gestion-paiements-v2\src\main\java\com\gestionpaiements\app\controller\MainViewController.java. Using fallback presentation compiler.
2026.08.26 19:46:31 INFO  no build target found for C:\Users\PC\gest-paiement\gestion-paiements-v2\src\main\java\com\gestionpaiements\app\controller\MainViewController.java. Using fallback presentation compiler.
2026.08.26 19:46:31 INFO  no build target found for C:\Users\PC\gest-paiement\gestion-paiements-v2\src\main\java\com\gestionpaiements\app\controller\MainViewController.java. Using fallback presentation compiler.
2026.08.26 19:46:33 INFO  no build target found for C:\Users\PC\gest-paiement\gestion-paiements-v2\src\main\java\com\gestionpaiements\app\controller\MainViewController.java. Using fallback presentation compiler.
2026.08.26 19:46:33 INFO  no build target found for C:\Users\PC\gest-paiement\gestion-paiements-v2\src\main\java\com\gestionpaiements\app\controller\MainViewController.java. Using fallback presentation compiler.
2026.08.26 19:46:33 INFO  no build target found for C:\Users\PC\gest-paiement\gestion-paiements-v2\src\main\java\com\gestionpaiements\app\controller\MainViewController.java. Using fallback presentation compiler.
2026.08.26 19:46:33 INFO  no build target found for C:\Users\PC\gest-paiement\gestion-paiements-v2\src\main\java\com\gestionpaiements\app\controller\MainViewController.java. Using fallback presentation compiler.
2026.08.26 19:46:33 INFO  no build target found for C:\Users\PC\gest-paiement\gestion-paiements-v2\src\main\java\com\gestionpaiements\app\controller\MainViewController.java. Using fallback presentation compiler.
2026.08.26 19:46:35 INFO  no build target found for C:\Users\PC\gest-paiement\gestion-paiements-v2\src\main\java\com\gestionpaiements\app\controller\MainViewController.java. Using fallback presentation compiler.
2026.08.26 19:46:35 INFO  no build target found for C:\Users\PC\gest-paiement\gestion-paiements-v2\src\main\java\com\gestionpaiements\app\controller\MainViewController.java. Using fallback presentation compiler.
2026.08.26 19:46:36 INFO  no build target found for C:\Users\PC\gest-paiement\gestion-paiements-v2\src\main\java\com\gestionpaiements\app\controller\MainViewController.java. Using fallback presentation compiler.
2026.08.26 19:46:36 INFO  no build target found for C:\Users\PC\gest-paiement\gestion-paiements-v2\src\main\java\com\gestionpaiements\app\controller\MainViewController.java. Using fallback presentation compiler.
2026.08.26 19:46:36 INFO  no build target found for C:\Users\PC\gest-paiement\gestion-paiements-v2\src\main\java\com\gestionpaiements\app\controller\MainViewController.java. Using fallback presentation compiler.
2026.08.26 19:46:36 INFO  no build target found for C:\Users\PC\gest-paiement\gestion-paiements-v2\src\main\java\com\gestionpaiements\app\controller\MainViewController.java. Using fallback presentation compiler.
2026.08.26 19:46:37 INFO  no build target found for C:\Users\PC\gest-paiement\gestion-paiements-v2\src\main\java\com\gestionpaiements\app\controller\MainViewController.java. Using fallback presentation compiler.
2026.08.26 19:46:37 INFO  no build target found for C:\Users\PC\gest-paiement\gestion-paiements-v2\src\main\java\com\gestionpaiements\app\controller\MainViewController.java. Using fallback presentation compiler.
2026.08.26 19:46:38 WARN  no build target for: C:\Users\PC\gest-paiement\gestion-paiements-v2\src\main\java\com\gestionpaiements\app\controller\MainViewController.java
2026.08.26 19:46:38 INFO  no build target found for C:\Users\PC\gest-paiement\gestion-paiements-v2\src\main\java\com\gestionpaiements\app\controller\MainViewController.java. Using fallback presentation compiler.
2026.08.26 19:46:39 INFO  no build target found for C:\Users\PC\gest-paiement\gestion-paiements-v2\src\main\java\com\gestionpaiements\app\controller\MainViewController.java. Using fallback presentation compiler.
2026.08.26 19:47:49 INFO  no build target found for C:\Users\PC\gest-paiement\gestion-paiements-v2\src\main\java\com\gestionpaiements\app\controller\MainViewController.java. Using fallback presentation compiler.
2026.08.26 19:48:01 INFO  no build target found for C:\Users\PC\gest-paiement\gestion-paiements-v2\src\main\java\com\gestionpaiements\app\controller\MainViewController.java. Using fallback presentation compiler.
2026.08.26 19:48:06 INFO  no build target found for C:\Users\PC\gest-paiement\gestion-paiements-v2\src\main\java\com\gestionpaiements\app\controller\MainViewController.java. Using fallback presentation compiler.
2026.08.26 19:48:19 INFO  no build target found for C:\Users\PC\gest-paiement\gestion-paiements-v2\src\main\java\com\gestionpaiements\app\controller\MainViewController.java. Using fallback presentation compiler.
2026.08.26 19:48:19 INFO  no build target found for C:\Users\PC\gest-paiement\gestion-paiements-v2\src\main\java\com\gestionpaiements\app\controller\MainViewController.java. Using fallback presentation compiler.
2026.08.26 19:48:21 INFO  no build target found for C:\Users\PC\gest-paiement\gestion-paiements-v2\src\main\java\com\gestionpaiements\app\controller\MainViewController.java. Using fallback presentation compiler.
2026.08.26 19:48:21 INFO  no build target found for C:\Users\PC\gest-paiement\gestion-paiements-v2\src\main\java\com\gestionpaiements\app\controller\MainViewController.java. Using fallback presentation compiler.
2026.08.26 19:48:22 INFO  no build target found for C:\Users\PC\gest-paiement\gestion-paiements-v2\src\main\java\com\gestionpaiements\app\controller\MainViewController.java. Using fallback presentation compiler.
2026.08.26 19:48:24 INFO  no build target found for C:\Users\PC\gest-paiement\gestion-paiements-v2\src\main\java\com\gestionpaiements\app\controller\MainViewController.java. Using fallback presentation compiler.
2026.08.26 19:48:24 INFO  no build target found for C:\Users\PC\gest-paiement\gestion-paiements-v2\src\main\java\com\gestionpaiements\app\controller\MainViewController.java. Using fallback presentation compiler.
2026.08.26 19:48:24 INFO  no build target found for C:\Users\PC\gest-paiement\gestion-paiements-v2\src\main\java\com\gestionpaiements\app\controller\MainViewController.java. Using fallback presentation compiler.
2026.08.26 19:48:24 INFO  no build target found for C:\Users\PC\gest-paiement\gestion-paiements-v2\src\main\java\com\gestionpaiements\app\controller\MainViewController.java. Using fallback presentation compiler.
2026.08.26 19:48:24 INFO  no build target found for C:\Users\PC\gest-paiement\gestion-paiements-v2\src\main\java\com\gestionpaiements\app\controller\MainViewController.java. Using fallback presentation compiler.
2026.08.26 19:48:26 INFO  no build target found for C:\Users\PC\gest-paiement\gestion-paiements-v2\src\main\java\com\gestionpaiements\app\controller\MainViewController.java. Using fallback presentation compiler.
2026.08.26 19:48:26 INFO  no build target found for C:\Users\PC\gest-paiement\gestion-paiements-v2\src\main\java\com\gestionpaiements\app\controller\MainViewController.java. Using fallback presentation compiler.
2026.08.26 19:48:27 INFO  no build target found for C:\Users\PC\gest-paiement\gestion-paiements-v2\src\main\java\com\gestionpaiements\app\controller\MainViewController.java. Using fallback presentation compiler.
2026.08.26 19:48:27 INFO  no build target found for C:\Users\PC\gest-paiement\gestion-paiements-v2\src\main\java\com\gestionpaiements\app\controller\MainViewController.java. Using fallback presentation compiler.
2026.08.26 19:48:27 INFO  no build target found for C:\Users\PC\gest-paiement\gestion-paiements-v2\src\main\java\com\gestionpaiements\app\controller\MainViewController.java. Using fallback presentation compiler.
2026.08.26 19:48:28 INFO  no build target found for C:\Users\PC\gest-paiement\gestion-paiements-v2\src\main\java\com\gestionpaiements\app\controller\MainViewController.java. Using fallback presentation compiler.
2026.08.26 19:48:28 INFO  no build target found for C:\Users\PC\gest-paiement\gestion-paiements-v2\src\main\java\com\gestionpaiements\app\controller\MainViewController.java. Using fallback presentation compiler.
2026.08.26 19:48:31 INFO  no build target found for C:\Users\PC\gest-paiement\gestion-paiements-v2\src\main\java\com\gestionpaiements\app\controller\MainViewController.java. Using fallback presentation compiler.
2026.08.26 19:48:32 INFO  no build target found for C:\Users\PC\gest-paiement\gestion-paiements-v2\src\main\java\com\gestionpaiements\app\controller\MainViewController.java. Using fallback presentation compiler.
2026.08.26 19:48:31 INFO  no build target found for C:\Users\PC\gest-paiement\gestion-paiements-v2\src\main\java\com\gestionpaiements\app\controller\MainViewController.java. Using fallback presentation compiler.
2026.08.26 19:48:32 WARN  no build target for: C:\Users\PC\gest-paiement\gestion-paiements-v2\src\main\java\com\gestionpaiements\app\controller\MainViewController.java
2026.08.26 19:48:32 INFO  no build target found for C:\Users\PC\gest-paiement\gestion-paiements-v2\src\main\java\com\gestionpaiements\app\controller\MainViewController.java. Using fallback presentation compiler.
2026.08.26 19:48:34 INFO  no build target found for C:\Users\PC\gest-paiement\gestion-paiements-v2\src\main\java\com\gestionpaiements\app\controller\MainViewController.java. Using fallback presentation compiler.
2026.08.26 20:09:43 INFO  no build target found for C:\Users\PC\gest-paiement\gestion-paiements-v2\src\main\java\com\gestionpaiements\app\controller\PdfGenerationController.java. Using fallback presentation compiler.
2026.08.26 20:09:43 INFO  no build target found for C:\Users\PC\gest-paiement\gestion-paiements-v2\src\main\java\com\gestionpaiements\app\controller\PdfGenerationController.java. Using fallback presentation compiler.
2026.08.26 20:09:43 INFO  no build target found for C:\Users\PC\gest-paiement\gestion-paiements-v2\src\main\java\com\gestionpaiements\app\controller\PdfGenerationController.java. Using fallback presentation compiler.
2026.08.26 20:09:54 INFO  no build target found for C:\Users\PC\gest-paiement\gestion-paiements-v2\src\main\java\com\gestionpaiements\app\service\PdfGenerationService.java. Using fallback presentation compiler.
2026.08.26 20:09:54 WARN  no build target for: C:\Users\PC\gest-paiement\gestion-paiements-v2\src\main\java\com\gestionpaiements\app\service\PdfGenerationService.java
2026.08.26 20:09:54 INFO  no build target found for C:\Users\PC\gest-paiement\gestion-paiements-v2\src\main\java\com\gestionpaiements\app\service\PdfGenerationService.java. Using fallback presentation compiler.
2026.08.26 20:09:54 INFO  no build target found for C:\Users\PC\gest-paiement\gestion-paiements-v2\src\main\java\com\gestionpaiements\app\service\PdfGenerationService.java. Using fallback presentation compiler.
2026.08.26 20:09:54 INFO  no build target found for C:\Users\PC\gest-paiement\gestion-paiements-v2\src\main\java\com\gestionpaiements\app\service\PdfGenerationService.java. Using fallback presentation compiler.
2026.08.26 20:09:54 INFO  no build target found for C:\Users\PC\gest-paiement\gestion-paiements-v2\src\main\java\com\gestionpaiements\app\service\PdfGenerationService.java. Using fallback presentation compiler.
2026.08.26 20:10:03 INFO  no build target found for C:\Users\PC\gest-paiement\gestion-paiements-v2\src\main\java\com\gestionpaiements\app\service\PdfGenerationService.java. Using fallback presentation compiler.
2026.08.26 20:10:17 INFO  no build target found for C:\Users\PC\gest-paiement\gestion-paiements-v2\src\main\java\com\gestionpaiements\app\service\PdfGenerationService.java. Using fallback presentation compiler.
2026.08.26 20:10:19 INFO  no build target found for C:\Users\PC\gest-paiement\gestion-paiements-v2\src\main\java\com\gestionpaiements\app\service\PdfGenerationService.java. Using fallback presentation compiler.
2026.08.26 20:10:21 INFO  no build target found for C:\Users\PC\gest-paiement\gestion-paiements-v2\src\main\java\com\gestionpaiements\app\service\PdfGenerationService.java. Using fallback presentation compiler.
2026.08.26 20:10:21 INFO  no build target found for C:\Users\PC\gest-paiement\gestion-paiements-v2\src\main\java\com\gestionpaiements\app\service\PdfGenerationService.java. Using fallback presentation compiler.
2026.08.26 20:10:21 INFO  no build target found for C:\Users\PC\gest-paiement\gestion-paiements-v2\src\main\java\com\gestionpaiements\app\service\PdfGenerationService.java. Using fallback presentation compiler.
2026.08.26 20:10:21 INFO  no build target found for C:\Users\PC\gest-paiement\gestion-paiements-v2\src\main\java\com\gestionpaiements\app\service\PdfGenerationService.java. Using fallback presentation compiler.
2026.08.26 20:10:22 INFO  no build target found for C:\Users\PC\gest-paiement\gestion-paiements-v2\src\main\java\com\gestionpaiements\app\service\PdfGenerationService.java. Using fallback presentation compiler.
2026.08.26 20:10:22 INFO  no build target found for C:\Users\PC\gest-paiement\gestion-paiements-v2\src\main\java\com\gestionpaiements\app\service\PdfGenerationService.java. Using fallback presentation compiler.
2026.08.26 20:10:30 INFO  no build target found for C:\Users\PC\gest-paiement\gestion-paiements-v2\src\main\java\com\gestionpaiements\app\service\PdfGenerationService.java. Using fallback presentation compiler.
2026.08.26 20:10:31 INFO  no build target found for C:\Users\PC\gest-paiement\gestion-paiements-v2\src\main\java\com\gestionpaiements\app\service\PdfGenerationService.java. Using fallback presentation compiler.
2026.08.26 20:10:31 INFO  no build target found for C:\Users\PC\gest-paiement\gestion-paiements-v2\src\main\java\com\gestionpaiements\app\service\PdfGenerationService.java. Using fallback presentation compiler.
2026.08.26 20:10:31 INFO  no build target found for C:\Users\PC\gest-paiement\gestion-paiements-v2\src\main\java\com\gestionpaiements\app\service\PdfGenerationService.java. Using fallback presentation compiler.
2026.08.26 20:10:32 INFO  no build target found for C:\Users\PC\gest-paiement\gestion-paiements-v2\src\main\java\com\gestionpaiements\app\service\PdfGenerationService.java. Using fallback presentation compiler.
2026.08.26 20:10:31 INFO  no build target found for C:\Users\PC\gest-paiement\gestion-paiements-v2\src\main\java\com\gestionpaiements\app\service\PdfGenerationService.java. Using fallback presentation compiler.
2026.08.26 20:10:32 INFO  no build target found for C:\Users\PC\gest-paiement\gestion-paiements-v2\src\main\java\com\gestionpaiements\app\service\PdfGenerationService.java. Using fallback presentation compiler.
2026.08.26 20:10:35 INFO  no build target found for C:\Users\PC\gest-paiement\gestion-paiements-v2\src\main\java\com\gestionpaiements\app\service\PdfGenerationService.java. Using fallback presentation compiler.
2026.08.26 20:10:35 INFO  no build target found for C:\Users\PC\gest-paiement\gestion-paiements-v2\src\main\java\com\gestionpaiements\app\service\PdfGenerationService.java. Using fallback presentation compiler.
2026.08.26 20:10:37 INFO  no build target found for C:\Users\PC\gest-paiement\gestion-paiements-v2\src\main\java\com\gestionpaiements\app\service\PdfGenerationService.java. Using fallback presentation compiler.
2026.08.26 20:10:37 INFO  no build target found for C:\Users\PC\gest-paiement\gestion-paiements-v2\src\main\java\com\gestionpaiements\app\service\PdfGenerationService.java. Using fallback presentation compiler.
2026.08.26 20:10:39 INFO  no build target found for C:\Users\PC\gest-paiement\gestion-paiements-v2\src\main\java\com\gestionpaiements\app\service\PdfGenerationService.java. Using fallback presentation compiler.
2026.08.26 20:10:41 INFO  no build target found for C:\Users\PC\gest-paiement\gestion-paiements-v2\src\main\java\com\gestionpaiements\app\service\PdfGenerationService.java. Using fallback presentation compiler.
2026.08.26 20:10:41 INFO  no build target found for C:\Users\PC\gest-paiement\gestion-paiements-v2\src\main\java\com\gestionpaiements\app\service\PdfGenerationService.java. Using fallback presentation compiler.
2026.08.26 20:10:45 INFO  no build target found for C:\Users\PC\gest-paiement\gestion-paiements-v2\src\main\java\com\gestionpaiements\app\service\PdfGenerationService.java. Using fallback presentation compiler.
2026.08.26 20:10:45 INFO  no build target found for C:\Users\PC\gest-paiement\gestion-paiements-v2\src\main\java\com\gestionpaiements\app\service\PdfGenerationService.java. Using fallback presentation compiler.
2026.08.26 20:10:46 INFO  no build target found for C:\Users\PC\gest-paiement\gestion-paiements-v2\src\main\java\com\gestionpaiements\app\service\PdfGenerationService.java. Using fallback presentation compiler.
2026.08.26 20:10:46 INFO  no build target found for C:\Users\PC\gest-paiement\gestion-paiements-v2\src\main\java\com\gestionpaiements\app\service\PdfGenerationService.java. Using fallback presentation compiler.
2026.08.26 20:10:46 INFO  no build target found for C:\Users\PC\gest-paiement\gestion-paiements-v2\src\main\java\com\gestionpaiements\app\service\PdfGenerationService.java. Using fallback presentation compiler.
2026.08.26 20:10:46 INFO  no build target found for C:\Users\PC\gest-paiement\gestion-paiements-v2\src\main\java\com\gestionpaiements\app\service\PdfGenerationService.java. Using fallback presentation compiler.
2026.08.26 20:10:47 INFO  no build target found for C:\Users\PC\gest-paiement\gestion-paiements-v2\src\main\java\com\gestionpaiements\app\service\PdfGenerationService.java. Using fallback presentation compiler.
2026.08.26 20:10:47 INFO  no build target found for C:\Users\PC\gest-paiement\gestion-paiements-v2\src\main\java\com\gestionpaiements\app\service\PdfGenerationService.java. Using fallback presentation compiler.
2026.08.26 20:10:49 WARN  no build target for: C:\Users\PC\gest-paiement\gestion-paiements-v2\src\main\java\com\gestionpaiements\app\service\PdfGenerationService.java
2026.08.26 20:10:49 INFO  no build target found for C:\Users\PC\gest-paiement\gestion-paiements-v2\src\main\java\com\gestionpaiements\app\service\PdfGenerationService.java. Using fallback presentation compiler.
2026.08.26 20:10:50 INFO  no build target found for C:\Users\PC\gest-paiement\gestion-paiements-v2\src\main\java\com\gestionpaiements\app\service\PdfGenerationService.java. Using fallback presentation compiler.
2026.08.26 20:11:06 INFO  no build target found for C:\Users\PC\gest-paiement\gestion-paiements-v2\src\main\java\com\gestionpaiements\app\service\ExcelFileManagerService.java. Using fallback presentation compiler.
2026.08.26 20:11:06 WARN  no build target for: C:\Users\PC\gest-paiement\gestion-paiements-v2\src\main\java\com\gestionpaiements\app\service\ExcelFileManagerService.java
2026.08.26 20:11:06 INFO  no build target found for C:\Users\PC\gest-paiement\gestion-paiements-v2\src\main\java\com\gestionpaiements\app\service\ExcelFileManagerService.java. Using fallback presentation compiler.
2026.08.26 20:11:06 INFO  no build target found for C:\Users\PC\gest-paiement\gestion-paiements-v2\src\main\java\com\gestionpaiements\app\service\ExcelFileManagerService.java. Using fallback presentation compiler.
2026.08.26 20:11:06 INFO  no build target found for C:\Users\PC\gest-paiement\gestion-paiements-v2\src\main\java\com\gestionpaiements\app\service\ExcelFileManagerService.java. Using fallback presentation compiler.
2026.08.26 20:11:17 INFO  no build target found for C:\Users\PC\gest-paiement\gestion-paiements-v2\src\main\java\com\gestionpaiements\app\service\ExcelFileManagerService.java. Using fallback presentation compiler.
2026.08.26 20:11:17 INFO  no build target found for C:\Users\PC\gest-paiement\gestion-paiements-v2\src\main\java\com\gestionpaiements\app\service\ExcelFileManagerService.java. Using fallback presentation compiler.
2026.08.26 20:11:17 INFO  no build target found for C:\Users\PC\gest-paiement\gestion-paiements-v2\src\main\java\com\gestionpaiements\app\service\ExcelFileManagerService.java. Using fallback presentation compiler.
2026.08.26 20:11:19 INFO  no build target found for C:\Users\PC\gest-paiement\gestion-paiements-v2\src\main\java\com\gestionpaiements\app\service\ExcelFileManagerService.java. Using fallback presentation compiler.
2026.08.26 20:11:19 INFO  no build target found for C:\Users\PC\gest-paiement\gestion-paiements-v2\src\main\java\com\gestionpaiements\app\service\ExcelFileManagerService.java. Using fallback presentation compiler.
2026.08.26 20:11:20 INFO  no build target found for C:\Users\PC\gest-paiement\gestion-paiements-v2\src\main\java\com\gestionpaiements\app\service\ExcelFileManagerService.java. Using fallback presentation compiler.
2026.08.26 20:11:45 INFO  no build target found for C:\Users\PC\gest-paiement\gestion-paiements-v2\src\main\java\com\gestionpaiements\app\service\ExcelFileManagerService.java. Using fallback presentation compiler.
2026.08.26 20:11:53 INFO  no build target found for C:\Users\PC\gest-paiement\gestion-paiements-v2\src\main\java\com\gestionpaiements\app\service\ExcelFileManagerService.java. Using fallback presentation compiler.
2026.08.26 20:11:53 INFO  no build target found for C:\Users\PC\gest-paiement\gestion-paiements-v2\src\main\java\com\gestionpaiements\app\service\ExcelFileManagerService.java. Using fallback presentation compiler.
2026.08.26 20:11:54 INFO  no build target found for C:\Users\PC\gest-paiement\gestion-paiements-v2\src\main\java\com\gestionpaiements\app\service\ExcelFileManagerService.java. Using fallback presentation compiler.
2026.08.26 20:11:54 INFO  no build target found for C:\Users\PC\gest-paiement\gestion-paiements-v2\src\main\java\com\gestionpaiements\app\service\ExcelFileManagerService.java. Using fallback presentation compiler.
2026.08.26 20:11:56 INFO  no build target found for C:\Users\PC\gest-paiement\gestion-paiements-v2\src\main\java\com\gestionpaiements\app\service\ExcelFileManagerService.java. Using fallback presentation compiler.
2026.08.26 20:11:56 INFO  no build target found for C:\Users\PC\gest-paiement\gestion-paiements-v2\src\main\java\com\gestionpaiements\app\service\ExcelFileManagerService.java. Using fallback presentation compiler.
2026.08.26 20:11:56 INFO  no build target found for C:\Users\PC\gest-paiement\gestion-paiements-v2\src\main\java\com\gestionpaiements\app\service\ExcelFileManagerService.java. Using fallback presentation compiler.
2026.08.26 20:11:56 INFO  Created report: Optional[file:///C:/Users/PC/gest-paiement/gestion-paiements-v2/src/main/java/com/gestionpaiements/app/service/ExcelFileManagerService.java]
2026.08.26 20:11:56 INFO  empty definition using pc, found symbol in pc: java/lang/String# (full report at: "C:\Users\PC\gest-paiement\gestion-paiements-v2\.metals\.reports\metals-full\2026-08-26\r_empty-definition_20-11-56-423.md")
2026.08.26 20:11:56 INFO  no build target found for C:\Users\PC\gest-paiement\gestion-paiements-v2\src\main\java\com\gestionpaiements\app\service\ExcelFileManagerService.java. Using fallback presentation compiler.
2026.08.26 20:11:56 INFO  no build target found for C:\Users\PC\gest-paiement\gestion-paiements-v2\src\main\java\com\gestionpaiements\app\service\ExcelFileManagerService.java. Using fallback presentation compiler.
2026.08.26 20:11:56 INFO  no build target found for C:\Users\PC\gest-paiement\gestion-paiements-v2\src\main\java\com\gestionpaiements\app\service\ExcelFileManagerService.java. Using fallback presentation compiler.
2026.08.26 20:11:57 INFO  no build target found for C:\Users\PC\gest-paiement\gestion-paiements-v2\src\main\java\com\gestionpaiements\app\service\ExcelFileManagerService.java. Using fallback presentation compiler.
2026.08.26 20:11:57 INFO  no build target found for C:\Users\PC\gest-paiement\gestion-paiements-v2\src\main\java\com\gestionpaiements\app\service\ExcelFileManagerService.java. Using fallback presentation compiler.
2026.08.26 20:11:59 INFO  no build target found for C:\Users\PC\gest-paiement\gestion-paiements-v2\src\main\java\com\gestionpaiements\app\service\ExcelFileManagerService.java. Using fallback presentation compiler.
2026.08.26 20:11:59 INFO  no build target found for C:\Users\PC\gest-paiement\gestion-paiements-v2\src\main\java\com\gestionpaiements\app\service\ExcelFileManagerService.java. Using fallback presentation compiler.
2026.08.26 20:11:59 INFO  no build target found for C:\Users\PC\gest-paiement\gestion-paiements-v2\src\main\java\com\gestionpaiements\app\service\ExcelFileManagerService.java. Using fallback presentation compiler.
2026.08.26 20:11:59 INFO  no build target found for C:\Users\PC\gest-paiement\gestion-paiements-v2\src\main\java\com\gestionpaiements\app\service\ExcelFileManagerService.java. Using fallback presentation compiler.
2026.08.26 20:11:59 INFO  no build target found for C:\Users\PC\gest-paiement\gestion-paiements-v2\src\main\java\com\gestionpaiements\app\service\ExcelFileManagerService.java. Using fallback presentation compiler.
2026.08.26 20:11:59 INFO  no build target found for C:\Users\PC\gest-paiement\gestion-paiements-v2\src\main\java\com\gestionpaiements\app\service\ExcelFileManagerService.java. Using fallback presentation compiler.
2026.08.26 20:11:59 INFO  no build target found for C:\Users\PC\gest-paiement\gestion-paiements-v2\src\main\java\com\gestionpaiements\app\service\ExcelFileManagerService.java. Using fallback presentation compiler.
2026.08.26 20:12:01 WARN  no build target for: C:\Users\PC\gest-paiement\gestion-paiements-v2\src\main\java\com\gestionpaiements\app\service\ExcelFileManagerService.java
2026.08.26 20:12:01 INFO  no build target found for C:\Users\PC\gest-paiement\gestion-paiements-v2\src\main\java\com\gestionpaiements\app\service\ExcelFileManagerService.java. Using fallback presentation compiler.
2026.08.26 20:12:14 INFO  no build target found for C:\Users\PC\gest-paiement\gestion-paiements-v2\src\main\java\com\gestionpaiements\app\controller\PdfGenerationController.java. Using fallback presentation compiler.
2026.08.26 20:12:52 INFO  no build target found for C:\Users\PC\gest-paiement\gestion-paiements-v2\src\main\java\com\gestionpaiements\app\controller\MainViewController.java. Using fallback presentation compiler.
2026.08.26 20:12:52 WARN  no build target for: C:\Users\PC\gest-paiement\gestion-paiements-v2\src\main\java\com\gestionpaiements\app\controller\MainViewController.java
2026.08.26 20:12:52 INFO  no build target found for C:\Users\PC\gest-paiement\gestion-paiements-v2\src\main\java\com\gestionpaiements\app\controller\MainViewController.java. Using fallback presentation compiler.
2026.08.26 20:12:52 INFO  no build target found for C:\Users\PC\gest-paiement\gestion-paiements-v2\src\main\java\com\gestionpaiements\app\controller\MainViewController.java. Using fallback presentation compiler.
2026.08.26 20:12:52 INFO  no build target found for C:\Users\PC\gest-paiement\gestion-paiements-v2\src\main\java\com\gestionpaiements\app\controller\MainViewController.java. Using fallback presentation compiler.
2026.08.26 20:12:52 INFO  no build target found for C:\Users\PC\gest-paiement\gestion-paiements-v2\src\main\java\com\gestionpaiements\app\controller\MainViewController.java. Using fallback presentation compiler.
2026.08.26 20:13:17 INFO  no build target found for C:\Users\PC\gest-paiement\gestion-paiements-v2\src\main\java\com\gestionpaiements\app\controller\MainViewController.java. Using fallback presentation compiler.
2026.08.26 20:13:17 INFO  no build target found for C:\Users\PC\gest-paiement\gestion-paiements-v2\src\main\java\com\gestionpaiements\app\controller\MainViewController.java. Using fallback presentation compiler.
2026.08.26 20:13:20 INFO  no build target found for C:\Users\PC\gest-paiement\gestion-paiements-v2\src\main\java\com\gestionpaiements\app\controller\MainViewController.java. Using fallback presentation compiler.
2026.08.26 20:13:39 INFO  no build target found for C:\Users\PC\gest-paiement\gestion-paiements-v2\src\main\java\com\gestionpaiements\app\controller\MainViewController.java. Using fallback presentation compiler.
2026.08.26 20:13:39 INFO  no build target found for C:\Users\PC\gest-paiement\gestion-paiements-v2\src\main\java\com\gestionpaiements\app\controller\MainViewController.java. Using fallback presentation compiler.
2026.08.26 20:13:39 INFO  no build target found for C:\Users\PC\gest-paiement\gestion-paiements-v2\src\main\java\com\gestionpaiements\app\controller\MainViewController.java. Using fallback presentation compiler.
2026.08.26 20:13:41 INFO  no build target found for C:\Users\PC\gest-paiement\gestion-paiements-v2\src\main\java\com\gestionpaiements\app\controller\MainViewController.java. Using fallback presentation compiler.
2026.08.26 20:13:41 INFO  no build target found for C:\Users\PC\gest-paiement\gestion-paiements-v2\src\main\java\com\gestionpaiements\app\controller\MainViewController.java. Using fallback presentation compiler.
2026.08.26 20:13:41 INFO  no build target found for C:\Users\PC\gest-paiement\gestion-paiements-v2\src\main\java\com\gestionpaiements\app\controller\MainViewController.java. Using fallback presentation compiler.
2026.08.26 20:13:41 INFO  no build target found for C:\Users\PC\gest-paiement\gestion-paiements-v2\src\main\java\com\gestionpaiements\app\controller\MainViewController.java. Using fallback presentation compiler.
2026.08.26 20:13:41 INFO  no build target found for C:\Users\PC\gest-paiement\gestion-paiements-v2\src\main\java\com\gestionpaiements\app\controller\MainViewController.java. Using fallback presentation compiler.
2026.08.26 20:13:41 INFO  no build target found for C:\Users\PC\gest-paiement\gestion-paiements-v2\src\main\java\com\gestionpaiements\app\controller\MainViewController.java. Using fallback presentation compiler.
2026.08.26 20:13:42 INFO  no build target found for C:\Users\PC\gest-paiement\gestion-paiements-v2\src\main\java\com\gestionpaiements\app\controller\MainViewController.java. Using fallback presentation compiler.
2026.08.26 20:13:42 INFO  no build target found for C:\Users\PC\gest-paiement\gestion-paiements-v2\src\main\java\com\gestionpaiements\app\controller\MainViewController.java. Using fallback presentation compiler.
2026.08.26 20:13:42 INFO  no build target found for C:\Users\PC\gest-paiement\gestion-paiements-v2\src\main\java\com\gestionpaiements\app\controller\MainViewController.java. Using fallback presentation compiler.
2026.08.26 20:13:43 INFO  no build target found for C:\Users\PC\gest-paiement\gestion-paiements-v2\src\main\java\com\gestionpaiements\app\controller\MainViewController.java. Using fallback presentation compiler.
2026.08.26 20:13:42 INFO  no build target found for C:\Users\PC\gest-paiement\gestion-paiements-v2\src\main\java\com\gestionpaiements\app\controller\MainViewController.java. Using fallback presentation compiler.
2026.08.26 20:13:46 INFO  no build target found for C:\Users\PC\gest-paiement\gestion-paiements-v2\src\main\java\com\gestionpaiements\app\controller\MainViewController.java. Using fallback presentation compiler.
2026.08.26 20:13:48 INFO  no build target found for C:\Users\PC\gest-paiement\gestion-paiements-v2\src\main\java\com\gestionpaiements\app\controller\MainViewController.java. Using fallback presentation compiler.
2026.08.26 20:13:48 WARN  no build target for: C:\Users\PC\gest-paiement\gestion-paiements-v2\src\main\java\com\gestionpaiements\app\controller\MainViewController.java
2026.08.26 20:13:48 INFO  no build target found for C:\Users\PC\gest-paiement\gestion-paiements-v2\src\main\java\com\gestionpaiements\app\controller\MainViewController.java. Using fallback presentation compiler.
2026.08.26 20:13:49 INFO  no build target found for C:\Users\PC\gest-paiement\gestion-paiements-v2\src\main\java\com\gestionpaiements\app\controller\MainViewController.java. Using fallback presentation compiler.
2026.08.26 20:14:25 INFO  no build target found for C:\Users\PC\gest-paiement\gestion-paiements-v2\src\main\java\com\gestionpaiements\app\controller\MainViewController.java. Using fallback presentation compiler.
2026.08.26 20:14:25 INFO  no build target found for C:\Users\PC\gest-paiement\gestion-paiements-v2\src\main\java\com\gestionpaiements\app\controller\MainViewController.java. Using fallback presentation compiler.
2026.08.26 20:14:26 INFO  no build target found for C:\Users\PC\gest-paiement\gestion-paiements-v2\src\main\java\com\gestionpaiements\app\controller\MainViewController.java. Using fallback presentation compiler.
2026.08.26 20:14:26 INFO  no build target found for C:\Users\PC\gest-paiement\gestion-paiements-v2\src\main\java\com\gestionpaiements\app\controller\MainViewController.java. Using fallback presentation compiler.
2026.08.26 20:14:26 INFO  no build target found for C:\Users\PC\gest-paiement\gestion-paiements-v2\src\main\java\com\gestionpaiements\app\controller\MainViewController.java. Using fallback presentation compiler.
2026.08.26 20:14:27 INFO  no build target found for C:\Users\PC\gest-paiement\gestion-paiements-v2\src\main\java\com\gestionpaiements\app\controller\MainViewController.java. Using fallback presentation compiler.
2026.08.26 20:14:27 INFO  no build target found for C:\Users\PC\gest-paiement\gestion-paiements-v2\src\main\java\com\gestionpaiements\app\controller\MainViewController.java. Using fallback presentation compiler.
2026.08.26 20:14:30 INFO  no build target found for C:\Users\PC\gest-paiement\gestion-paiements-v2\src\main\java\com\gestionpaiements\app\controller\MainViewController.java. Using fallback presentation compiler.
2026.08.26 20:14:30 INFO  no build target found for C:\Users\PC\gest-paiement\gestion-paiements-v2\src\main\java\com\gestionpaiements\app\controller\MainViewController.java. Using fallback presentation compiler.
2026.08.26 20:14:30 INFO  no build target found for C:\Users\PC\gest-paiement\gestion-paiements-v2\src\main\java\com\gestionpaiements\app\controller\MainViewController.java. Using fallback presentation compiler.
2026.08.26 20:14:30 INFO  no build target found for C:\Users\PC\gest-paiement\gestion-paiements-v2\src\main\java\com\gestionpaiements\app\controller\MainViewController.java. Using fallback presentation compiler.
2026.08.26 20:14:30 INFO  no build target found for C:\Users\PC\gest-paiement\gestion-paiements-v2\src\main\java\com\gestionpaiements\app\controller\MainViewController.java. Using fallback presentation compiler.
2026.08.26 20:14:32 INFO  no build target found for C:\Users\PC\gest-paiement\gestion-paiements-v2\src\main\java\com\gestionpaiements\app\controller\MainViewController.java. Using fallback presentation compiler.
2026.08.26 20:14:32 INFO  no build target found for C:\Users\PC\gest-paiement\gestion-paiements-v2\src\main\java\com\gestionpaiements\app\controller\MainViewController.java. Using fallback presentation compiler.
2026.08.26 20:14:32 INFO  no build target found for C:\Users\PC\gest-paiement\gestion-paiements-v2\src\main\java\com\gestionpaiements\app\controller\MainViewController.java. Using fallback presentation compiler.
2026.08.26 20:14:34 INFO  no build target found for C:\Users\PC\gest-paiement\gestion-paiements-v2\src\main\java\com\gestionpaiements\app\controller\MainViewController.java. Using fallback presentation compiler.
2026.08.26 20:14:34 INFO  no build target found for C:\Users\PC\gest-paiement\gestion-paiements-v2\src\main\java\com\gestionpaiements\app\controller\MainViewController.java. Using fallback presentation compiler.
2026.08.26 20:14:34 INFO  no build target found for C:\Users\PC\gest-paiement\gestion-paiements-v2\src\main\java\com\gestionpaiements\app\controller\MainViewController.java. Using fallback presentation compiler.
2026.08.26 20:14:34 INFO  no build target found for C:\Users\PC\gest-paiement\gestion-paiements-v2\src\main\java\com\gestionpaiements\app\controller\MainViewController.java. Using fallback presentation compiler.
2026.08.26 20:14:35 INFO  no build target found for C:\Users\PC\gest-paiement\gestion-paiements-v2\src\main\java\com\gestionpaiements\app\controller\MainViewController.java. Using fallback presentation compiler.
2026.08.26 20:14:35 INFO  no build target found for C:\Users\PC\gest-paiement\gestion-paiements-v2\src\main\java\com\gestionpaiements\app\controller\MainViewController.java. Using fallback presentation compiler.
2026.08.26 20:14:36 WARN  no build target for: C:\Users\PC\gest-paiement\gestion-paiements-v2\src\main\java\com\gestionpaiements\app\controller\MainViewController.java
2026.08.26 20:14:36 INFO  no build target found for C:\Users\PC\gest-paiement\gestion-paiements-v2\src\main\java\com\gestionpaiements\app\controller\MainViewController.java. Using fallback presentation compiler.
2026.08.26 20:18:57 INFO  no build target found for C:\Users\PC\gest-paiement\gestion-paiements-v2\src\main\java\com\gestionpaiements\app\controller\MainViewController.java. Using fallback presentation compiler.
2026.08.26 20:18:57 WARN  no build target for: C:\Users\PC\gest-paiement\gestion-paiements-v2\src\main\java\com\gestionpaiements\app\controller\MainViewController.java
2026.08.26 20:18:57 INFO  no build target found for C:\Users\PC\gest-paiement\gestion-paiements-v2\src\main\java\com\gestionpaiements\app\controller\MainViewController.java. Using fallback presentation compiler.
2026.08.26 20:18:57 INFO  no build target found for C:\Users\PC\gest-paiement\gestion-paiements-v2\src\main\java\com\gestionpaiements\app\controller\MainViewController.java. Using fallback presentation compiler.
2026.08.26 20:18:57 INFO  no build target found for C:\Users\PC\gest-paiement\gestion-paiements-v2\src\main\java\com\gestionpaiements\app\controller\MainViewController.java. Using fallback presentation compiler.
2026.08.26 20:19:09 INFO  no build target found for C:\Users\PC\gest-paiement\gestion-paiements-v2\src\main\java\com\gestionpaiements\app\controller\MainViewController.java. Using fallback presentation compiler.
2026.08.26 20:19:09 INFO  no build target found for C:\Users\PC\gest-paiement\gestion-paiements-v2\src\main\java\com\gestionpaiements\app\controller\MainViewController.java. Using fallback presentation compiler.
2026.08.26 20:19:10 INFO  no build target found for C:\Users\PC\gest-paiement\gestion-paiements-v2\src\main\java\com\gestionpaiements\app\controller\MainViewController.java. Using fallback presentation compiler.
2026.08.26 20:19:10 INFO  no build target found for C:\Users\PC\gest-paiement\gestion-paiements-v2\src\main\java\com\gestionpaiements\app\controller\MainViewController.java. Using fallback presentation compiler.
2026.08.26 20:19:11 INFO  no build target found for C:\Users\PC\gest-paiement\gestion-paiements-v2\src\main\java\com\gestionpaiements\app\controller\MainViewController.java. Using fallback presentation compiler.
2026.08.26 20:19:11 INFO  no build target found for C:\Users\PC\gest-paiement\gestion-paiements-v2\src\main\java\com\gestionpaiements\app\controller\MainViewController.java. Using fallback presentation compiler.
2026.08.26 20:19:11 INFO  no build target found for C:\Users\PC\gest-paiement\gestion-paiements-v2\src\main\java\com\gestionpaiements\app\controller\MainViewController.java. Using fallback presentation compiler.
2026.08.26 20:19:11 INFO  no build target found for C:\Users\PC\gest-paiement\gestion-paiements-v2\src\main\java\com\gestionpaiements\app\controller\MainViewController.java. Using fallback presentation compiler.
2026.08.26 20:19:11 INFO  no build target found for C:\Users\PC\gest-paiement\gestion-paiements-v2\src\main\java\com\gestionpaiements\app\controller\MainViewController.java. Using fallback presentation compiler.
2026.08.26 20:19:13 INFO  no build target found for C:\Users\PC\gest-paiement\gestion-paiements-v2\src\main\java\com\gestionpaiements\app\controller\MainViewController.java. Using fallback presentation compiler.
2026.08.26 20:19:13 INFO  no build target found for C:\Users\PC\gest-paiement\gestion-paiements-v2\src\main\java\com\gestionpaiements\app\controller\MainViewController.java. Using fallback presentation compiler.
2026.08.26 20:19:13 INFO  no build target found for C:\Users\PC\gest-paiement\gestion-paiements-v2\src\main\java\com\gestionpaiements\app\controller\MainViewController.java. Using fallback presentation compiler.
2026.08.26 20:19:14 INFO  no build target found for C:\Users\PC\gest-paiement\gestion-paiements-v2\src\main\java\com\gestionpaiements\app\controller\MainViewController.java. Using fallback presentation compiler.
2026.08.26 20:19:14 INFO  no build target found for C:\Users\PC\gest-paiement\gestion-paiements-v2\src\main\java\com\gestionpaiements\app\controller\MainViewController.java. Using fallback presentation compiler.
2026.08.26 20:19:14 INFO  no build target found for C:\Users\PC\gest-paiement\gestion-paiements-v2\src\main\java\com\gestionpaiements\app\controller\MainViewController.java. Using fallback presentation compiler.
2026.08.26 20:19:14 INFO  no build target found for C:\Users\PC\gest-paiement\gestion-paiements-v2\src\main\java\com\gestionpaiements\app\controller\MainViewController.java. Using fallback presentation compiler.
2026.08.26 20:19:27 INFO  no build target found for C:\Users\PC\gest-paiement\gestion-paiements-v2\src\main\java\com\gestionpaiements\app\controller\MainViewController.java. Using fallback presentation compiler.
2026.08.26 20:19:27 INFO  no build target found for C:\Users\PC\gest-paiement\gestion-paiements-v2\src\main\java\com\gestionpaiements\app\controller\MainViewController.java. Using fallback presentation compiler.
2026.08.26 20:19:27 INFO  no build target found for C:\Users\PC\gest-paiement\gestion-paiements-v2\src\main\java\com\gestionpaiements\app\controller\MainViewController.java. Using fallback presentation compiler.
2026.08.26 20:19:28 INFO  no build target found for C:\Users\PC\gest-paiement\gestion-paiements-v2\src\main\java\com\gestionpaiements\app\controller\MainViewController.java. Using fallback presentation compiler.
2026.08.26 20:19:28 INFO  no build target found for C:\Users\PC\gest-paiement\gestion-paiements-v2\src\main\java\com\gestionpaiements\app\controller\MainViewController.java. Using fallback presentation compiler.
2026.08.26 20:19:28 INFO  no build target found for C:\Users\PC\gest-paiement\gestion-paiements-v2\src\main\java\com\gestionpaiements\app\controller\MainViewController.java. Using fallback presentation compiler.
2026.08.26 20:19:28 INFO  no build target found for C:\Users\PC\gest-paiement\gestion-paiements-v2\src\main\java\com\gestionpaiements\app\controller\MainViewController.java. Using fallback presentation compiler.
2026.08.26 20:19:31 INFO  no build target found for C:\Users\PC\gest-paiement\gestion-paiements-v2\src\main\java\com\gestionpaiements\app\controller\MainViewController.java. Using fallback presentation compiler.
2026.08.26 20:19:31 INFO  no build target found for C:\Users\PC\gest-paiement\gestion-paiements-v2\src\main\java\com\gestionpaiements\app\controller\MainViewController.java. Using fallback presentation compiler.
2026.08.26 20:19:31 INFO  no build target found for C:\Users\PC\gest-paiement\gestion-paiements-v2\src\main\java\com\gestionpaiements\app\controller\MainViewController.java. Using fallback presentation compiler.
2026.08.26 20:19:31 INFO  no build target found for C:\Users\PC\gest-paiement\gestion-paiements-v2\src\main\java\com\gestionpaiements\app\controller\MainViewController.java. Using fallback presentation compiler.
2026.08.26 20:19:31 INFO  no build target found for C:\Users\PC\gest-paiement\gestion-paiements-v2\src\main\java\com\gestionpaiements\app\controller\MainViewController.java. Using fallback presentation compiler.
2026.08.26 20:19:32 INFO  no build target found for C:\Users\PC\gest-paiement\gestion-paiements-v2\src\main\java\com\gestionpaiements\app\controller\MainViewController.java. Using fallback presentation compiler.
2026.08.26 20:19:32 INFO  no build target found for C:\Users\PC\gest-paiement\gestion-paiements-v2\src\main\java\com\gestionpaiements\app\controller\MainViewController.java. Using fallback presentation compiler.
2026.08.26 20:19:32 INFO  no build target found for C:\Users\PC\gest-paiement\gestion-paiements-v2\src\main\java\com\gestionpaiements\app\controller\MainViewController.java. Using fallback presentation compiler.
2026.08.26 20:19:32 INFO  no build target found for C:\Users\PC\gest-paiement\gestion-paiements-v2\src\main\java\com\gestionpaiements\app\controller\MainViewController.java. Using fallback presentation compiler.
2026.08.26 20:19:34 INFO  no build target found for C:\Users\PC\gest-paiement\gestion-paiements-v2\src\main\java\com\gestionpaiements\app\controller\MainViewController.java. Using fallback presentation compiler.
2026.08.26 20:19:34 INFO  no build target found for C:\Users\PC\gest-paiement\gestion-paiements-v2\src\main\java\com\gestionpaiements\app\controller\MainViewController.java. Using fallback presentation compiler.
2026.08.26 20:19:34 INFO  no build target found for C:\Users\PC\gest-paiement\gestion-paiements-v2\src\main\java\com\gestionpaiements\app\controller\MainViewController.java. Using fallback presentation compiler.
2026.08.26 20:19:35 INFO  no build target found for C:\Users\PC\gest-paiement\gestion-paiements-v2\src\main\java\com\gestionpaiements\app\controller\MainViewController.java. Using fallback presentation compiler.
2026.08.26 20:19:35 INFO  no build target found for C:\Users\PC\gest-paiement\gestion-paiements-v2\src\main\java\com\gestionpaiements\app\controller\MainViewController.java. Using fallback presentation compiler.
2026.08.26 20:19:39 INFO  no build target found for C:\Users\PC\gest-paiement\gestion-paiements-v2\src\main\java\com\gestionpaiements\app\controller\MainViewController.java. Using fallback presentation compiler.
2026.08.26 20:19:39 INFO  no build target found for C:\Users\PC\gest-paiement\gestion-paiements-v2\src\main\java\com\gestionpaiements\app\controller\MainViewController.java. Using fallback presentation compiler.
2026.08.26 20:19:39 INFO  no build target found for C:\Users\PC\gest-paiement\gestion-paiements-v2\src\main\java\com\gestionpaiements\app\controller\MainViewController.java. Using fallback presentation compiler.
2026.08.26 20:19:40 INFO  no build target found for C:\Users\PC\gest-paiement\gestion-paiements-v2\src\main\java\com\gestionpaiements\app\controller\MainViewController.java. Using fallback presentation compiler.
2026.08.26 20:19:42 INFO  no build target found for C:\Users\PC\gest-paiement\gestion-paiements-v2\src\main\java\com\gestionpaiements\app\controller\MainViewController.java. Using fallback presentation compiler.
2026.08.26 20:19:44 INFO  no build target found for C:\Users\PC\gest-paiement\gestion-paiements-v2\src\main\java\com\gestionpaiements\app\controller\MainViewController.java. Using fallback presentation compiler.
2026.08.26 20:19:45 WARN  no build target for: C:\Users\PC\gest-paiement\gestion-paiements-v2\src\main\java\com\gestionpaiements\app\controller\MainViewController.java
2026.08.26 20:19:45 INFO  no build target found for C:\Users\PC\gest-paiement\gestion-paiements-v2\src\main\java\com\gestionpaiements\app\controller\MainViewController.java. Using fallback presentation compiler.
2026.08.26 20:19:46 INFO  no build target found for C:\Users\PC\gest-paiement\gestion-paiements-v2\src\main\java\com\gestionpaiements\app\controller\MainViewController.java. Using fallback presentation compiler.
2026.08.26 20:19:53 INFO  no build target found for C:\Users\PC\gest-paiement\gestion-paiements-v2\src\main\java\com\gestionpaiements\app\controller\MainViewController.java. Using fallback presentation compiler.
2026.08.26 20:19:53 INFO  no build target found for C:\Users\PC\gest-paiement\gestion-paiements-v2\src\main\java\com\gestionpaiements\app\controller\MainViewController.java. Using fallback presentation compiler.
2026.08.26 20:19:53 INFO  no build target found for C:\Users\PC\gest-paiement\gestion-paiements-v2\src\main\java\com\gestionpaiements\app\controller\MainViewController.java. Using fallback presentation compiler.
2026.08.26 20:19:53 INFO  no build target found for C:\Users\PC\gest-paiement\gestion-paiements-v2\src\main\java\com\gestionpaiements\app\controller\MainViewController.java. Using fallback presentation compiler.
2026.08.26 20:19:53 INFO  no build target found for C:\Users\PC\gest-paiement\gestion-paiements-v2\src\main\java\com\gestionpaiements\app\controller\MainViewController.java. Using fallback presentation compiler.
2026.08.26 20:19:54 INFO  no build target found for C:\Users\PC\gest-paiement\gestion-paiements-v2\src\main\java\com\gestionpaiements\app\controller\MainViewController.java. Using fallback presentation compiler.
2026.08.26 20:19:54 INFO  no build target found for C:\Users\PC\gest-paiement\gestion-paiements-v2\src\main\java\com\gestionpaiements\app\controller\MainViewController.java. Using fallback presentation compiler.
2026.08.26 20:19:54 INFO  no build target found for C:\Users\PC\gest-paiement\gestion-paiements-v2\src\main\java\com\gestionpaiements\app\controller\MainViewController.java. Using fallback presentation compiler.
2026.08.26 20:19:54 INFO  no build target found for C:\Users\PC\gest-paiement\gestion-paiements-v2\src\main\java\com\gestionpaiements\app\controller\MainViewController.java. Using fallback presentation compiler.
2026.08.26 20:19:54 INFO  no build target found for C:\Users\PC\gest-paiement\gestion-paiements-v2\src\main\java\com\gestionpaiements\app\controller\MainViewController.java. Using fallback presentation compiler.
2026.08.26 20:19:55 INFO  no build target found for C:\Users\PC\gest-paiement\gestion-paiements-v2\src\main\java\com\gestionpaiements\app\controller\MainViewController.java. Using fallback presentation compiler.
2026.08.26 20:19:55 INFO  no build target found for C:\Users\PC\gest-paiement\gestion-paiements-v2\src\main\java\com\gestionpaiements\app\controller\MainViewController.java. Using fallback presentation compiler.
2026.08.26 20:19:55 INFO  no build target found for C:\Users\PC\gest-paiement\gestion-paiements-v2\src\main\java\com\gestionpaiements\app\controller\MainViewController.java. Using fallback presentation compiler.
2026.08.26 20:19:55 INFO  no build target found for C:\Users\PC\gest-paiement\gestion-paiements-v2\src\main\java\com\gestionpaiements\app\controller\MainViewController.java. Using fallback presentation compiler.
2026.08.26 20:19:57 WARN  no build target for: C:\Users\PC\gest-paiement\gestion-paiements-v2\src\main\java\com\gestionpaiements\app\controller\MainViewController.java
2026.08.26 20:19:57 INFO  no build target found for C:\Users\PC\gest-paiement\gestion-paiements-v2\src\main\java\com\gestionpaiements\app\controller\MainViewController.java. Using fallback presentation compiler.
2026.08.26 20:20:04 INFO  no build target found for C:\Users\PC\gest-paiement\gestion-paiements-v2\src\main\java\com\gestionpaiements\app\controller\MainViewController.java. Using fallback presentation compiler.
2026.08.26 20:20:33 INFO  no build target found for C:\Users\PC\gest-paiement\gestion-paiements-v2\src\main\java\com\gestionpaiements\app\controller\MainViewController.java. Using fallback presentation compiler.
2026.08.26 20:20:37 INFO  no build target found for C:\Users\PC\gest-paiement\gestion-paiements-v2\src\main\java\com\gestionpaiements\app\controller\MainViewController.java. Using fallback presentation compiler.
2026.08.26 20:20:37 INFO  no build target found for C:\Users\PC\gest-paiement\gestion-paiements-v2\src\main\java\com\gestionpaiements\app\controller\MainViewController.java. Using fallback presentation compiler.
2026.08.26 20:20:37 INFO  no build target found for C:\Users\PC\gest-paiement\gestion-paiements-v2\src\main\java\com\gestionpaiements\app\controller\MainViewController.java. Using fallback presentation compiler.
2026.08.26 20:20:37 INFO  no build target found for C:\Users\PC\gest-paiement\gestion-paiements-v2\src\main\java\com\gestionpaiements\app\controller\MainViewController.java. Using fallback presentation compiler.
2026.08.26 20:20:39 INFO  no build target found for C:\Users\PC\gest-paiement\gestion-paiements-v2\src\main\java\com\gestionpaiements\app\controller\MainViewController.java. Using fallback presentation compiler.
2026.08.26 20:20:39 INFO  no build target found for C:\Users\PC\gest-paiement\gestion-paiements-v2\src\main\java\com\gestionpaiements\app\controller\MainViewController.java. Using fallback presentation compiler.
2026.08.26 20:20:39 INFO  no build target found for C:\Users\PC\gest-paiement\gestion-paiements-v2\src\main\java\com\gestionpaiements\app\controller\MainViewController.java. Using fallback presentation compiler.
2026.08.26 20:20:39 INFO  no build target found for C:\Users\PC\gest-paiement\gestion-paiements-v2\src\main\java\com\gestionpaiements\app\controller\MainViewController.java. Using fallback presentation compiler.
2026.08.26 20:20:40 INFO  no build target found for C:\Users\PC\gest-paiement\gestion-paiements-v2\src\main\java\com\gestionpaiements\app\controller\MainViewController.java. Using fallback presentation compiler.
2026.08.26 20:20:41 INFO  no build target found for C:\Users\PC\gest-paiement\gestion-paiements-v2\src\main\java\com\gestionpaiements\app\controller\MainViewController.java. Using fallback presentation compiler.
2026.08.26 20:20:41 INFO  no build target found for C:\Users\PC\gest-paiement\gestion-paiements-v2\src\main\java\com\gestionpaiements\app\controller\MainViewController.java. Using fallback presentation compiler.
2026.08.26 20:20:43 INFO  no build target found for C:\Users\PC\gest-paiement\gestion-paiements-v2\src\main\java\com\gestionpaiements\app\controller\MainViewController.java. Using fallback presentation compiler.
2026.08.26 20:20:43 INFO  no build target found for C:\Users\PC\gest-paiement\gestion-paiements-v2\src\main\java\com\gestionpaiements\app\controller\MainViewController.java. Using fallback presentation compiler.
2026.08.26 20:20:43 INFO  no build target found for C:\Users\PC\gest-paiement\gestion-paiements-v2\src\main\java\com\gestionpaiements\app\controller\MainViewController.java. Using fallback presentation compiler.
2026.08.26 20:20:44 INFO  no build target found for C:\Users\PC\gest-paiement\gestion-paiements-v2\src\main\java\com\gestionpaiements\app\controller\MainViewController.java. Using fallback presentation compiler.
2026.08.26 20:20:44 INFO  no build target found for C:\Users\PC\gest-paiement\gestion-paiements-v2\src\main\java\com\gestionpaiements\app\controller\MainViewController.java. Using fallback presentation compiler.
2026.08.26 20:20:45 INFO  no build target found for C:\Users\PC\gest-paiement\gestion-paiements-v2\src\main\java\com\gestionpaiements\app\controller\MainViewController.java. Using fallback presentation compiler.
2026.08.26 20:20:45 INFO  no build target found for C:\Users\PC\gest-paiement\gestion-paiements-v2\src\main\java\com\gestionpaiements\app\controller\MainViewController.java. Using fallback presentation compiler.
2026.08.26 20:20:45 WARN  no build target for: C:\Users\PC\gest-paiement\gestion-paiements-v2\src\main\java\com\gestionpaiements\app\controller\MainViewController.java
2026.08.26 20:20:45 INFO  no build target found for C:\Users\PC\gest-paiement\gestion-paiements-v2\src\main\java\com\gestionpaiements\app\controller\MainViewController.java. Using fallback presentation compiler.
2026.08.26 20:21:46 INFO  no build target found for C:\Users\PC\gest-paiement\gestion-paiements-v2\src\main\java\com\gestionpaiements\app\service\ExcelFileManagerService.java. Using fallback presentation compiler.
2026.08.26 20:21:46 WARN  no build target for: C:\Users\PC\gest-paiement\gestion-paiements-v2\src\main\java\com\gestionpaiements\app\service\ExcelFileManagerService.java
2026.08.26 20:21:46 INFO  no build target found for C:\Users\PC\gest-paiement\gestion-paiements-v2\src\main\java\com\gestionpaiements\app\service\ExcelFileManagerService.java. Using fallback presentation compiler.
2026.08.26 20:21:46 INFO  no build target found for C:\Users\PC\gest-paiement\gestion-paiements-v2\src\main\java\com\gestionpaiements\app\controller\MainViewController.java. Using fallback presentation compiler.
2026.08.26 20:21:51 INFO  no build target found for C:\Users\PC\gest-paiement\gestion-paiements-v2\src\main\java\com\gestionpaiements\app\service\ExcelFileManagerService.java. Using fallback presentation compiler.
2026.08.26 20:21:51 INFO  no build target found for C:\Users\PC\gest-paiement\gestion-paiements-v2\src\main\java\com\gestionpaiements\app\service\ExcelFileManagerService.java. Using fallback presentation compiler.
2026.08.26 20:21:51 INFO  no build target found for C:\Users\PC\gest-paiement\gestion-paiements-v2\src\main\java\com\gestionpaiements\app\service\ExcelFileManagerService.java. Using fallback presentation compiler.
2026.08.26 20:21:51 INFO  no build target found for C:\Users\PC\gest-paiement\gestion-paiements-v2\src\main\java\com\gestionpaiements\app\service\ExcelFileManagerService.java. Using fallback presentation compiler.
2026.08.26 20:21:52 INFO  no build target found for C:\Users\PC\gest-paiement\gestion-paiements-v2\src\main\java\com\gestionpaiements\app\service\ExcelFileManagerService.java. Using fallback presentation compiler.
2026.08.26 20:21:52 INFO  no build target found for C:\Users\PC\gest-paiement\gestion-paiements-v2\src\main\java\com\gestionpaiements\app\service\ExcelFileManagerService.java. Using fallback presentation compiler.
2026.08.26 20:21:52 INFO  no build target found for C:\Users\PC\gest-paiement\gestion-paiements-v2\src\main\java\com\gestionpaiements\app\service\ExcelFileManagerService.java. Using fallback presentation compiler.
2026.08.26 20:21:53 INFO  no build target found for C:\Users\PC\gest-paiement\gestion-paiements-v2\src\main\java\com\gestionpaiements\app\service\ExcelFileManagerService.java. Using fallback presentation compiler.
2026.08.26 20:21:53 INFO  no build target found for C:\Users\PC\gest-paiement\gestion-paiements-v2\src\main\java\com\gestionpaiements\app\service\ExcelFileManagerService.java. Using fallback presentation compiler.
2026.08.26 20:21:54 INFO  no build target found for C:\Users\PC\gest-paiement\gestion-paiements-v2\src\main\java\com\gestionpaiements\app\service\ExcelFileManagerService.java. Using fallback presentation compiler.
2026.08.26 20:21:54 INFO  no build target found for C:\Users\PC\gest-paiement\gestion-paiements-v2\src\main\java\com\gestionpaiements\app\service\ExcelFileManagerService.java. Using fallback presentation compiler.
2026.08.26 20:21:54 INFO  no build target found for C:\Users\PC\gest-paiement\gestion-paiements-v2\src\main\java\com\gestionpaiements\app\service\ExcelFileManagerService.java. Using fallback presentation compiler.
2026.08.26 20:21:56 INFO  no build target found for C:\Users\PC\gest-paiement\gestion-paiements-v2\src\main\java\com\gestionpaiements\app\service\ExcelFileManagerService.java. Using fallback presentation compiler.
2026.08.26 20:21:56 INFO  no build target found for C:\Users\PC\gest-paiement\gestion-paiements-v2\src\main\java\com\gestionpaiements\app\service\ExcelFileManagerService.java. Using fallback presentation compiler.
2026.08.26 20:21:56 WARN  no build target for: C:\Users\PC\gest-paiement\gestion-paiements-v2\src\main\java\com\gestionpaiements\app\service\ExcelFileManagerService.java
2026.08.26 20:21:56 INFO  no build target found for C:\Users\PC\gest-paiement\gestion-paiements-v2\src\main\java\com\gestionpaiements\app\service\ExcelFileManagerService.java. Using fallback presentation compiler.
2026.08.26 20:21:56 INFO  no build target found for C:\Users\PC\gest-paiement\gestion-paiements-v2\src\main\java\com\gestionpaiements\app\controller\MainViewController.java. Using fallback presentation compiler.
2026.08.26 20:22:51 INFO  no build target found for C:\Users\PC\gest-paiement\gestion-paiements-v2\src\main\java\com\gestionpaiements\app\controller\ArchivesController.java. Using fallback presentation compiler.
2026.08.26 20:22:51 INFO  no build target found for C:\Users\PC\gest-paiement\gestion-paiements-v2\src\main\java\com\gestionpaiements\app\controller\ArchivesController.java. Using fallback presentation compiler.
2026.08.26 20:22:51 INFO  no build target found for C:\Users\PC\gest-paiement\gestion-paiements-v2\src\main\java\com\gestionpaiements\app\controller\ArchivesController.java. Using fallback presentation compiler.
2026.08.26 20:22:51 INFO  no build target found for C:\Users\PC\gest-paiement\gestion-paiements-v2\src\main\java\com\gestionpaiements\app\controller\ArchivesController.java. Using fallback presentation compiler.
2026.08.26 20:22:51 INFO  no build target found for C:\Users\PC\gest-paiement\gestion-paiements-v2\src\main\java\com\gestionpaiements\app\controller\ArchivesController.java. Using fallback presentation compiler.
2026.08.26 20:22:57 INFO  no build target found for C:\Users\PC\gest-paiement\gestion-paiements-v2\src\main\java\com\gestionpaiements\app\controller\ArchivesController.java. Using fallback presentation compiler.
2026.08.26 20:22:57 INFO  no build target found for C:\Users\PC\gest-paiement\gestion-paiements-v2\src\main\java\com\gestionpaiements\app\controller\ArchivesController.java. Using fallback presentation compiler.
2026.08.26 20:22:57 INFO  no build target found for C:\Users\PC\gest-paiement\gestion-paiements-v2\src\main\java\com\gestionpaiements\app\controller\ArchivesController.java. Using fallback presentation compiler.
2026.08.26 20:22:57 INFO  no build target found for C:\Users\PC\gest-paiement\gestion-paiements-v2\src\main\java\com\gestionpaiements\app\controller\ArchivesController.java. Using fallback presentation compiler.
2026.08.26 20:22:58 INFO  no build target found for C:\Users\PC\gest-paiement\gestion-paiements-v2\src\main\java\com\gestionpaiements\app\controller\ArchivesController.java. Using fallback presentation compiler.
2026.08.26 20:22:58 INFO  no build target found for C:\Users\PC\gest-paiement\gestion-paiements-v2\src\main\java\com\gestionpaiements\app\controller\ArchivesController.java. Using fallback presentation compiler.
2026.08.26 20:22:59 WARN  no build target for: C:\Users\PC\gest-paiement\gestion-paiements-v2\src\main\java\com\gestionpaiements\app\controller\ArchivesController.java
2026.08.26 20:22:59 INFO  no build target found for C:\Users\PC\gest-paiement\gestion-paiements-v2\src\main\java\com\gestionpaiements\app\controller\MainViewController.java. Using fallback presentation compiler.
2026.08.26 20:22:59 INFO  no build target found for C:\Users\PC\gest-paiement\gestion-paiements-v2\src\main\java\com\gestionpaiements\app\controller\ArchivesController.java. Using fallback presentation compiler.
2026.08.26 20:23:00 INFO  no build target found for C:\Users\PC\gest-paiement\gestion-paiements-v2\src\main\java\com\gestionpaiements\app\controller\MainViewController.java. Using fallback presentation compiler.
2026.08.26 20:23:00 WARN  no build target for: C:\Users\PC\gest-paiement\gestion-paiements-v2\src\main\java\com\gestionpaiements\app\controller\MainViewController.java
2026.08.26 20:23:00 INFO  no build target found for C:\Users\PC\gest-paiement\gestion-paiements-v2\src\main\java\com\gestionpaiements\app\controller\MainViewController.java. Using fallback presentation compiler.
2026.08.26 20:23:00 INFO  no build target found for C:\Users\PC\gest-paiement\gestion-paiements-v2\src\main\java\com\gestionpaiements\app\controller\MainViewController.java. Using fallback presentation compiler.
2026.08.26 20:23:00 INFO  no build target found for C:\Users\PC\gest-paiement\gestion-paiements-v2\src\main\java\com\gestionpaiements\app\controller\MainViewController.java. Using fallback presentation compiler.
2026.08.26 20:23:02 INFO  no build target found for C:\Users\PC\gest-paiement\gestion-paiements-v2\src\main\java\com\gestionpaiements\app\service\ExcelFileManagerService.java. Using fallback presentation compiler.
2026.08.26 20:23:02 INFO  no build target found for C:\Users\PC\gest-paiement\gestion-paiements-v2\src\main\java\com\gestionpaiements\app\service\PdfGenerationService.java. Using fallback presentation compiler.
2026.08.26 20:23:02 INFO  no build target found for C:\Users\PC\gest-paiement\gestion-paiements-v2\src\main\java\com\gestionpaiements\app\controller\PaiementListController.java. Using fallback presentation compiler.
2026.08.26 20:23:02 INFO  no build target found for C:\Users\PC\gest-paiement\gestion-paiements-v2\src\main\java\com\gestionpaiements\app\controller\MainViewController.java. Using fallback presentation compiler.
2026.08.26 20:23:16 INFO  no build target found for C:\Users\PC\gest-paiement\gestion-paiements-v2\src\main\java\com\gestionpaiements\app\controller\MainViewController.java. Using fallback presentation compiler.
2026.08.26 20:23:16 INFO  no build target found for C:\Users\PC\gest-paiement\gestion-paiements-v2\src\main\java\com\gestionpaiements\app\controller\MainViewController.java. Using fallback presentation compiler.
2026.08.26 20:23:16 INFO  no build target found for C:\Users\PC\gest-paiement\gestion-paiements-v2\src\main\java\com\gestionpaiements\app\controller\MainViewController.java. Using fallback presentation compiler.
2026.08.26 20:23:16 INFO  no build target found for C:\Users\PC\gest-paiement\gestion-paiements-v2\src\main\java\com\gestionpaiements\app\controller\MainViewController.java. Using fallback presentation compiler.
2026.08.26 20:23:21 INFO  no build target found for C:\Users\PC\gest-paiement\gestion-paiements-v2\src\main\java\com\gestionpaiements\app\controller\MainViewController.java. Using fallback presentation compiler.
2026.08.26 20:23:21 INFO  no build target found for C:\Users\PC\gest-paiement\gestion-paiements-v2\src\main\java\com\gestionpaiements\app\controller\MainViewController.java. Using fallback presentation compiler.
2026.08.26 20:23:21 INFO  no build target found for C:\Users\PC\gest-paiement\gestion-paiements-v2\src\main\java\com\gestionpaiements\app\controller\MainViewController.java. Using fallback presentation compiler.
2026.08.26 20:23:21 INFO  no build target found for C:\Users\PC\gest-paiement\gestion-paiements-v2\src\main\java\com\gestionpaiements\app\controller\MainViewController.java. Using fallback presentation compiler.
2026.08.26 20:23:23 INFO  no build target found for C:\Users\PC\gest-paiement\gestion-paiements-v2\src\main\java\com\gestionpaiements\app\controller\MainViewController.java. Using fallback presentation compiler.
2026.08.26 20:23:23 INFO  no build target found for C:\Users\PC\gest-paiement\gestion-paiements-v2\src\main\java\com\gestionpaiements\app\controller\MainViewController.java. Using fallback presentation compiler.
2026.08.26 20:23:23 INFO  no build target found for C:\Users\PC\gest-paiement\gestion-paiements-v2\src\main\java\com\gestionpaiements\app\controller\MainViewController.java. Using fallback presentation compiler.
2026.08.26 20:23:23 INFO  no build target found for C:\Users\PC\gest-paiement\gestion-paiements-v2\src\main\java\com\gestionpaiements\app\controller\MainViewController.java. Using fallback presentation compiler.
2026.08.26 20:23:23 INFO  no build target found for C:\Users\PC\gest-paiement\gestion-paiements-v2\src\main\java\com\gestionpaiements\app\controller\MainViewController.java. Using fallback presentation compiler.
2026.08.26 20:23:24 INFO  no build target found for C:\Users\PC\gest-paiement\gestion-paiements-v2\src\main\java\com\gestionpaiements\app\controller\MainViewController.java. Using fallback presentation compiler.
2026.08.26 20:23:25 INFO  no build target found for C:\Users\PC\gest-paiement\gestion-paiements-v2\src\main\java\com\gestionpaiements\app\controller\MainViewController.java. Using fallback presentation compiler.
2026.08.26 20:23:25 INFO  no build target found for C:\Users\PC\gest-paiement\gestion-paiements-v2\src\main\java\com\gestionpaiements\app\controller\MainViewController.java. Using fallback presentation compiler.
2026.08.26 20:23:25 INFO  no build target found for C:\Users\PC\gest-paiement\gestion-paiements-v2\src\main\java\com\gestionpaiements\app\controller\MainViewController.java. Using fallback presentation compiler.
2026.08.26 20:23:26 INFO  no build target found for C:\Users\PC\gest-paiement\gestion-paiements-v2\src\main\java\com\gestionpaiements\app\controller\MainViewController.java. Using fallback presentation compiler.
2026.08.26 20:23:26 INFO  no build target found for C:\Users\PC\gest-paiement\gestion-paiements-v2\src\main\java\com\gestionpaiements\app\controller\MainViewController.java. Using fallback presentation compiler.
2026.08.26 20:23:26 INFO  no build target found for C:\Users\PC\gest-paiement\gestion-paiements-v2\src\main\java\com\gestionpaiements\app\controller\MainViewController.java. Using fallback presentation compiler.
2026.08.26 20:23:26 INFO  no build target found for C:\Users\PC\gest-paiement\gestion-paiements-v2\src\main\java\com\gestionpaiements\app\controller\MainViewController.java. Using fallback presentation compiler.
2026.08.26 20:23:28 INFO  no build target found for C:\Users\PC\gest-paiement\gestion-paiements-v2\src\main\java\com\gestionpaiements\app\controller\MainViewController.java. Using fallback presentation compiler.
2026.08.26 20:23:28 INFO  no build target found for C:\Users\PC\gest-paiement\gestion-paiements-v2\src\main\java\com\gestionpaiements\app\controller\MainViewController.java. Using fallback presentation compiler.
2026.08.26 20:23:28 WARN  no build target for: C:\Users\PC\gest-paiement\gestion-paiements-v2\src\main\java\com\gestionpaiements\app\controller\MainViewController.java
2026.08.26 20:23:28 INFO  no build target found for C:\Users\PC\gest-paiement\gestion-paiements-v2\src\main\java\com\gestionpaiements\app\controller\MainViewController.java. Using fallback presentation compiler.
2026.08.26 20:23:29 INFO  no build target found for C:\Users\PC\gest-paiement\gestion-paiements-v2\src\main\java\com\gestionpaiements\app\controller\MainViewController.java. Using fallback presentation compiler.
2026.08.26 20:25:51 INFO  no build target found for C:\Users\PC\gest-paiement\gestion-paiements-v2\src\main\java\com\gestionpaiements\app\controller\ArchivesController.java. Using fallback presentation compiler.
2026.08.26 20:27:44 INFO  no build target found for C:\Users\PC\gest-paiement\gestion-paiements-v2\src\main\java\com\gestionpaiements\app\service\PaiementService.java. Using fallback presentation compiler.
2026.08.26 20:27:44 INFO  no build target found for C:\Users\PC\gest-paiement\gestion-paiements-v2\src\main\java\com\gestionpaiements\app\service\PaiementService.java. Using fallback presentation compiler.
2026.08.26 20:27:55 INFO  no build target found for C:\Users\PC\gest-paiement\gestion-paiements-v2\src\main\java\com\gestionpaiements\app\service\PaiementService.java. Using fallback presentation compiler.
2026.08.26 20:27:55 INFO  no build target found for C:\Users\PC\gest-paiement\gestion-paiements-v2\src\main\java\com\gestionpaiements\app\service\PaiementService.java. Using fallback presentation compiler.
2026.08.26 20:27:55 INFO  no build target found for C:\Users\PC\gest-paiement\gestion-paiements-v2\src\main\java\com\gestionpaiements\app\service\PaiementService.java. Using fallback presentation compiler.
2026.08.26 20:27:55 INFO  no build target found for C:\Users\PC\gest-paiement\gestion-paiements-v2\src\main\java\com\gestionpaiements\app\service\PaiementService.java. Using fallback presentation compiler.
2026.08.26 20:27:56 INFO  no build target found for C:\Users\PC\gest-paiement\gestion-paiements-v2\src\main\java\com\gestionpaiements\app\service\PaiementService.java. Using fallback presentation compiler.
2026.08.26 20:27:56 INFO  no build target found for C:\Users\PC\gest-paiement\gestion-paiements-v2\src\main\java\com\gestionpaiements\app\service\PaiementService.java. Using fallback presentation compiler.
2026.08.26 20:27:56 INFO  no build target found for C:\Users\PC\gest-paiement\gestion-paiements-v2\src\main\java\com\gestionpaiements\app\service\PaiementService.java. Using fallback presentation compiler.
2026.08.26 20:27:56 INFO  no build target found for C:\Users\PC\gest-paiement\gestion-paiements-v2\src\main\java\com\gestionpaiements\app\service\PaiementService.java. Using fallback presentation compiler.
2026.08.26 20:27:56 INFO  no build target found for C:\Users\PC\gest-paiement\gestion-paiements-v2\src\main\java\com\gestionpaiements\app\service\PaiementService.java. Using fallback presentation compiler.
2026.08.26 20:27:58 INFO  no build target found for C:\Users\PC\gest-paiement\gestion-paiements-v2\src\main\java\com\gestionpaiements\app\service\PaiementService.java. Using fallback presentation compiler.
2026.08.26 20:27:58 INFO  no build target found for C:\Users\PC\gest-paiement\gestion-paiements-v2\src\main\java\com\gestionpaiements\app\service\PaiementService.java. Using fallback presentation compiler.
2026.08.26 20:27:58 INFO  no build target found for C:\Users\PC\gest-paiement\gestion-paiements-v2\src\main\java\com\gestionpaiements\app\service\PaiementService.java. Using fallback presentation compiler.
2026.08.26 20:27:59 INFO  no build target found for C:\Users\PC\gest-paiement\gestion-paiements-v2\src\main\java\com\gestionpaiements\app\service\PaiementService.java. Using fallback presentation compiler.
2026.08.26 20:27:59 INFO  no build target found for C:\Users\PC\gest-paiement\gestion-paiements-v2\src\main\java\com\gestionpaiements\app\service\PaiementService.java. Using fallback presentation compiler.
2026.08.26 20:27:59 INFO  no build target found for C:\Users\PC\gest-paiement\gestion-paiements-v2\src\main\java\com\gestionpaiements\app\service\PaiementService.java. Using fallback presentation compiler.
2026.08.26 20:27:59 INFO  no build target found for C:\Users\PC\gest-paiement\gestion-paiements-v2\src\main\java\com\gestionpaiements\app\service\PaiementService.java. Using fallback presentation compiler.
2026.08.26 20:28:01 INFO  no build target found for C:\Users\PC\gest-paiement\gestion-paiements-v2\src\main\java\com\gestionpaiements\app\service\PaiementService.java. Using fallback presentation compiler.
2026.08.26 20:28:01 INFO  no build target found for C:\Users\PC\gest-paiement\gestion-paiements-v2\src\main\java\com\gestionpaiements\app\service\PaiementService.java. Using fallback presentation compiler.
2026.08.26 20:28:02 WARN  no build target for: C:\Users\PC\gest-paiement\gestion-paiements-v2\src\main\java\com\gestionpaiements\app\service\PaiementService.java
2026.08.26 20:28:02 INFO  no build target found for C:\Users\PC\gest-paiement\gestion-paiements-v2\src\main\java\com\gestionpaiements\app\service\PaiementService.java. Using fallback presentation compiler.
2026.08.26 20:28:03 INFO  no build target found for C:\Users\PC\gest-paiement\gestion-paiements-v2\src\main\java\com\gestionpaiements\app\service\PaiementService.java. Using fallback presentation compiler.
2026.08.26 20:28:16 INFO  no build target found for C:\Users\PC\gest-paiement\gestion-paiements-v2\src\main\java\com\gestionpaiements\app\controller\PaiementListController.java. Using fallback presentation compiler.
2026.08.26 20:28:16 INFO  no build target found for C:\Users\PC\gest-paiement\gestion-paiements-v2\src\main\java\com\gestionpaiements\app\controller\PaiementListController.java. Using fallback presentation compiler.
2026.08.26 20:28:16 INFO  no build target found for C:\Users\PC\gest-paiement\gestion-paiements-v2\src\main\java\com\gestionpaiements\app\controller\PaiementListController.java. Using fallback presentation compiler.
2026.08.26 20:28:16 INFO  no build target found for C:\Users\PC\gest-paiement\gestion-paiements-v2\src\main\java\com\gestionpaiements\app\controller\PaiementListController.java. Using fallback presentation compiler.
2026.08.26 20:28:16 INFO  no build target found for C:\Users\PC\gest-paiement\gestion-paiements-v2\src\main\java\com\gestionpaiements\app\controller\PaiementListController.java. Using fallback presentation compiler.
2026.08.26 20:28:18 INFO  no build target found for C:\Users\PC\gest-paiement\gestion-paiements-v2\src\main\java\com\gestionpaiements\app\controller\PaiementListController.java. Using fallback presentation compiler.
2026.08.26 20:28:18 INFO  no build target found for C:\Users\PC\gest-paiement\gestion-paiements-v2\src\main\java\com\gestionpaiements\app\controller\PaiementListController.java. Using fallback presentation compiler.
2026.08.26 20:28:20 INFO  no build target found for C:\Users\PC\gest-paiement\gestion-paiements-v2\src\main\java\com\gestionpaiements\app\controller\PaiementListController.java. Using fallback presentation compiler.
2026.08.26 20:28:20 INFO  no build target found for C:\Users\PC\gest-paiement\gestion-paiements-v2\src\main\java\com\gestionpaiements\app\controller\PaiementListController.java. Using fallback presentation compiler.
2026.08.26 20:28:22 INFO  no build target found for C:\Users\PC\gest-paiement\gestion-paiements-v2\src\main\java\com\gestionpaiements\app\controller\PaiementListController.java. Using fallback presentation compiler.
2026.08.26 20:28:22 INFO  no build target found for C:\Users\PC\gest-paiement\gestion-paiements-v2\src\main\java\com\gestionpaiements\app\controller\PaiementListController.java. Using fallback presentation compiler.
2026.08.26 20:28:22 INFO  no build target found for C:\Users\PC\gest-paiement\gestion-paiements-v2\src\main\java\com\gestionpaiements\app\controller\PaiementListController.java. Using fallback presentation compiler.
2026.08.26 20:28:22 INFO  no build target found for C:\Users\PC\gest-paiement\gestion-paiements-v2\src\main\java\com\gestionpaiements\app\controller\PaiementListController.java. Using fallback presentation compiler.
2026.08.26 20:28:22 INFO  no build target found for C:\Users\PC\gest-paiement\gestion-paiements-v2\src\main\java\com\gestionpaiements\app\controller\PaiementListController.java. Using fallback presentation compiler.
2026.08.26 20:28:23 INFO  no build target found for C:\Users\PC\gest-paiement\gestion-paiements-v2\src\main\java\com\gestionpaiements\app\controller\PaiementListController.java. Using fallback presentation compiler.
2026.08.26 20:28:23 INFO  no build target found for C:\Users\PC\gest-paiement\gestion-paiements-v2\src\main\java\com\gestionpaiements\app\controller\PaiementListController.java. Using fallback presentation compiler.
2026.08.26 20:28:23 INFO  no build target found for C:\Users\PC\gest-paiement\gestion-paiements-v2\src\main\java\com\gestionpaiements\app\controller\PaiementListController.java. Using fallback presentation compiler.
2026.08.26 20:28:25 WARN  no build target for: C:\Users\PC\gest-paiement\gestion-paiements-v2\src\main\java\com\gestionpaiements\app\controller\PaiementListController.java
2026.08.26 20:28:25 INFO  no build target found for C:\Users\PC\gest-paiement\gestion-paiements-v2\src\main\java\com\gestionpaiements\app\controller\PaiementListController.java. Using fallback presentation compiler.
2026.08.26 20:28:26 INFO  no build target found for C:\Users\PC\gest-paiement\gestion-paiements-v2\src\main\java\com\gestionpaiements\app\controller\PaiementListController.java. Using fallback presentation compiler.
2026.08.26 20:28:26 INFO  no build target found for C:\Users\PC\gest-paiement\gestion-paiements-v2\src\main\java\com\gestionpaiements\app\controller\PaiementListController.java. Using fallback presentation compiler.
2026.08.26 20:28:26 INFO  no build target found for C:\Users\PC\gest-paiement\gestion-paiements-v2\src\main\java\com\gestionpaiements\app\controller\PaiementListController.java. Using fallback presentation compiler.
2026.08.26 20:28:26 INFO  no build target found for C:\Users\PC\gest-paiement\gestion-paiements-v2\src\main\java\com\gestionpaiements\app\controller\PaiementListController.java. Using fallback presentation compiler.
août 26, 2026 8:28:26 PM org.eclipse.lsp4j.jsonrpc.RemoteEndpoint handleCancellation
AVERTISSEMENT: Unmatched cancel notification for request id 1556
2026.08.26 20:28:27 INFO  no build target found for C:\Users\PC\gest-paiement\gestion-paiements-v2\src\main\java\com\gestionpaiements\app\controller\PaiementListController.java. Using fallback presentation compiler.
2026.08.26 20:28:27 INFO  no build target found for C:\Users\PC\gest-paiement\gestion-paiements-v2\src\main\java\com\gestionpaiements\app\controller\PaiementListController.java. Using fallback presentation compiler.
2026.08.26 20:28:38 INFO  no build target found for C:\Users\PC\gest-paiement\gestion-paiements-v2\src\main\java\com\gestionpaiements\app\controller\PaiementListController.java. Using fallback presentation compiler.
2026.08.26 20:28:38 INFO  no build target found for C:\Users\PC\gest-paiement\gestion-paiements-v2\src\main\java\com\gestionpaiements\app\controller\PaiementListController.java. Using fallback presentation compiler.
2026.08.26 20:28:38 INFO  no build target found for C:\Users\PC\gest-paiement\gestion-paiements-v2\src\main\java\com\gestionpaiements\app\controller\PaiementListController.java. Using fallback presentation compiler.
2026.08.26 20:28:46 INFO  no build target found for C:\Users\PC\gest-paiement\gestion-paiements-v2\src\main\java\com\gestionpaiements\app\controller\PaiementListController.java. Using fallback presentation compiler.
2026.08.26 20:29:04 INFO  no build target found for C:\Users\PC\gest-paiement\gestion-paiements-v2\src\main\java\com\gestionpaiements\app\controller\PaiementListController.java. Using fallback presentation compiler.
2026.08.26 20:29:17 INFO  no build target found for C:\Users\PC\gest-paiement\gestion-paiements-v2\src\main\java\com\gestionpaiements\app\controller\PaiementListController.java. Using fallback presentation compiler.
2026.08.26 20:29:17 INFO  no build target found for C:\Users\PC\gest-paiement\gestion-paiements-v2\src\main\java\com\gestionpaiements\app\controller\PaiementListController.java. Using fallback presentation compiler.
2026.08.26 20:29:18 INFO  no build target found for C:\Users\PC\gest-paiement\gestion-paiements-v2\src\main\java\com\gestionpaiements\app\controller\PaiementListController.java. Using fallback presentation compiler.
2026.08.26 20:29:19 INFO  no build target found for C:\Users\PC\gest-paiement\gestion-paiements-v2\src\main\java\com\gestionpaiements\app\controller\PaiementListController.java. Using fallback presentation compiler.
2026.08.26 20:29:19 INFO  no build target found for C:\Users\PC\gest-paiement\gestion-paiements-v2\src\main\java\com\gestionpaiements\app\controller\PaiementListController.java. Using fallback presentation compiler.
2026.08.26 20:29:19 INFO  no build target found for C:\Users\PC\gest-paiement\gestion-paiements-v2\src\main\java\com\gestionpaiements\app\controller\PaiementListController.java. Using fallback presentation compiler.
2026.08.26 20:29:19 INFO  no build target found for C:\Users\PC\gest-paiement\gestion-paiements-v2\src\main\java\com\gestionpaiements\app\controller\PaiementListController.java. Using fallback presentation compiler.
2026.08.26 20:29:20 INFO  no build target found for C:\Users\PC\gest-paiement\gestion-paiements-v2\src\main\java\com\gestionpaiements\app\controller\PaiementListController.java. Using fallback presentation compiler.
2026.08.26 20:29:20 INFO  no build target found for C:\Users\PC\gest-paiement\gestion-paiements-v2\src\main\java\com\gestionpaiements\app\controller\PaiementListController.java. Using fallback presentation compiler.
2026.08.26 20:29:20 INFO  no build target found for C:\Users\PC\gest-paiement\gestion-paiements-v2\src\main\java\com\gestionpaiements\app\controller\PaiementListController.java. Using fallback presentation compiler.
2026.08.26 20:29:21 INFO  no build target found for C:\Users\PC\gest-paiement\gestion-paiements-v2\src\main\java\com\gestionpaiements\app\controller\PaiementListController.java. Using fallback presentation compiler.
2026.08.26 20:29:21 INFO  no build target found for C:\Users\PC\gest-paiement\gestion-paiements-v2\src\main\java\com\gestionpaiements\app\controller\PaiementListController.java. Using fallback presentation compiler.
2026.08.26 20:29:21 INFO  no build target found for C:\Users\PC\gest-paiement\gestion-paiements-v2\src\main\java\com\gestionpaiements\app\controller\PaiementListController.java. Using fallback presentation compiler.
2026.08.26 20:29:21 INFO  no build target found for C:\Users\PC\gest-paiement\gestion-paiements-v2\src\main\java\com\gestionpaiements\app\controller\PaiementListController.java. Using fallback presentation compiler.
2026.08.26 20:29:22 INFO  no build target found for C:\Users\PC\gest-paiement\gestion-paiements-v2\src\main\java\com\gestionpaiements\app\controller\PaiementListController.java. Using fallback presentation compiler.
2026.08.26 20:29:23 INFO  no build target found for C:\Users\PC\gest-paiement\gestion-paiements-v2\src\main\java\com\gestionpaiements\app\controller\PaiementListController.java. Using fallback presentation compiler.
2026.08.26 20:29:23 INFO  no build target found for C:\Users\PC\gest-paiement\gestion-paiements-v2\src\main\java\com\gestionpaiements\app\controller\PaiementListController.java. Using fallback presentation compiler.
2026.08.26 20:29:23 INFO  no build target found for C:\Users\PC\gest-paiement\gestion-paiements-v2\src\main\java\com\gestionpaiements\app\controller\PaiementListController.java. Using fallback presentation compiler.
2026.08.26 20:29:23 INFO  no build target found for C:\Users\PC\gest-paiement\gestion-paiements-v2\src\main\java\com\gestionpaiements\app\controller\PaiementListController.java. Using fallback presentation compiler.
2026.08.26 20:29:25 INFO  no build target found for C:\Users\PC\gest-paiement\gestion-paiements-v2\src\main\java\com\gestionpaiements\app\controller\PaiementListController.java. Using fallback presentation compiler.
2026.08.26 20:29:25 INFO  no build target found for C:\Users\PC\gest-paiement\gestion-paiements-v2\src\main\java\com\gestionpaiements\app\controller\PaiementListController.java. Using fallback presentation compiler.
2026.08.26 20:29:25 INFO  no build target found for C:\Users\PC\gest-paiement\gestion-paiements-v2\src\main\java\com\gestionpaiements\app\controller\PaiementListController.java. Using fallback presentation compiler.
2026.08.26 20:29:26 INFO  no build target found for C:\Users\PC\gest-paiement\gestion-paiements-v2\src\main\java\com\gestionpaiements\app\controller\PaiementListController.java. Using fallback presentation compiler.
2026.08.26 20:29:26 INFO  no build target found for C:\Users\PC\gest-paiement\gestion-paiements-v2\src\main\java\com\gestionpaiements\app\controller\PaiementListController.java. Using fallback presentation compiler.
2026.08.26 20:29:26 INFO  no build target found for C:\Users\PC\gest-paiement\gestion-paiements-v2\src\main\java\com\gestionpaiements\app\controller\PaiementListController.java. Using fallback presentation compiler.
2026.08.26 20:29:26 INFO  no build target found for C:\Users\PC\gest-paiement\gestion-paiements-v2\src\main\java\com\gestionpaiements\app\controller\PaiementListController.java. Using fallback presentation compiler.
2026.08.26 20:29:26 INFO  no build target found for C:\Users\PC\gest-paiement\gestion-paiements-v2\src\main\java\com\gestionpaiements\app\controller\PaiementListController.java. Using fallback presentation compiler.
2026.08.26 20:29:28 INFO  no build target found for C:\Users\PC\gest-paiement\gestion-paiements-v2\src\main\java\com\gestionpaiements\app\controller\PaiementListController.java. Using fallback presentation compiler.
2026.08.26 20:29:28 INFO  no build target found for C:\Users\PC\gest-paiement\gestion-paiements-v2\src\main\java\com\gestionpaiements\app\controller\PaiementListController.java. Using fallback presentation compiler.
2026.08.26 20:29:28 INFO  no build target found for C:\Users\PC\gest-paiement\gestion-paiements-v2\src\main\java\com\gestionpaiements\app\controller\PaiementListController.java. Using fallback presentation compiler.
2026.08.26 20:29:28 INFO  no build target found for C:\Users\PC\gest-paiement\gestion-paiements-v2\src\main\java\com\gestionpaiements\app\controller\PaiementListController.java. Using fallback presentation compiler.
2026.08.26 20:29:28 INFO  no build target found for C:\Users\PC\gest-paiement\gestion-paiements-v2\src\main\java\com\gestionpaiements\app\controller\PaiementListController.java. Using fallback presentation compiler.
2026.08.26 20:29:30 INFO  no build target found for C:\Users\PC\gest-paiement\gestion-paiements-v2\src\main\java\com\gestionpaiements\app\controller\PaiementListController.java. Using fallback presentation compiler.
2026.08.26 20:29:30 INFO  no build target found for C:\Users\PC\gest-paiement\gestion-paiements-v2\src\main\java\com\gestionpaiements\app\controller\PaiementListController.java. Using fallback presentation compiler.
2026.08.26 20:29:30 INFO  no build target found for C:\Users\PC\gest-paiement\gestion-paiements-v2\src\main\java\com\gestionpaiements\app\controller\PaiementListController.java. Using fallback presentation compiler.
2026.08.26 20:29:58 INFO  no build target found for C:\Users\PC\gest-paiement\gestion-paiements-v2\src\main\java\com\gestionpaiements\app\controller\PaiementListController.java. Using fallback presentation compiler.
2026.08.26 20:29:58 INFO  no build target found for C:\Users\PC\gest-paiement\gestion-paiements-v2\src\main\java\com\gestionpaiements\app\controller\PaiementListController.java. Using fallback presentation compiler.
2026.08.26 20:29:58 INFO  no build target found for C:\Users\PC\gest-paiement\gestion-paiements-v2\src\main\java\com\gestionpaiements\app\controller\PaiementListController.java. Using fallback presentation compiler.
2026.08.26 20:29:58 INFO  no build target found for C:\Users\PC\gest-paiement\gestion-paiements-v2\src\main\java\com\gestionpaiements\app\controller\PaiementListController.java. Using fallback presentation compiler.
2026.08.26 20:29:59 INFO  no build target found for C:\Users\PC\gest-paiement\gestion-paiements-v2\src\main\java\com\gestionpaiements\app\controller\PaiementListController.java. Using fallback presentation compiler.
2026.08.26 20:29:59 INFO  no build target found for C:\Users\PC\gest-paiement\gestion-paiements-v2\src\main\java\com\gestionpaiements\app\controller\PaiementListController.java. Using fallback presentation compiler.
2026.08.26 20:30:00 INFO  no build target found for C:\Users\PC\gest-paiement\gestion-paiements-v2\src\main\java\com\gestionpaiements\app\controller\PaiementListController.java. Using fallback presentation compiler.
2026.08.26 20:29:59 INFO  no build target found for C:\Users\PC\gest-paiement\gestion-paiements-v2\src\main\java\com\gestionpaiements\app\controller\PaiementListController.java. Using fallback presentation compiler.
2026.08.26 20:30:01 INFO  no build target found for C:\Users\PC\gest-paiement\gestion-paiements-v2\src\main\java\com\gestionpaiements\app\controller\PaiementListController.java. Using fallback presentation compiler.
2026.08.26 20:30:01 INFO  no build target found for C:\Users\PC\gest-paiement\gestion-paiements-v2\src\main\java\com\gestionpaiements\app\controller\PaiementListController.java. Using fallback presentation compiler.
2026.08.26 20:30:01 INFO  no build target found for C:\Users\PC\gest-paiement\gestion-paiements-v2\src\main\java\com\gestionpaiements\app\controller\PaiementListController.java. Using fallback presentation compiler.
2026.08.26 20:30:01 INFO  no build target found for C:\Users\PC\gest-paiement\gestion-paiements-v2\src\main\java\com\gestionpaiements\app\controller\PaiementListController.java. Using fallback presentation compiler.
2026.08.26 20:30:01 INFO  no build target found for C:\Users\PC\gest-paiement\gestion-paiements-v2\src\main\java\com\gestionpaiements\app\controller\PaiementListController.java. Using fallback presentation compiler.
2026.08.26 20:30:02 INFO  no build target found for C:\Users\PC\gest-paiement\gestion-paiements-v2\src\main\java\com\gestionpaiements\app\controller\PaiementListController.java. Using fallback presentation compiler.
2026.08.26 20:30:03 WARN  no build target for: C:\Users\PC\gest-paiement\gestion-paiements-v2\src\main\java\com\gestionpaiements\app\controller\PaiementListController.java
2026.08.26 20:30:03 INFO  no build target found for C:\Users\PC\gest-paiement\gestion-paiements-v2\src\main\java\com\gestionpaiements\app\controller\PaiementListController.java. Using fallback presentation compiler.
2026.08.26 20:30:13 INFO  no build target found for C:\Users\PC\gest-paiement\gestion-paiements-v2\src\main\java\com\gestionpaiements\app\controller\PaiementListController.java. Using fallback presentation compiler.
2026.08.26 20:30:16 INFO  no build target found for C:\Users\PC\gest-paiement\gestion-paiements-v2\src\main\java\com\gestionpaiements\app\controller\PaiementListController.java. Using fallback presentation compiler.
2026.08.26 20:30:26 INFO  no build target found for C:\Users\PC\gest-paiement\gestion-paiements-v2\src\main\java\com\gestionpaiements\app\controller\PaiementListController.java. Using fallback presentation compiler.
2026.08.26 20:30:26 INFO  no build target found for C:\Users\PC\gest-paiement\gestion-paiements-v2\src\main\java\com\gestionpaiements\app\controller\PaiementListController.java. Using fallback presentation compiler.
2026.08.26 20:30:26 INFO  no build target found for C:\Users\PC\gest-paiement\gestion-paiements-v2\src\main\java\com\gestionpaiements\app\controller\PaiementListController.java. Using fallback presentation compiler.
2026.08.26 20:30:26 INFO  no build target found for C:\Users\PC\gest-paiement\gestion-paiements-v2\src\main\java\com\gestionpaiements\app\controller\PaiementListController.java. Using fallback presentation compiler.
2026.08.26 20:30:26 INFO  no build target found for C:\Users\PC\gest-paiement\gestion-paiements-v2\src\main\java\com\gestionpaiements\app\controller\PaiementListController.java. Using fallback presentation compiler.
2026.08.26 20:30:26 INFO  no build target found for C:\Users\PC\gest-paiement\gestion-paiements-v2\src\main\java\com\gestionpaiements\app\controller\PaiementListController.java. Using fallback presentation compiler.
2026.08.26 20:30:27 INFO  no build target found for C:\Users\PC\gest-paiement\gestion-paiements-v2\src\main\java\com\gestionpaiements\app\controller\PaiementListController.java. Using fallback presentation compiler.
2026.08.26 20:30:27 INFO  no build target found for C:\Users\PC\gest-paiement\gestion-paiements-v2\src\main\java\com\gestionpaiements\app\controller\PaiementListController.java. Using fallback presentation compiler.
2026.08.26 20:30:27 INFO  no build target found for C:\Users\PC\gest-paiement\gestion-paiements-v2\src\main\java\com\gestionpaiements\app\controller\PaiementListController.java. Using fallback presentation compiler.
2026.08.26 20:30:28 INFO  no build target found for C:\Users\PC\gest-paiement\gestion-paiements-v2\src\main\java\com\gestionpaiements\app\controller\PaiementListController.java. Using fallback presentation compiler.
2026.08.26 20:30:28 INFO  no build target found for C:\Users\PC\gest-paiement\gestion-paiements-v2\src\main\java\com\gestionpaiements\app\controller\PaiementListController.java. Using fallback presentation compiler.
2026.08.26 20:30:30 INFO  no build target found for C:\Users\PC\gest-paiement\gestion-paiements-v2\src\main\java\com\gestionpaiements\app\controller\PaiementListController.java. Using fallback presentation compiler.
2026.08.26 20:30:30 INFO  no build target found for C:\Users\PC\gest-paiement\gestion-paiements-v2\src\main\java\com\gestionpaiements\app\controller\PaiementListController.java. Using fallback presentation compiler.
2026.08.26 20:30:32 INFO  no build target found for C:\Users\PC\gest-paiement\gestion-paiements-v2\src\main\java\com\gestionpaiements\app\controller\PaiementListController.java. Using fallback presentation compiler.
2026.08.26 20:30:32 INFO  no build target found for C:\Users\PC\gest-paiement\gestion-paiements-v2\src\main\java\com\gestionpaiements\app\controller\PaiementListController.java. Using fallback presentation compiler.
2026.08.26 20:30:32 INFO  no build target found for C:\Users\PC\gest-paiement\gestion-paiements-v2\src\main\java\com\gestionpaiements\app\controller\PaiementListController.java. Using fallback presentation compiler.
2026.08.26 20:30:33 WARN  no build target for: C:\Users\PC\gest-paiement\gestion-paiements-v2\src\main\java\com\gestionpaiements\app\controller\PaiementListController.java
2026.08.26 20:30:33 INFO  no build target found for C:\Users\PC\gest-paiement\gestion-paiements-v2\src\main\java\com\gestionpaiements\app\controller\PaiementListController.java. Using fallback presentation compiler.
2026.08.26 20:38:44 INFO  no build target found for C:\Users\PC\gest-paiement\gestion-paiements-v2\src\main\java\com\gestionpaiements\app\controller\AjouterPaiementController.java. Using fallback presentation compiler.
2026.08.26 20:38:45 INFO  no build target found for C:\Users\PC\gest-paiement\gestion-paiements-v2\src\main\java\com\gestionpaiements\app\controller\AjouterPaiementController.java. Using fallback presentation compiler.
août 26, 2026 8:38:45 PM org.eclipse.lsp4j.jsonrpc.RemoteEndpoint handleCancellation
AVERTISSEMENT: Unmatched cancel notification for request id 1848
2026.08.26 20:38:45 INFO  no build target found for C:\Users\PC\gest-paiement\gestion-paiements-v2\src\main\java\com\gestionpaiements\app\controller\AjouterPaiementController.java. Using fallback presentation compiler.
2026.08.26 20:38:45 INFO  no build target found for C:\Users\PC\gest-paiement\gestion-paiements-v2\src\main\java\com\gestionpaiements\app\controller\AjouterPaiementController.java. Using fallback presentation compiler.
août 26, 2026 8:38:46 PM org.eclipse.lsp4j.jsonrpc.RemoteEndpoint handleCancellation
AVERTISSEMENT: Unmatched cancel notification for request id 1852
2026.08.26 20:38:45 INFO  no build target found for C:\Users\PC\gest-paiement\gestion-paiements-v2\src\main\java\com\gestionpaiements\app\controller\AjouterPaiementController.java. Using fallback presentation compiler.
août 26, 2026 8:38:47 PM org.eclipse.lsp4j.jsonrpc.RemoteEndpoint handleCancellation
AVERTISSEMENT: Unmatched cancel notification for request id 1854
2026.08.26 20:38:57 INFO  no build target found for C:\Users\PC\gest-paiement\gestion-paiements-v2\src\main\java\com\gestionpaiements\app\controller\AjouterPaiementController.java. Using fallback presentation compiler.
2026.08.26 20:38:57 INFO  no build target found for C:\Users\PC\gest-paiement\gestion-paiements-v2\src\main\java\com\gestionpaiements\app\controller\AjouterPaiementController.java. Using fallback presentation compiler.
2026.08.26 20:39:06 INFO  no build target found for C:\Users\PC\gest-paiement\gestion-paiements-v2\src\main\java\com\gestionpaiements\app\controller\AjouterPaiementController.java. Using fallback presentation compiler.
2026.08.26 20:39:06 INFO  no build target found for C:\Users\PC\gest-paiement\gestion-paiements-v2\src\main\java\com\gestionpaiements\app\controller\AjouterPaiementController.java. Using fallback presentation compiler.
2026.08.26 20:39:06 INFO  no build target found for C:\Users\PC\gest-paiement\gestion-paiements-v2\src\main\java\com\gestionpaiements\app\controller\AjouterPaiementController.java. Using fallback presentation compiler.
2026.08.26 20:39:07 INFO  no build target found for C:\Users\PC\gest-paiement\gestion-paiements-v2\src\main\java\com\gestionpaiements\app\controller\AjouterPaiementController.java. Using fallback presentation compiler.
2026.08.26 20:39:07 INFO  no build target found for C:\Users\PC\gest-paiement\gestion-paiements-v2\src\main\java\com\gestionpaiements\app\controller\AjouterPaiementController.java. Using fallback presentation compiler.
2026.08.26 20:39:08 INFO  no build target found for C:\Users\PC\gest-paiement\gestion-paiements-v2\src\main\java\com\gestionpaiements\app\controller\AjouterPaiementController.java. Using fallback presentation compiler.
2026.08.26 20:39:08 INFO  no build target found for C:\Users\PC\gest-paiement\gestion-paiements-v2\src\main\java\com\gestionpaiements\app\controller\AjouterPaiementController.java. Using fallback presentation compiler.
2026.08.26 20:39:08 INFO  no build target found for C:\Users\PC\gest-paiement\gestion-paiements-v2\src\main\java\com\gestionpaiements\app\controller\AjouterPaiementController.java. Using fallback presentation compiler.
2026.08.26 20:39:08 INFO  no build target found for C:\Users\PC\gest-paiement\gestion-paiements-v2\src\main\java\com\gestionpaiements\app\controller\AjouterPaiementController.java. Using fallback presentation compiler.
2026.08.26 20:39:10 INFO  no build target found for C:\Users\PC\gest-paiement\gestion-paiements-v2\src\main\java\com\gestionpaiements\app\controller\AjouterPaiementController.java. Using fallback presentation compiler.
2026.08.26 20:39:10 INFO  no build target found for C:\Users\PC\gest-paiement\gestion-paiements-v2\src\main\java\com\gestionpaiements\app\controller\AjouterPaiementController.java. Using fallback presentation compiler.
2026.08.26 20:39:12 INFO  no build target found for C:\Users\PC\gest-paiement\gestion-paiements-v2\src\main\java\com\gestionpaiements\app\controller\AjouterPaiementController.java. Using fallback presentation compiler.
2026.08.26 20:39:12 INFO  no build target found for C:\Users\PC\gest-paiement\gestion-paiements-v2\src\main\java\com\gestionpaiements\app\controller\AjouterPaiementController.java. Using fallback presentation compiler.
2026.08.26 20:39:12 INFO  no build target found for C:\Users\PC\gest-paiement\gestion-paiements-v2\src\main\java\com\gestionpaiements\app\controller\AjouterPaiementController.java. Using fallback presentation compiler.
2026.08.26 20:39:13 INFO  no build target found for C:\Users\PC\gest-paiement\gestion-paiements-v2\src\main\java\com\gestionpaiements\app\controller\AjouterPaiementController.java. Using fallback presentation compiler.
2026.08.26 20:39:13 INFO  no build target found for C:\Users\PC\gest-paiement\gestion-paiements-v2\src\main\java\com\gestionpaiements\app\controller\AjouterPaiementController.java. Using fallback presentation compiler.
2026.08.26 20:39:13 INFO  no build target found for C:\Users\PC\gest-paiement\gestion-paiements-v2\src\main\java\com\gestionpaiements\app\controller\AjouterPaiementController.java. Using fallback presentation compiler.
2026.08.26 20:39:14 INFO  no build target found for C:\Users\PC\gest-paiement\gestion-paiements-v2\src\main\java\com\gestionpaiements\app\controller\AjouterPaiementController.java. Using fallback presentation compiler.
2026.08.26 20:39:14 INFO  no build target found for C:\Users\PC\gest-paiement\gestion-paiements-v2\src\main\java\com\gestionpaiements\app\controller\AjouterPaiementController.java. Using fallback presentation compiler.
2026.08.26 20:39:14 INFO  no build target found for C:\Users\PC\gest-paiement\gestion-paiements-v2\src\main\java\com\gestionpaiements\app\controller\AjouterPaiementController.java. Using fallback presentation compiler.
2026.08.26 20:39:16 INFO  no build target found for C:\Users\PC\gest-paiement\gestion-paiements-v2\src\main\java\com\gestionpaiements\app\controller\AjouterPaiementController.java. Using fallback presentation compiler.
2026.08.26 20:39:17 WARN  no build target for: C:\Users\PC\gest-paiement\gestion-paiements-v2\src\main\java\com\gestionpaiements\app\controller\AjouterPaiementController.java
2026.08.26 20:39:17 INFO  no build target found for C:\Users\PC\gest-paiement\gestion-paiements-v2\src\main\java\com\gestionpaiements\app\controller\AjouterPaiementController.java. Using fallback presentation compiler.
2026.08.26 20:39:18 INFO  no build target found for C:\Users\PC\gest-paiement\gestion-paiements-v2\src\main\java\com\gestionpaiements\app\controller\AjouterPaiementController.java. Using fallback presentation compiler.
2026.08.26 20:39:30 INFO  no build target found for C:\Users\PC\gest-paiement\gestion-paiements-v2\src\main\java\com\gestionpaiements\app\controller\AjouterPaiementController.java. Using fallback presentation compiler.
2026.08.26 20:39:30 INFO  no build target found for C:\Users\PC\gest-paiement\gestion-paiements-v2\src\main\java\com\gestionpaiements\app\controller\AjouterPaiementController.java. Using fallback presentation compiler.
2026.08.26 20:39:30 INFO  no build target found for C:\Users\PC\gest-paiement\gestion-paiements-v2\src\main\java\com\gestionpaiements\app\controller\AjouterPaiementController.java. Using fallback presentation compiler.
2026.08.26 20:39:31 INFO  no build target found for C:\Users\PC\gest-paiement\gestion-paiements-v2\src\main\java\com\gestionpaiements\app\controller\AjouterPaiementController.java. Using fallback presentation compiler.
2026.08.26 20:39:42 INFO  no build target found for C:\Users\PC\gest-paiement\gestion-paiements-v2\src\main\java\com\gestionpaiements\app\controller\AjouterPaiementController.java. Using fallback presentation compiler.
2026.08.26 20:39:42 INFO  no build target found for C:\Users\PC\gest-paiement\gestion-paiements-v2\src\main\java\com\gestionpaiements\app\controller\AjouterPaiementController.java. Using fallback presentation compiler.
2026.08.26 20:39:43 INFO  no build target found for C:\Users\PC\gest-paiement\gestion-paiements-v2\src\main\java\com\gestionpaiements\app\controller\AjouterPaiementController.java. Using fallback presentation compiler.
2026.08.26 20:39:54 INFO  no build target found for C:\Users\PC\gest-paiement\gestion-paiements-v2\src\main\java\com\gestionpaiements\app\controller\AjouterPaiementController.java. Using fallback presentation compiler.
2026.08.26 20:39:58 INFO  no build target found for C:\Users\PC\gest-paiement\gestion-paiements-v2\src\main\java\com\gestionpaiements\app\controller\AjouterPaiementController.java. Using fallback presentation compiler.
2026.08.26 20:40:00 INFO  no build target found for C:\Users\PC\gest-paiement\gestion-paiements-v2\src\main\java\com\gestionpaiements\app\controller\AjouterPaiementController.java. Using fallback presentation compiler.
2026.08.26 20:40:00 INFO  no build target found for C:\Users\PC\gest-paiement\gestion-paiements-v2\src\main\java\com\gestionpaiements\app\controller\AjouterPaiementController.java. Using fallback presentation compiler.
2026.08.26 20:40:00 INFO  no build target found for C:\Users\PC\gest-paiement\gestion-paiements-v2\src\main\java\com\gestionpaiements\app\controller\AjouterPaiementController.java. Using fallback presentation compiler.
2026.08.26 20:40:02 INFO  no build target found for C:\Users\PC\gest-paiement\gestion-paiements-v2\src\main\java\com\gestionpaiements\app\controller\AjouterPaiementController.java. Using fallback presentation compiler.
2026.08.26 20:40:02 INFO  no build target found for C:\Users\PC\gest-paiement\gestion-paiements-v2\src\main\java\com\gestionpaiements\app\controller\AjouterPaiementController.java. Using fallback presentation compiler.
2026.08.26 20:40:02 INFO  no build target found for C:\Users\PC\gest-paiement\gestion-paiements-v2\src\main\java\com\gestionpaiements\app\controller\AjouterPaiementController.java. Using fallback presentation compiler.
2026.08.26 20:40:02 INFO  no build target found for C:\Users\PC\gest-paiement\gestion-paiements-v2\src\main\java\com\gestionpaiements\app\controller\AjouterPaiementController.java. Using fallback presentation compiler.
2026.08.26 20:40:03 INFO  no build target found for C:\Users\PC\gest-paiement\gestion-paiements-v2\src\main\java\com\gestionpaiements\app\controller\AjouterPaiementController.java. Using fallback presentation compiler.
2026.08.26 20:40:02 INFO  no build target found for C:\Users\PC\gest-paiement\gestion-paiements-v2\src\main\java\com\gestionpaiements\app\controller\AjouterPaiementController.java. Using fallback presentation compiler.
2026.08.26 20:40:03 INFO  no build target found for C:\Users\PC\gest-paiement\gestion-paiements-v2\src\main\java\com\gestionpaiements\app\controller\AjouterPaiementController.java. Using fallback presentation compiler.
2026.08.26 20:40:03 INFO  no build target found for C:\Users\PC\gest-paiement\gestion-paiements-v2\src\main\java\com\gestionpaiements\app\controller\AjouterPaiementController.java. Using fallback presentation compiler.
2026.08.26 20:40:03 INFO  no build target found for C:\Users\PC\gest-paiement\gestion-paiements-v2\src\main\java\com\gestionpaiements\app\controller\AjouterPaiementController.java. Using fallback presentation compiler.
2026.08.26 20:40:04 INFO  no build target found for C:\Users\PC\gest-paiement\gestion-paiements-v2\src\main\java\com\gestionpaiements\app\controller\AjouterPaiementController.java. Using fallback presentation compiler.
2026.08.26 20:40:03 INFO  no build target found for C:\Users\PC\gest-paiement\gestion-paiements-v2\src\main\java\com\gestionpaiements\app\controller\AjouterPaiementController.java. Using fallback presentation compiler.
2026.08.26 20:40:05 INFO  no build target found for C:\Users\PC\gest-paiement\gestion-paiements-v2\src\main\java\com\gestionpaiements\app\controller\AjouterPaiementController.java. Using fallback presentation compiler.
2026.08.26 20:40:06 INFO  no build target found for C:\Users\PC\gest-paiement\gestion-paiements-v2\src\main\java\com\gestionpaiements\app\controller\AjouterPaiementController.java. Using fallback presentation compiler.
2026.08.26 20:40:06 INFO  no build target found for C:\Users\PC\gest-paiement\gestion-paiements-v2\src\main\java\com\gestionpaiements\app\controller\AjouterPaiementController.java. Using fallback presentation compiler.
2026.08.26 20:40:06 INFO  no build target found for C:\Users\PC\gest-paiement\gestion-paiements-v2\src\main\java\com\gestionpaiements\app\controller\AjouterPaiementController.java. Using fallback presentation compiler.
2026.08.26 20:40:08 INFO  no build target found for C:\Users\PC\gest-paiement\gestion-paiements-v2\src\main\java\com\gestionpaiements\app\controller\AjouterPaiementController.java. Using fallback presentation compiler.
2026.08.26 20:40:08 INFO  no build target found for C:\Users\PC\gest-paiement\gestion-paiements-v2\src\main\java\com\gestionpaiements\app\controller\AjouterPaiementController.java. Using fallback presentation compiler.
2026.08.26 20:40:08 INFO  no build target found for C:\Users\PC\gest-paiement\gestion-paiements-v2\src\main\java\com\gestionpaiements\app\controller\AjouterPaiementController.java. Using fallback presentation compiler.
2026.08.26 20:40:09 INFO  no build target found for C:\Users\PC\gest-paiement\gestion-paiements-v2\src\main\java\com\gestionpaiements\app\controller\AjouterPaiementController.java. Using fallback presentation compiler.
2026.08.26 20:40:09 INFO  no build target found for C:\Users\PC\gest-paiement\gestion-paiements-v2\src\main\java\com\gestionpaiements\app\controller\AjouterPaiementController.java. Using fallback presentation compiler.
2026.08.26 20:40:09 INFO  no build target found for C:\Users\PC\gest-paiement\gestion-paiements-v2\src\main\java\com\gestionpaiements\app\controller\AjouterPaiementController.java. Using fallback presentation compiler.
2026.08.26 20:40:10 INFO  no build target found for C:\Users\PC\gest-paiement\gestion-paiements-v2\src\main\java\com\gestionpaiements\app\controller\AjouterPaiementController.java. Using fallback presentation compiler.
2026.08.26 20:40:10 INFO  no build target found for C:\Users\PC\gest-paiement\gestion-paiements-v2\src\main\java\com\gestionpaiements\app\controller\AjouterPaiementController.java. Using fallback presentation compiler.
2026.08.26 20:40:12 INFO  no build target found for C:\Users\PC\gest-paiement\gestion-paiements-v2\src\main\java\com\gestionpaiements\app\controller\AjouterPaiementController.java. Using fallback presentation compiler.
2026.08.26 20:40:12 INFO  no build target found for C:\Users\PC\gest-paiement\gestion-paiements-v2\src\main\java\com\gestionpaiements\app\controller\AjouterPaiementController.java. Using fallback presentation compiler.
2026.08.26 20:40:12 INFO  no build target found for C:\Users\PC\gest-paiement\gestion-paiements-v2\src\main\java\com\gestionpaiements\app\controller\AjouterPaiementController.java. Using fallback presentation compiler.
2026.08.26 20:40:12 INFO  no build target found for C:\Users\PC\gest-paiement\gestion-paiements-v2\src\main\java\com\gestionpaiements\app\controller\AjouterPaiementController.java. Using fallback presentation compiler.
2026.08.26 20:40:13 INFO  no build target found for C:\Users\PC\gest-paiement\gestion-paiements-v2\src\main\java\com\gestionpaiements\app\controller\AjouterPaiementController.java. Using fallback presentation compiler.
2026.08.26 20:40:13 INFO  no build target found for C:\Users\PC\gest-paiement\gestion-paiements-v2\src\main\java\com\gestionpaiements\app\controller\AjouterPaiementController.java. Using fallback presentation compiler.
août 26, 2026 8:40:13 PM org.eclipse.lsp4j.jsonrpc.RemoteEndpoint handleCancellation
AVERTISSEMENT: Unmatched cancel notification for request id 1966
2026.08.26 20:40:13 INFO  no build target found for C:\Users\PC\gest-paiement\gestion-paiements-v2\src\main\java\com\gestionpaiements\app\controller\AjouterPaiementController.java. Using fallback presentation compiler.
2026.08.26 20:40:13 INFO  no build target found for C:\Users\PC\gest-paiement\gestion-paiements-v2\src\main\java\com\gestionpaiements\app\controller\AjouterPaiementController.java. Using fallback presentation compiler.
2026.08.26 20:40:13 INFO  no build target found for C:\Users\PC\gest-paiement\gestion-paiements-v2\src\main\java\com\gestionpaiements\app\controller\AjouterPaiementController.java. Using fallback presentation compiler.
2026.08.26 20:40:14 INFO  no build target found for C:\Users\PC\gest-paiement\gestion-paiements-v2\src\main\java\com\gestionpaiements\app\controller\AjouterPaiementController.java. Using fallback presentation compiler.
2026.08.26 20:40:17 INFO  no build target found for C:\Users\PC\gest-paiement\gestion-paiements-v2\src\main\java\com\gestionpaiements\app\controller\AjouterPaiementController.java. Using fallback presentation compiler.
2026.08.26 20:40:17 INFO  no build target found for C:\Users\PC\gest-paiement\gestion-paiements-v2\src\main\java\com\gestionpaiements\app\controller\AjouterPaiementController.java. Using fallback presentation compiler.
2026.08.26 20:40:18 WARN  no build target for: C:\Users\PC\gest-paiement\gestion-paiements-v2\src\main\java\com\gestionpaiements\app\controller\AjouterPaiementController.java
2026.08.26 20:40:18 INFO  no build target found for C:\Users\PC\gest-paiement\gestion-paiements-v2\src\main\java\com\gestionpaiements\app\controller\AjouterPaiementController.java. Using fallback presentation compiler.
2026.08.26 20:40:19 INFO  no build target found for C:\Users\PC\gest-paiement\gestion-paiements-v2\src\main\java\com\gestionpaiements\app\controller\AjouterPaiementController.java. Using fallback presentation compiler.
2026.08.26 20:40:36 INFO  no build target found for C:\Users\PC\gest-paiement\gestion-paiements-v2\src\main\java\com\gestionpaiements\app\controller\AjouterPaiementController.java. Using fallback presentation compiler.
2026.08.26 20:40:36 INFO  no build target found for C:\Users\PC\gest-paiement\gestion-paiements-v2\src\main\java\com\gestionpaiements\app\controller\AjouterPaiementController.java. Using fallback presentation compiler.
2026.08.26 20:40:36 INFO  no build target found for C:\Users\PC\gest-paiement\gestion-paiements-v2\src\main\java\com\gestionpaiements\app\controller\AjouterPaiementController.java. Using fallback presentation compiler.
2026.08.26 20:40:36 INFO  no build target found for C:\Users\PC\gest-paiement\gestion-paiements-v2\src\main\java\com\gestionpaiements\app\controller\AjouterPaiementController.java. Using fallback presentation compiler.
2026.08.26 20:40:37 INFO  no build target found for C:\Users\PC\gest-paiement\gestion-paiements-v2\src\main\java\com\gestionpaiements\app\controller\AjouterPaiementController.java. Using fallback presentation compiler.
2026.08.26 20:40:37 INFO  no build target found for C:\Users\PC\gest-paiement\gestion-paiements-v2\src\main\java\com\gestionpaiements\app\controller\AjouterPaiementController.java. Using fallback presentation compiler.
2026.08.26 20:40:38 INFO  no build target found for C:\Users\PC\gest-paiement\gestion-paiements-v2\src\main\java\com\gestionpaiements\app\controller\AjouterPaiementController.java. Using fallback presentation compiler.
2026.08.26 20:40:38 INFO  no build target found for C:\Users\PC\gest-paiement\gestion-paiements-v2\src\main\java\com\gestionpaiements\app\controller\AjouterPaiementController.java. Using fallback presentation compiler.
2026.08.26 20:40:38 INFO  no build target found for C:\Users\PC\gest-paiement\gestion-paiements-v2\src\main\java\com\gestionpaiements\app\controller\AjouterPaiementController.java. Using fallback presentation compiler.
2026.08.26 20:40:38 INFO  no build target found for C:\Users\PC\gest-paiement\gestion-paiements-v2\src\main\java\com\gestionpaiements\app\controller\AjouterPaiementController.java. Using fallback presentation compiler.
2026.08.26 20:40:39 INFO  no build target found for C:\Users\PC\gest-paiement\gestion-paiements-v2\src\main\java\com\gestionpaiements\app\controller\AjouterPaiementController.java. Using fallback presentation compiler.
2026.08.26 20:40:39 INFO  no build target found for C:\Users\PC\gest-paiement\gestion-paiements-v2\src\main\java\com\gestionpaiements\app\controller\AjouterPaiementController.java. Using fallback presentation compiler.
2026.08.26 20:40:39 INFO  no build target found for C:\Users\PC\gest-paiement\gestion-paiements-v2\src\main\java\com\gestionpaiements\app\controller\AjouterPaiementController.java. Using fallback presentation compiler.
2026.08.26 20:40:41 INFO  no build target found for C:\Users\PC\gest-paiement\gestion-paiements-v2\src\main\java\com\gestionpaiements\app\controller\AjouterPaiementController.java. Using fallback presentation compiler.
2026.08.26 20:40:41 INFO  no build target found for C:\Users\PC\gest-paiement\gestion-paiements-v2\src\main\java\com\gestionpaiements\app\controller\AjouterPaiementController.java. Using fallback presentation compiler.
2026.08.26 20:40:41 INFO  no build target found for C:\Users\PC\gest-paiement\gestion-paiements-v2\src\main\java\com\gestionpaiements\app\controller\AjouterPaiementController.java. Using fallback presentation compiler.
2026.08.26 20:40:41 INFO  no build target found for C:\Users\PC\gest-paiement\gestion-paiements-v2\src\main\java\com\gestionpaiements\app\controller\AjouterPaiementController.java. Using fallback presentation compiler.
2026.08.26 20:40:41 INFO  no build target found for C:\Users\PC\gest-paiement\gestion-paiements-v2\src\main\java\com\gestionpaiements\app\controller\AjouterPaiementController.java. Using fallback presentation compiler.
2026.08.26 20:40:41 INFO  no build target found for C:\Users\PC\gest-paiement\gestion-paiements-v2\src\main\java\com\gestionpaiements\app\controller\AjouterPaiementController.java. Using fallback presentation compiler.
2026.08.26 20:40:42 INFO  no build target found for C:\Users\PC\gest-paiement\gestion-paiements-v2\src\main\java\com\gestionpaiements\app\controller\AjouterPaiementController.java. Using fallback presentation compiler.
2026.08.26 20:40:42 INFO  no build target found for C:\Users\PC\gest-paiement\gestion-paiements-v2\src\main\java\com\gestionpaiements\app\controller\AjouterPaiementController.java. Using fallback presentation compiler.
2026.08.26 20:40:53 INFO  no build target found for C:\Users\PC\gest-paiement\gestion-paiements-v2\src\main\java\com\gestionpaiements\app\controller\AjouterPaiementController.java. Using fallback presentation compiler.
2026.08.26 20:40:53 INFO  no build target found for C:\Users\PC\gest-paiement\gestion-paiements-v2\src\main\java\com\gestionpaiements\app\controller\AjouterPaiementController.java. Using fallback presentation compiler.
2026.08.26 20:40:54 INFO  no build target found for C:\Users\PC\gest-paiement\gestion-paiements-v2\src\main\java\com\gestionpaiements\app\controller\AjouterPaiementController.java. Using fallback presentation compiler.
2026.08.26 20:40:54 INFO  no build target found for C:\Users\PC\gest-paiement\gestion-paiements-v2\src\main\java\com\gestionpaiements\app\controller\AjouterPaiementController.java. Using fallback presentation compiler.
2026.08.26 20:40:54 INFO  no build target found for C:\Users\PC\gest-paiement\gestion-paiements-v2\src\main\java\com\gestionpaiements\app\controller\AjouterPaiementController.java. Using fallback presentation compiler.
2026.08.26 20:40:54 INFO  no build target found for C:\Users\PC\gest-paiement\gestion-paiements-v2\src\main\java\com\gestionpaiements\app\controller\AjouterPaiementController.java. Using fallback presentation compiler.
2026.08.26 20:40:54 INFO  no build target found for C:\Users\PC\gest-paiement\gestion-paiements-v2\src\main\java\com\gestionpaiements\app\controller\AjouterPaiementController.java. Using fallback presentation compiler.
2026.08.26 20:40:55 INFO  no build target found for C:\Users\PC\gest-paiement\gestion-paiements-v2\src\main\java\com\gestionpaiements\app\controller\AjouterPaiementController.java. Using fallback presentation compiler.
2026.08.26 20:40:55 INFO  no build target found for C:\Users\PC\gest-paiement\gestion-paiements-v2\src\main\java\com\gestionpaiements\app\controller\AjouterPaiementController.java. Using fallback presentation compiler.
2026.08.26 20:40:55 INFO  no build target found for C:\Users\PC\gest-paiement\gestion-paiements-v2\src\main\java\com\gestionpaiements\app\controller\AjouterPaiementController.java. Using fallback presentation compiler.
2026.08.26 20:40:57 INFO  no build target found for C:\Users\PC\gest-paiement\gestion-paiements-v2\src\main\java\com\gestionpaiements\app\controller\AjouterPaiementController.java. Using fallback presentation compiler.
2026.08.26 20:40:57 INFO  no build target found for C:\Users\PC\gest-paiement\gestion-paiements-v2\src\main\java\com\gestionpaiements\app\controller\AjouterPaiementController.java. Using fallback presentation compiler.
2026.08.26 20:40:57 INFO  no build target found for C:\Users\PC\gest-paiement\gestion-paiements-v2\src\main\java\com\gestionpaiements\app\controller\AjouterPaiementController.java. Using fallback presentation compiler.
2026.08.26 20:40:57 INFO  no build target found for C:\Users\PC\gest-paiement\gestion-paiements-v2\src\main\java\com\gestionpaiements\app\controller\AjouterPaiementController.java. Using fallback presentation compiler.
2026.08.26 20:40:57 INFO  no build target found for C:\Users\PC\gest-paiement\gestion-paiements-v2\src\main\java\com\gestionpaiements\app\controller\AjouterPaiementController.java. Using fallback presentation compiler.
2026.08.26 20:40:57 INFO  no build target found for C:\Users\PC\gest-paiement\gestion-paiements-v2\src\main\java\com\gestionpaiements\app\controller\AjouterPaiementController.java. Using fallback presentation compiler.
2026.08.26 20:40:57 INFO  no build target found for C:\Users\PC\gest-paiement\gestion-paiements-v2\src\main\java\com\gestionpaiements\app\controller\AjouterPaiementController.java. Using fallback presentation compiler.
2026.08.26 20:40:57 INFO  no build target found for C:\Users\PC\gest-paiement\gestion-paiements-v2\src\main\java\com\gestionpaiements\app\controller\AjouterPaiementController.java. Using fallback presentation compiler.
2026.08.26 20:40:58 INFO  no build target found for C:\Users\PC\gest-paiement\gestion-paiements-v2\src\main\java\com\gestionpaiements\app\controller\AjouterPaiementController.java. Using fallback presentation compiler.
2026.08.26 20:40:59 INFO  no build target found for C:\Users\PC\gest-paiement\gestion-paiements-v2\src\main\java\com\gestionpaiements\app\controller\AjouterPaiementController.java. Using fallback presentation compiler.
2026.08.26 20:40:59 INFO  no build target found for C:\Users\PC\gest-paiement\gestion-paiements-v2\src\main\java\com\gestionpaiements\app\controller\AjouterPaiementController.java. Using fallback presentation compiler.
2026.08.26 20:41:04 INFO  no build target found for C:\Users\PC\gest-paiement\gestion-paiements-v2\src\main\java\com\gestionpaiements\app\controller\AjouterPaiementController.java. Using fallback presentation compiler.
2026.08.26 20:41:04 INFO  no build target found for C:\Users\PC\gest-paiement\gestion-paiements-v2\src\main\java\com\gestionpaiements\app\controller\AjouterPaiementController.java. Using fallback presentation compiler.
2026.08.26 20:41:04 INFO  no build target found for C:\Users\PC\gest-paiement\gestion-paiements-v2\src\main\java\com\gestionpaiements\app\controller\AjouterPaiementController.java. Using fallback presentation compiler.
2026.08.26 20:41:04 INFO  no build target found for C:\Users\PC\gest-paiement\gestion-paiements-v2\src\main\java\com\gestionpaiements\app\controller\AjouterPaiementController.java. Using fallback presentation compiler.
2026.08.26 20:41:05 INFO  no build target found for C:\Users\PC\gest-paiement\gestion-paiements-v2\src\main\java\com\gestionpaiements\app\controller\AjouterPaiementController.java. Using fallback presentation compiler.
2026.08.26 20:41:07 INFO  no build target found for C:\Users\PC\gest-paiement\gestion-paiements-v2\src\main\java\com\gestionpaiements\app\controller\AjouterPaiementController.java. Using fallback presentation compiler.
2026.08.26 20:41:07 INFO  no build target found for C:\Users\PC\gest-paiement\gestion-paiements-v2\src\main\java\com\gestionpaiements\app\controller\AjouterPaiementController.java. Using fallback presentation compiler.
2026.08.26 20:41:07 INFO  no build target found for C:\Users\PC\gest-paiement\gestion-paiements-v2\src\main\java\com\gestionpaiements\app\controller\AjouterPaiementController.java. Using fallback presentation compiler.
2026.08.26 20:41:07 INFO  no build target found for C:\Users\PC\gest-paiement\gestion-paiements-v2\src\main\java\com\gestionpaiements\app\controller\AjouterPaiementController.java. Using fallback presentation compiler.
2026.08.26 20:41:08 INFO  no build target found for C:\Users\PC\gest-paiement\gestion-paiements-v2\src\main\java\com\gestionpaiements\app\controller\AjouterPaiementController.java. Using fallback presentation compiler.
2026.08.26 20:41:08 INFO  no build target found for C:\Users\PC\gest-paiement\gestion-paiements-v2\src\main\java\com\gestionpaiements\app\controller\AjouterPaiementController.java. Using fallback presentation compiler.
2026.08.26 20:41:08 WARN  no build target for: C:\Users\PC\gest-paiement\gestion-paiements-v2\src\main\java\com\gestionpaiements\app\controller\AjouterPaiementController.java
2026.08.26 20:41:08 INFO  no build target found for C:\Users\PC\gest-paiement\gestion-paiements-v2\src\main\java\com\gestionpaiements\app\controller\AjouterPaiementController.java. Using fallback presentation compiler.
2026.08.26 20:41:09 INFO  no build target found for C:\Users\PC\gest-paiement\gestion-paiements-v2\src\main\java\com\gestionpaiements\app\controller\AjouterPaiementController.java. Using fallback presentation compiler.
2026.08.26 20:41:18 INFO  no build target found for C:\Users\PC\gest-paiement\gestion-paiements-v2\src\main\java\com\gestionpaiements\app\controller\AjouterPaiementController.java. Using fallback presentation compiler.
2026.08.26 20:41:34 INFO  no build target found for C:\Users\PC\gest-paiement\gestion-paiements-v2\src\main\java\com\gestionpaiements\app\controller\AjouterPaiementController.java. Using fallback presentation compiler.
2026.08.26 20:41:35 INFO  no build target found for C:\Users\PC\gest-paiement\gestion-paiements-v2\src\main\java\com\gestionpaiements\app\controller\AjouterPaiementController.java. Using fallback presentation compiler.
2026.08.26 20:41:35 INFO  no build target found for C:\Users\PC\gest-paiement\gestion-paiements-v2\src\main\java\com\gestionpaiements\app\controller\AjouterPaiementController.java. Using fallback presentation compiler.
2026.08.26 20:41:35 INFO  no build target found for C:\Users\PC\gest-paiement\gestion-paiements-v2\src\main\java\com\gestionpaiements\app\controller\AjouterPaiementController.java. Using fallback presentation compiler.
2026.08.26 20:41:35 INFO  no build target found for C:\Users\PC\gest-paiement\gestion-paiements-v2\src\main\java\com\gestionpaiements\app\controller\AjouterPaiementController.java. Using fallback presentation compiler.
2026.08.26 20:41:36 INFO  no build target found for C:\Users\PC\gest-paiement\gestion-paiements-v2\src\main\java\com\gestionpaiements\app\controller\AjouterPaiementController.java. Using fallback presentation compiler.
2026.08.26 20:41:38 INFO  no build target found for C:\Users\PC\gest-paiement\gestion-paiements-v2\src\main\java\com\gestionpaiements\app\controller\AjouterPaiementController.java. Using fallback presentation compiler.
2026.08.26 20:41:38 INFO  no build target found for C:\Users\PC\gest-paiement\gestion-paiements-v2\src\main\java\com\gestionpaiements\app\controller\AjouterPaiementController.java. Using fallback presentation compiler.
2026.08.26 20:41:38 INFO  no build target found for C:\Users\PC\gest-paiement\gestion-paiements-v2\src\main\java\com\gestionpaiements\app\controller\AjouterPaiementController.java. Using fallback presentation compiler.
2026.08.26 20:41:38 INFO  no build target found for C:\Users\PC\gest-paiement\gestion-paiements-v2\src\main\java\com\gestionpaiements\app\controller\AjouterPaiementController.java. Using fallback presentation compiler.
2026.08.26 20:41:38 INFO  no build target found for C:\Users\PC\gest-paiement\gestion-paiements-v2\src\main\java\com\gestionpaiements\app\controller\AjouterPaiementController.java. Using fallback presentation compiler.
2026.08.26 20:41:44 INFO  no build target found for C:\Users\PC\gest-paiement\gestion-paiements-v2\src\main\java\com\gestionpaiements\app\controller\AjouterPaiementController.java. Using fallback presentation compiler.
2026.08.26 20:41:44 INFO  no build target found for C:\Users\PC\gest-paiement\gestion-paiements-v2\src\main\java\com\gestionpaiements\app\controller\AjouterPaiementController.java. Using fallback presentation compiler.
2026.08.26 20:41:44 INFO  no build target found for C:\Users\PC\gest-paiement\gestion-paiements-v2\src\main\java\com\gestionpaiements\app\controller\AjouterPaiementController.java. Using fallback presentation compiler.
2026.08.26 20:41:46 INFO  no build target found for C:\Users\PC\gest-paiement\gestion-paiements-v2\src\main\java\com\gestionpaiements\app\controller\AjouterPaiementController.java. Using fallback presentation compiler.
2026.08.26 20:41:46 INFO  no build target found for C:\Users\PC\gest-paiement\gestion-paiements-v2\src\main\java\com\gestionpaiements\app\controller\AjouterPaiementController.java. Using fallback presentation compiler.
2026.08.26 20:41:46 INFO  no build target found for C:\Users\PC\gest-paiement\gestion-paiements-v2\src\main\java\com\gestionpaiements\app\controller\AjouterPaiementController.java. Using fallback presentation compiler.
2026.08.26 20:41:46 INFO  no build target found for C:\Users\PC\gest-paiement\gestion-paiements-v2\src\main\java\com\gestionpaiements\app\controller\AjouterPaiementController.java. Using fallback presentation compiler.
2026.08.26 20:41:47 INFO  no build target found for C:\Users\PC\gest-paiement\gestion-paiements-v2\src\main\java\com\gestionpaiements\app\controller\AjouterPaiementController.java. Using fallback presentation compiler.
2026.08.26 20:41:47 INFO  no build target found for C:\Users\PC\gest-paiement\gestion-paiements-v2\src\main\java\com\gestionpaiements\app\controller\AjouterPaiementController.java. Using fallback presentation compiler.
2026.08.26 20:41:48 WARN  no build target for: C:\Users\PC\gest-paiement\gestion-paiements-v2\src\main\java\com\gestionpaiements\app\controller\AjouterPaiementController.java
2026.08.26 20:41:48 INFO  no build target found for C:\Users\PC\gest-paiement\gestion-paiements-v2\src\main\java\com\gestionpaiements\app\controller\AjouterPaiementController.java. Using fallback presentation compiler.
2026.08.26 20:41:49 INFO  no build target found for C:\Users\PC\gest-paiement\gestion-paiements-v2\src\main\java\com\gestionpaiements\app\controller\AjouterPaiementController.java. Using fallback presentation compiler.
2026.08.26 20:42:19 INFO  no build target found for C:\Users\PC\gest-paiement\gestion-paiements-v2\src\main\java\com\gestionpaiements\app\controller\AjouterPaiementController.java. Using fallback presentation compiler.
2026.08.26 20:42:19 INFO  no build target found for C:\Users\PC\gest-paiement\gestion-paiements-v2\src\main\java\com\gestionpaiements\app\controller\AjouterPaiementController.java. Using fallback presentation compiler.
2026.08.26 20:42:29 INFO  no build target found for C:\Users\PC\gest-paiement\gestion-paiements-v2\src\main\java\com\gestionpaiements\app\controller\AjouterPaiementController.java. Using fallback presentation compiler.
2026.08.26 20:42:29 INFO  no build target found for C:\Users\PC\gest-paiement\gestion-paiements-v2\src\main\java\com\gestionpaiements\app\controller\AjouterPaiementController.java. Using fallback presentation compiler.
2026.08.26 20:42:29 INFO  no build target found for C:\Users\PC\gest-paiement\gestion-paiements-v2\src\main\java\com\gestionpaiements\app\controller\AjouterPaiementController.java. Using fallback presentation compiler.
2026.08.26 20:42:30 INFO  no build target found for C:\Users\PC\gest-paiement\gestion-paiements-v2\src\main\java\com\gestionpaiements\app\controller\AjouterPaiementController.java. Using fallback presentation compiler.
2026.08.26 20:42:30 INFO  no build target found for C:\Users\PC\gest-paiement\gestion-paiements-v2\src\main\java\com\gestionpaiements\app\controller\AjouterPaiementController.java. Using fallback presentation compiler.
2026.08.26 20:42:30 INFO  no build target found for C:\Users\PC\gest-paiement\gestion-paiements-v2\src\main\java\com\gestionpaiements\app\controller\AjouterPaiementController.java. Using fallback presentation compiler.
2026.08.26 20:42:30 INFO  no build target found for C:\Users\PC\gest-paiement\gestion-paiements-v2\src\main\java\com\gestionpaiements\app\controller\AjouterPaiementController.java. Using fallback presentation compiler.
2026.08.26 20:42:30 INFO  no build target found for C:\Users\PC\gest-paiement\gestion-paiements-v2\src\main\java\com\gestionpaiements\app\controller\AjouterPaiementController.java. Using fallback presentation compiler.
2026.08.26 20:42:31 INFO  no build target found for C:\Users\PC\gest-paiement\gestion-paiements-v2\src\main\java\com\gestionpaiements\app\controller\AjouterPaiementController.java. Using fallback presentation compiler.
2026.08.26 20:42:32 INFO  no build target found for C:\Users\PC\gest-paiement\gestion-paiements-v2\src\main\java\com\gestionpaiements\app\controller\AjouterPaiementController.java. Using fallback presentation compiler.
2026.08.26 20:42:32 INFO  no build target found for C:\Users\PC\gest-paiement\gestion-paiements-v2\src\main\java\com\gestionpaiements\app\controller\AjouterPaiementController.java. Using fallback presentation compiler.
2026.08.26 20:42:32 INFO  no build target found for C:\Users\PC\gest-paiement\gestion-paiements-v2\src\main\java\com\gestionpaiements\app\controller\AjouterPaiementController.java. Using fallback presentation compiler.
2026.08.26 20:42:33 INFO  no build target found for C:\Users\PC\gest-paiement\gestion-paiements-v2\src\main\java\com\gestionpaiements\app\controller\AjouterPaiementController.java. Using fallback presentation compiler.
2026.08.26 20:42:33 INFO  no build target found for C:\Users\PC\gest-paiement\gestion-paiements-v2\src\main\java\com\gestionpaiements\app\controller\AjouterPaiementController.java. Using fallback presentation compiler.
2026.08.26 20:42:33 INFO  no build target found for C:\Users\PC\gest-paiement\gestion-paiements-v2\src\main\java\com\gestionpaiements\app\controller\AjouterPaiementController.java. Using fallback presentation compiler.
2026.08.26 20:42:33 INFO  no build target found for C:\Users\PC\gest-paiement\gestion-paiements-v2\src\main\java\com\gestionpaiements\app\controller\AjouterPaiementController.java. Using fallback presentation compiler.
2026.08.26 20:42:34 INFO  no build target found for C:\Users\PC\gest-paiement\gestion-paiements-v2\src\main\java\com\gestionpaiements\app\controller\AjouterPaiementController.java. Using fallback presentation compiler.
2026.08.26 20:42:33 INFO  no build target found for C:\Users\PC\gest-paiement\gestion-paiements-v2\src\main\java\com\gestionpaiements\app\controller\AjouterPaiementController.java. Using fallback presentation compiler.
2026.08.26 20:42:34 INFO  no build target found for C:\Users\PC\gest-paiement\gestion-paiements-v2\src\main\java\com\gestionpaiements\app\controller\AjouterPaiementController.java. Using fallback presentation compiler.
2026.08.26 20:42:34 INFO  no build target found for C:\Users\PC\gest-paiement\gestion-paiements-v2\src\main\java\com\gestionpaiements\app\controller\AjouterPaiementController.java. Using fallback presentation compiler.
2026.08.26 20:42:34 INFO  no build target found for C:\Users\PC\gest-paiement\gestion-paiements-v2\src\main\java\com\gestionpaiements\app\controller\AjouterPaiementController.java. Using fallback presentation compiler.
2026.08.26 20:42:35 WARN  no build target for: C:\Users\PC\gest-paiement\gestion-paiements-v2\src\main\java\com\gestionpaiements\app\controller\AjouterPaiementController.java
2026.08.26 20:42:35 INFO  no build target found for C:\Users\PC\gest-paiement\gestion-paiements-v2\src\main\java\com\gestionpaiements\app\controller\AjouterPaiementController.java. Using fallback presentation compiler.
2026.08.26 20:42:36 INFO  no build target found for C:\Users\PC\gest-paiement\gestion-paiements-v2\src\main\java\com\gestionpaiements\app\controller\AjouterPaiementController.java. Using fallback presentation compiler.
2026.08.26 20:42:45 INFO  no build target found for C:\Users\PC\gest-paiement\gestion-paiements-v2\src\main\java\com\gestionpaiements\app\controller\AjouterPaiementController.java. Using fallback presentation compiler.
2026.08.26 20:42:45 INFO  no build target found for C:\Users\PC\gest-paiement\gestion-paiements-v2\src\main\java\com\gestionpaiements\app\controller\AjouterPaiementController.java. Using fallback presentation compiler.
2026.08.26 20:43:05 INFO  no build target found for C:\Users\PC\gest-paiement\gestion-paiements-v2\src\main\java\com\gestionpaiements\app\controller\AjouterPaiementController.java. Using fallback presentation compiler.
2026.08.26 20:43:18 INFO  no build target found for C:\Users\PC\gest-paiement\gestion-paiements-v2\src\main\java\com\gestionpaiements\app\controller\AjouterPaiementController.java. Using fallback presentation compiler.
2026.08.26 20:43:18 INFO  no build target found for C:\Users\PC\gest-paiement\gestion-paiements-v2\src\main\java\com\gestionpaiements\app\controller\AjouterPaiementController.java. Using fallback presentation compiler.
2026.08.26 20:43:18 INFO  no build target found for C:\Users\PC\gest-paiement\gestion-paiements-v2\src\main\java\com\gestionpaiements\app\controller\AjouterPaiementController.java. Using fallback presentation compiler.
2026.08.26 20:43:20 INFO  no build target found for C:\Users\PC\gest-paiement\gestion-paiements-v2\src\main\java\com\gestionpaiements\app\controller\AjouterPaiementController.java. Using fallback presentation compiler.
2026.08.26 20:43:20 INFO  no build target found for C:\Users\PC\gest-paiement\gestion-paiements-v2\src\main\java\com\gestionpaiements\app\controller\AjouterPaiementController.java. Using fallback presentation compiler.
2026.08.26 20:43:21 INFO  no build target found for C:\Users\PC\gest-paiement\gestion-paiements-v2\src\main\java\com\gestionpaiements\app\controller\AjouterPaiementController.java. Using fallback presentation compiler.
2026.08.26 20:43:21 INFO  no build target found for C:\Users\PC\gest-paiement\gestion-paiements-v2\src\main\java\com\gestionpaiements\app\controller\AjouterPaiementController.java. Using fallback presentation compiler.
2026.08.26 20:43:21 INFO  no build target found for C:\Users\PC\gest-paiement\gestion-paiements-v2\src\main\java\com\gestionpaiements\app\controller\AjouterPaiementController.java. Using fallback presentation compiler.
2026.08.26 20:43:21 INFO  no build target found for C:\Users\PC\gest-paiement\gestion-paiements-v2\src\main\java\com\gestionpaiements\app\controller\AjouterPaiementController.java. Using fallback presentation compiler.
2026.08.26 20:43:21 INFO  no build target found for C:\Users\PC\gest-paiement\gestion-paiements-v2\src\main\java\com\gestionpaiements\app\controller\AjouterPaiementController.java. Using fallback presentation compiler.
2026.08.26 20:43:22 INFO  no build target found for C:\Users\PC\gest-paiement\gestion-paiements-v2\src\main\java\com\gestionpaiements\app\controller\AjouterPaiementController.java. Using fallback presentation compiler.
2026.08.26 20:43:22 INFO  no build target found for C:\Users\PC\gest-paiement\gestion-paiements-v2\src\main\java\com\gestionpaiements\app\controller\AjouterPaiementController.java. Using fallback presentation compiler.
2026.08.26 20:43:22 INFO  no build target found for C:\Users\PC\gest-paiement\gestion-paiements-v2\src\main\java\com\gestionpaiements\app\controller\AjouterPaiementController.java. Using fallback presentation compiler.
2026.08.26 20:43:24 INFO  no build target found for C:\Users\PC\gest-paiement\gestion-paiements-v2\src\main\java\com\gestionpaiements\app\controller\AjouterPaiementController.java. Using fallback presentation compiler.
2026.08.26 20:43:24 INFO  no build target found for C:\Users\PC\gest-paiement\gestion-paiements-v2\src\main\java\com\gestionpaiements\app\controller\AjouterPaiementController.java. Using fallback presentation compiler.
2026.08.26 20:43:24 INFO  no build target found for C:\Users\PC\gest-paiement\gestion-paiements-v2\src\main\java\com\gestionpaiements\app\controller\AjouterPaiementController.java. Using fallback presentation compiler.
2026.08.26 20:43:24 INFO  no build target found for C:\Users\PC\gest-paiement\gestion-paiements-v2\src\main\java\com\gestionpaiements\app\controller\AjouterPaiementController.java. Using fallback presentation compiler.
2026.08.26 20:43:24 INFO  no build target found for C:\Users\PC\gest-paiement\gestion-paiements-v2\src\main\java\com\gestionpaiements\app\controller\AjouterPaiementController.java. Using fallback presentation compiler.
2026.08.26 20:43:24 INFO  no build target found for C:\Users\PC\gest-paiement\gestion-paiements-v2\src\main\java\com\gestionpaiements\app\controller\AjouterPaiementController.java. Using fallback presentation compiler.
2026.08.26 20:43:25 INFO  no build target found for C:\Users\PC\gest-paiement\gestion-paiements-v2\src\main\java\com\gestionpaiements\app\controller\AjouterPaiementController.java. Using fallback presentation compiler.
2026.08.26 20:43:26 WARN  no build target for: C:\Users\PC\gest-paiement\gestion-paiements-v2\src\main\java\com\gestionpaiements\app\controller\AjouterPaiementController.java
2026.08.26 20:43:26 INFO  no build target found for C:\Users\PC\gest-paiement\gestion-paiements-v2\src\main\java\com\gestionpaiements\app\controller\AjouterPaiementController.java. Using fallback presentation compiler.
2026.08.26 20:43:41 INFO  no build target found for C:\Users\PC\gest-paiement\gestion-paiements-v2\src\main\java\com\gestionpaiements\app\controller\AjouterPaiementController.java. Using fallback presentation compiler.
2026.08.26 20:43:41 INFO  no build target found for C:\Users\PC\gest-paiement\gestion-paiements-v2\src\main\java\com\gestionpaiements\app\controller\AjouterPaiementController.java. Using fallback presentation compiler.
2026.08.26 20:43:51 INFO  no build target found for C:\Users\PC\gest-paiement\gestion-paiements-v2\src\main\java\com\gestionpaiements\app\controller\AjouterPaiementController.java. Using fallback presentation compiler.
2026.08.26 20:43:51 INFO  no build target found for C:\Users\PC\gest-paiement\gestion-paiements-v2\src\main\java\com\gestionpaiements\app\controller\AjouterPaiementController.java. Using fallback presentation compiler.
2026.08.26 20:43:53 INFO  no build target found for C:\Users\PC\gest-paiement\gestion-paiements-v2\src\main\java\com\gestionpaiements\app\controller\AjouterPaiementController.java. Using fallback presentation compiler.
2026.08.26 20:43:53 INFO  no build target found for C:\Users\PC\gest-paiement\gestion-paiements-v2\src\main\java\com\gestionpaiements\app\controller\AjouterPaiementController.java. Using fallback presentation compiler.
2026.08.26 20:43:53 INFO  no build target found for C:\Users\PC\gest-paiement\gestion-paiements-v2\src\main\java\com\gestionpaiements\app\controller\AjouterPaiementController.java. Using fallback presentation compiler.
2026.08.26 20:43:54 INFO  no build target found for C:\Users\PC\gest-paiement\gestion-paiements-v2\src\main\java\com\gestionpaiements\app\controller\AjouterPaiementController.java. Using fallback presentation compiler.
2026.08.26 20:43:54 INFO  no build target found for C:\Users\PC\gest-paiement\gestion-paiements-v2\src\main\java\com\gestionpaiements\app\controller\AjouterPaiementController.java. Using fallback presentation compiler.
2026.08.26 20:43:54 INFO  no build target found for C:\Users\PC\gest-paiement\gestion-paiements-v2\src\main\java\com\gestionpaiements\app\controller\AjouterPaiementController.java. Using fallback presentation compiler.
2026.08.26 20:43:54 INFO  no build target found for C:\Users\PC\gest-paiement\gestion-paiements-v2\src\main\java\com\gestionpaiements\app\controller\AjouterPaiementController.java. Using fallback presentation compiler.
2026.08.26 20:43:55 INFO  no build target found for C:\Users\PC\gest-paiement\gestion-paiements-v2\src\main\java\com\gestionpaiements\app\controller\AjouterPaiementController.java. Using fallback presentation compiler.
2026.08.26 20:43:55 INFO  no build target found for C:\Users\PC\gest-paiement\gestion-paiements-v2\src\main\java\com\gestionpaiements\app\controller\AjouterPaiementController.java. Using fallback presentation compiler.
2026.08.26 20:43:55 INFO  no build target found for C:\Users\PC\gest-paiement\gestion-paiements-v2\src\main\java\com\gestionpaiements\app\controller\AjouterPaiementController.java. Using fallback presentation compiler.
2026.08.26 20:43:55 INFO  no build target found for C:\Users\PC\gest-paiement\gestion-paiements-v2\src\main\java\com\gestionpaiements\app\controller\AjouterPaiementController.java. Using fallback presentation compiler.
2026.08.26 20:43:57 INFO  no build target found for C:\Users\PC\gest-paiement\gestion-paiements-v2\src\main\java\com\gestionpaiements\app\controller\AjouterPaiementController.java. Using fallback presentation compiler.
2026.08.26 20:43:57 INFO  no build target found for C:\Users\PC\gest-paiement\gestion-paiements-v2\src\main\java\com\gestionpaiements\app\controller\AjouterPaiementController.java. Using fallback presentation compiler.
2026.08.26 20:43:58 INFO  no build target found for C:\Users\PC\gest-paiement\gestion-paiements-v2\src\main\java\com\gestionpaiements\app\controller\AjouterPaiementController.java. Using fallback presentation compiler.
2026.08.26 20:43:58 INFO  no build target found for C:\Users\PC\gest-paiement\gestion-paiements-v2\src\main\java\com\gestionpaiements\app\controller\AjouterPaiementController.java. Using fallback presentation compiler.
2026.08.26 20:43:58 INFO  no build target found for C:\Users\PC\gest-paiement\gestion-paiements-v2\src\main\java\com\gestionpaiements\app\controller\AjouterPaiementController.java. Using fallback presentation compiler.
2026.08.26 20:43:59 INFO  no build target found for C:\Users\PC\gest-paiement\gestion-paiements-v2\src\main\java\com\gestionpaiements\app\controller\AjouterPaiementController.java. Using fallback presentation compiler.
2026.08.26 20:44:00 WARN  no build target for: C:\Users\PC\gest-paiement\gestion-paiements-v2\src\main\java\com\gestionpaiements\app\controller\AjouterPaiementController.java
2026.08.26 20:44:00 INFO  no build target found for C:\Users\PC\gest-paiement\gestion-paiements-v2\src\main\java\com\gestionpaiements\app\controller\AjouterPaiementController.java. Using fallback presentation compiler.
2026.08.26 20:44:19 INFO  no build target found for C:\Users\PC\gest-paiement\gestion-paiements-v2\src\main\java\com\gestionpaiements\app\controller\AjouterPaiementController.java. Using fallback presentation compiler.
2026.08.26 20:44:19 INFO  no build target found for C:\Users\PC\gest-paiement\gestion-paiements-v2\src\main\java\com\gestionpaiements\app\controller\AjouterPaiementController.java. Using fallback presentation compiler.
2026.08.26 20:44:19 INFO  no build target found for C:\Users\PC\gest-paiement\gestion-paiements-v2\src\main\java\com\gestionpaiements\app\controller\AjouterPaiementController.java. Using fallback presentation compiler.
2026.08.26 20:44:30 INFO  no build target found for C:\Users\PC\gest-paiement\gestion-paiements-v2\src\main\java\com\gestionpaiements\app\controller\AjouterPaiementController.java. Using fallback presentation compiler.
2026.08.26 20:44:30 INFO  no build target found for C:\Users\PC\gest-paiement\gestion-paiements-v2\src\main\java\com\gestionpaiements\app\controller\AjouterPaiementController.java. Using fallback presentation compiler.
2026.08.26 20:44:30 INFO  no build target found for C:\Users\PC\gest-paiement\gestion-paiements-v2\src\main\java\com\gestionpaiements\app\controller\AjouterPaiementController.java. Using fallback presentation compiler.
2026.08.26 20:44:31 INFO  no build target found for C:\Users\PC\gest-paiement\gestion-paiements-v2\src\main\java\com\gestionpaiements\app\controller\AjouterPaiementController.java. Using fallback presentation compiler.
2026.08.26 20:44:40 INFO  no build target found for C:\Users\PC\gest-paiement\gestion-paiements-v2\src\main\java\com\gestionpaiements\app\controller\AjouterPaiementController.java. Using fallback presentation compiler.
2026.08.26 20:44:42 INFO  no build target found for C:\Users\PC\gest-paiement\gestion-paiements-v2\src\main\java\com\gestionpaiements\app\controller\AjouterPaiementController.java. Using fallback presentation compiler.
2026.08.26 20:44:42 INFO  no build target found for C:\Users\PC\gest-paiement\gestion-paiements-v2\src\main\java\com\gestionpaiements\app\controller\AjouterPaiementController.java. Using fallback presentation compiler.
2026.08.26 20:44:43 INFO  no build target found for C:\Users\PC\gest-paiement\gestion-paiements-v2\src\main\java\com\gestionpaiements\app\controller\AjouterPaiementController.java. Using fallback presentation compiler.
2026.08.26 20:44:43 INFO  no build target found for C:\Users\PC\gest-paiement\gestion-paiements-v2\src\main\java\com\gestionpaiements\app\controller\AjouterPaiementController.java. Using fallback presentation compiler.
2026.08.26 20:44:43 INFO  no build target found for C:\Users\PC\gest-paiement\gestion-paiements-v2\src\main\java\com\gestionpaiements\app\controller\AjouterPaiementController.java. Using fallback presentation compiler.
2026.08.26 20:44:43 INFO  no build target found for C:\Users\PC\gest-paiement\gestion-paiements-v2\src\main\java\com\gestionpaiements\app\controller\AjouterPaiementController.java. Using fallback presentation compiler.
2026.08.26 20:44:44 INFO  no build target found for C:\Users\PC\gest-paiement\gestion-paiements-v2\src\main\java\com\gestionpaiements\app\controller\AjouterPaiementController.java. Using fallback presentation compiler.
2026.08.26 20:44:44 INFO  no build target found for C:\Users\PC\gest-paiement\gestion-paiements-v2\src\main\java\com\gestionpaiements\app\controller\AjouterPaiementController.java. Using fallback presentation compiler.
2026.08.26 20:44:44 INFO  no build target found for C:\Users\PC\gest-paiement\gestion-paiements-v2\src\main\java\com\gestionpaiements\app\controller\AjouterPaiementController.java. Using fallback presentation compiler.
2026.08.26 20:44:46 INFO  no build target found for C:\Users\PC\gest-paiement\gestion-paiements-v2\src\main\java\com\gestionpaiements\app\controller\AjouterPaiementController.java. Using fallback presentation compiler.
2026.08.26 20:44:46 INFO  no build target found for C:\Users\PC\gest-paiement\gestion-paiements-v2\src\main\java\com\gestionpaiements\app\controller\AjouterPaiementController.java. Using fallback presentation compiler.
2026.08.26 20:44:46 INFO  no build target found for C:\Users\PC\gest-paiement\gestion-paiements-v2\src\main\java\com\gestionpaiements\app\controller\AjouterPaiementController.java. Using fallback presentation compiler.
2026.08.26 20:44:47 INFO  no build target found for C:\Users\PC\gest-paiement\gestion-paiements-v2\src\main\java\com\gestionpaiements\app\controller\AjouterPaiementController.java. Using fallback presentation compiler.
2026.08.26 20:44:47 INFO  no build target found for C:\Users\PC\gest-paiement\gestion-paiements-v2\src\main\java\com\gestionpaiements\app\controller\AjouterPaiementController.java. Using fallback presentation compiler.
2026.08.26 20:44:47 INFO  no build target found for C:\Users\PC\gest-paiement\gestion-paiements-v2\src\main\java\com\gestionpaiements\app\controller\AjouterPaiementController.java. Using fallback presentation compiler.
2026.08.26 20:44:47 INFO  no build target found for C:\Users\PC\gest-paiement\gestion-paiements-v2\src\main\java\com\gestionpaiements\app\controller\AjouterPaiementController.java. Using fallback presentation compiler.
2026.08.26 20:44:47 INFO  no build target found for C:\Users\PC\gest-paiement\gestion-paiements-v2\src\main\java\com\gestionpaiements\app\controller\AjouterPaiementController.java. Using fallback presentation compiler.
2026.08.26 20:44:47 INFO  no build target found for C:\Users\PC\gest-paiement\gestion-paiements-v2\src\main\java\com\gestionpaiements\app\controller\AjouterPaiementController.java. Using fallback presentation compiler.
2026.08.26 20:44:48 INFO  no build target found for C:\Users\PC\gest-paiement\gestion-paiements-v2\src\main\java\com\gestionpaiements\app\controller\AjouterPaiementController.java. Using fallback presentation compiler.
2026.08.26 20:44:48 INFO  no build target found for C:\Users\PC\gest-paiement\gestion-paiements-v2\src\main\java\com\gestionpaiements\app\controller\AjouterPaiementController.java. Using fallback presentation compiler.
2026.08.26 20:44:48 INFO  no build target found for C:\Users\PC\gest-paiement\gestion-paiements-v2\src\main\java\com\gestionpaiements\app\controller\AjouterPaiementController.java. Using fallback presentation compiler.
2026.08.26 20:44:48 INFO  no build target found for C:\Users\PC\gest-paiement\gestion-paiements-v2\src\main\java\com\gestionpaiements\app\controller\AjouterPaiementController.java. Using fallback presentation compiler.
2026.08.26 20:44:59 INFO  no build target found for C:\Users\PC\gest-paiement\gestion-paiements-v2\src\main\java\com\gestionpaiements\app\controller\AjouterPaiementController.java. Using fallback presentation compiler.
2026.08.26 20:44:59 INFO  no build target found for C:\Users\PC\gest-paiement\gestion-paiements-v2\src\main\java\com\gestionpaiements\app\controller\AjouterPaiementController.java. Using fallback presentation compiler.
2026.08.26 20:45:05 INFO  no build target found for C:\Users\PC\gest-paiement\gestion-paiements-v2\src\main\java\com\gestionpaiements\app\controller\AjouterPaiementController.java. Using fallback presentation compiler.
2026.08.26 20:45:05 INFO  no build target found for C:\Users\PC\gest-paiement\gestion-paiements-v2\src\main\java\com\gestionpaiements\app\controller\AjouterPaiementController.java. Using fallback presentation compiler.
2026.08.26 20:45:05 INFO  no build target found for C:\Users\PC\gest-paiement\gestion-paiements-v2\src\main\java\com\gestionpaiements\app\controller\AjouterPaiementController.java. Using fallback presentation compiler.
2026.08.26 20:45:06 INFO  no build target found for C:\Users\PC\gest-paiement\gestion-paiements-v2\src\main\java\com\gestionpaiements\app\controller\AjouterPaiementController.java. Using fallback presentation compiler.
2026.08.26 20:45:06 INFO  no build target found for C:\Users\PC\gest-paiement\gestion-paiements-v2\src\main\java\com\gestionpaiements\app\controller\AjouterPaiementController.java. Using fallback presentation compiler.
2026.08.26 20:45:06 INFO  no build target found for C:\Users\PC\gest-paiement\gestion-paiements-v2\src\main\java\com\gestionpaiements\app\controller\AjouterPaiementController.java. Using fallback presentation compiler.
2026.08.26 20:45:08 INFO  no build target found for C:\Users\PC\gest-paiement\gestion-paiements-v2\src\main\java\com\gestionpaiements\app\controller\AjouterPaiementController.java. Using fallback presentation compiler.
2026.08.26 20:45:08 INFO  no build target found for C:\Users\PC\gest-paiement\gestion-paiements-v2\src\main\java\com\gestionpaiements\app\controller\AjouterPaiementController.java. Using fallback presentation compiler.
2026.08.26 20:45:08 INFO  no build target found for C:\Users\PC\gest-paiement\gestion-paiements-v2\src\main\java\com\gestionpaiements\app\controller\AjouterPaiementController.java. Using fallback presentation compiler.
2026.08.26 20:45:08 INFO  no build target found for C:\Users\PC\gest-paiement\gestion-paiements-v2\src\main\java\com\gestionpaiements\app\controller\AjouterPaiementController.java. Using fallback presentation compiler.
2026.08.26 20:45:08 INFO  no build target found for C:\Users\PC\gest-paiement\gestion-paiements-v2\src\main\java\com\gestionpaiements\app\controller\AjouterPaiementController.java. Using fallback presentation compiler.
2026.08.26 20:45:09 INFO  no build target found for C:\Users\PC\gest-paiement\gestion-paiements-v2\src\main\java\com\gestionpaiements\app\controller\AjouterPaiementController.java. Using fallback presentation compiler.
2026.08.26 20:45:09 INFO  no build target found for C:\Users\PC\gest-paiement\gestion-paiements-v2\src\main\java\com\gestionpaiements\app\controller\AjouterPaiementController.java. Using fallback presentation compiler.
2026.08.26 20:45:09 INFO  no build target found for C:\Users\PC\gest-paiement\gestion-paiements-v2\src\main\java\com\gestionpaiements\app\controller\AjouterPaiementController.java. Using fallback presentation compiler.
2026.08.26 20:45:10 INFO  no build target found for C:\Users\PC\gest-paiement\gestion-paiements-v2\src\main\java\com\gestionpaiements\app\controller\AjouterPaiementController.java. Using fallback presentation compiler.
2026.08.26 20:45:10 INFO  no build target found for C:\Users\PC\gest-paiement\gestion-paiements-v2\src\main\java\com\gestionpaiements\app\controller\AjouterPaiementController.java. Using fallback presentation compiler.
2026.08.26 20:45:10 INFO  no build target found for C:\Users\PC\gest-paiement\gestion-paiements-v2\src\main\java\com\gestionpaiements\app\controller\AjouterPaiementController.java. Using fallback presentation compiler.
2026.08.26 20:45:10 INFO  no build target found for C:\Users\PC\gest-paiement\gestion-paiements-v2\src\main\java\com\gestionpaiements\app\controller\AjouterPaiementController.java. Using fallback presentation compiler.
2026.08.26 20:45:10 INFO  no build target found for C:\Users\PC\gest-paiement\gestion-paiements-v2\src\main\java\com\gestionpaiements\app\controller\AjouterPaiementController.java. Using fallback presentation compiler.
2026.08.26 20:45:11 INFO  no build target found for C:\Users\PC\gest-paiement\gestion-paiements-v2\src\main\java\com\gestionpaiements\app\controller\AjouterPaiementController.java. Using fallback presentation compiler.
2026.08.26 20:45:11 INFO  no build target found for C:\Users\PC\gest-paiement\gestion-paiements-v2\src\main\java\com\gestionpaiements\app\controller\AjouterPaiementController.java. Using fallback presentation compiler.
2026.08.26 20:45:11 INFO  no build target found for C:\Users\PC\gest-paiement\gestion-paiements-v2\src\main\java\com\gestionpaiements\app\controller\AjouterPaiementController.java. Using fallback presentation compiler.
2026.08.26 20:45:12 WARN  no build target for: C:\Users\PC\gest-paiement\gestion-paiements-v2\src\main\java\com\gestionpaiements\app\controller\AjouterPaiementController.java
2026.08.26 20:45:12 INFO  no build target found for C:\Users\PC\gest-paiement\gestion-paiements-v2\src\main\java\com\gestionpaiements\app\controller\AjouterPaiementController.java. Using fallback presentation compiler.
2026.08.26 20:45:13 INFO  no build target found for C:\Users\PC\gest-paiement\gestion-paiements-v2\src\main\java\com\gestionpaiements\app\controller\AjouterPaiementController.java. Using fallback presentation compiler.
2026.08.26 20:47:22 INFO  Shutting down server
2026.08.26 20:47:22 INFO  Memory monitor stopped
2026.08.26 20:47:22 INFO  shutting down Metals
2026.08.26 22:00:59 INFO  Started: Metals version 1.6.8 in folders 'C:\Users\PC\gest-paiement\gestion-paiements-v2' for client Visual Studio Code 1.134.0.
2026.08.26 22:00:59 INFO  Memory monitor started
2026.08.26 22:01:00 WARN  Using H2 2.4.240 which is newer than the version Flyway has been verified with. The latest verified version of H2 is 2.3.232.
2026.08.26 22:01:00 INFO  no build target found for C:\Users\PC\gest-paiement\gestion-paiements-v2\src\main\java\com\gestionpaiements\app\controller\PaiementListController.java. Using fallback presentation compiler.
2026.08.26 22:01:02 INFO  no build target found for C:\Users\PC\gest-paiement\gestion-paiements-v2\src\main\java\com\gestionpaiements\app\controller\PaiementListController.java. Using fallback presentation compiler.
2026.08.26 22:01:07 WARN  no build target for: C:\Users\PC\gest-paiement\gestion-paiements-v2\src\main\java\com\gestionpaiements\app\controller\PaiementListController.java
2026.08.26 22:01:07 WARN  no build target for: C:\Users\PC\gest-paiement\gestion-paiements-v2\src\main\java\com\gestionpaiements\app\service\PaiementService.java
2026.08.26 22:01:07 WARN  no build target for: C:\Users\PC\gest-paiement\gestion-paiements-v2\src\main\java\com\gestionpaiements\app\controller\AjouterPaiementController.java
2026.08.26 22:01:07 INFO  no build target found for C:\Users\PC\gest-paiement\gestion-paiements-v2\src\main\java\com\gestionpaiements\app\controller\PaiementListController.java. Using fallback presentation compiler.
2026.08.26 22:01:09 INFO  time: code lens generation in 1.86s
2026.08.26 22:01:09 INFO  no build target found for C:\Users\PC\gest-paiement\gestion-paiements-v2\src\main\java\com\gestionpaiements\app\controller\PaiementListController.java. Using fallback presentation compiler.
2026.08.26 22:01:12 INFO  no build target found for C:\Users\PC\gest-paiement\gestion-paiements-v2\src\main\java\com\gestionpaiements\app\controller\PaiementListController.java. Using fallback presentation compiler.
2026.08.26 22:01:13 INFO  no build target found for C:\Users\PC\gest-paiement\gestion-paiements-v2\src\main\java\com\gestionpaiements\app\controller\PaiementListController.java. Using fallback presentation compiler.
2026.08.26 22:01:16 INFO  no build target found for C:\Users\PC\gest-paiement\gestion-paiements-v2\src\main\java\com\gestionpaiements\app\controller\PaiementListController.java. Using fallback presentation compiler.
août 26, 2026 10:01:17 PM org.eclipse.lsp4j.jsonrpc.RemoteEndpoint handleCancellation
AVERTISSEMENT: Unmatched cancel notification for request id 14
2026.08.26 22:01:16 INFO  no build target found for C:\Users\PC\gest-paiement\gestion-paiements-v2\src\main\java\com\gestionpaiements\app\controller\PaiementListController.java. Using fallback presentation compiler.
2026.08.26 22:01:24 INFO  no build target found for C:\Users\PC\gest-paiement\gestion-paiements-v2\src\main\java\com\gestionpaiements\app\controller\PaiementListController.java. Using fallback presentation compiler.
2026.08.26 22:01:30 INFO  no build target found for C:\Users\PC\gest-paiement\gestion-paiements-v2\src\main\java\com\gestionpaiements\app\controller\PaiementListController.java. Using fallback presentation compiler.
août 26, 2026 10:01:30 PM org.eclipse.lsp4j.jsonrpc.RemoteEndpoint handleCancellation
AVERTISSEMENT: Unmatched cancel notification for request id 22
2026.08.26 22:01:35 INFO  no build target found for C:\Users\PC\gest-paiement\gestion-paiements-v2\src\main\java\com\gestionpaiements\app\controller\PaiementListController.java. Using fallback presentation compiler.
2026.08.26 22:01:35 INFO  no build target found for C:\Users\PC\gest-paiement\gestion-paiements-v2\src\main\java\com\gestionpaiements\app\controller\PaiementListController.java. Using fallback presentation compiler.
2026.08.26 22:01:37 INFO  no build target found for C:\Users\PC\gest-paiement\gestion-paiements-v2\src\main\java\com\gestionpaiements\app\controller\PaiementListController.java. Using fallback presentation compiler.
2026.08.26 22:01:37 INFO  no build target found for C:\Users\PC\gest-paiement\gestion-paiements-v2\src\main\java\com\gestionpaiements\app\controller\PaiementListController.java. Using fallback presentation compiler.
2026.08.26 22:01:44 INFO  no build target found for C:\Users\PC\gest-paiement\gestion-paiements-v2\src\main\java\com\gestionpaiements\app\controller\PaiementListController.java. Using fallback presentation compiler.
2026.08.26 22:01:47 INFO  no build target found for C:\Users\PC\gest-paiement\gestion-paiements-v2\src\main\java\com\gestionpaiements\app\controller\PaiementListController.java. Using fallback presentation compiler.
2026.08.26 22:01:47 INFO  no build target found for C:\Users\PC\gest-paiement\gestion-paiements-v2\src\main\java\com\gestionpaiements\app\controller\PaiementListController.java. Using fallback presentation compiler.
2026.08.26 22:01:48 INFO  no build target found for C:\Users\PC\gest-paiement\gestion-paiements-v2\src\main\java\com\gestionpaiements\app\controller\PaiementListController.java. Using fallback presentation compiler.
2026.08.26 22:01:48 WARN  no build target for: C:\Users\PC\gest-paiement\gestion-paiements-v2\src\main\java\com\gestionpaiements\app\controller\PaiementListController.java
2026.08.26 22:01:51 INFO  no build target found for C:\Users\PC\gest-paiement\gestion-paiements-v2\src\main\java\com\gestionpaiements\app\controller\PaiementListController.java. Using fallback presentation compiler.
2026.08.26 22:01:55 INFO  no build target found for C:\Users\PC\gest-paiement\gestion-paiements-v2\src\main\java\com\gestionpaiements\app\service\PaiementService.java. Using fallback presentation compiler.
2026.08.26 22:01:55 INFO  no build target found for C:\Users\PC\gest-paiement\gestion-paiements-v2\src\main\java\com\gestionpaiements\app\controller\AjouterPaiementController.java. Using fallback presentation compiler.
2026.08.26 22:01:55 INFO  no build target found for C:\Users\PC\gest-paiement\gestion-paiements-v2\src\main\java\com\gestionpaiements\app\controller\PaiementListController.java. Using fallback presentation compiler.
2026.08.26 22:06:53 INFO  Shutting down server
2026.08.26 22:06:53 INFO  Memory monitor stopped
2026.08.26 22:06:53 INFO  shutting down Metals
2026.08.26 22:06:53 INFO  Exiting server
